id,batchID,batchIDLastChangedAt,gameID,gameIDLastChangedAt,playerID,playerIDLastChangedAt,roundID,roundIDLastChangedAt,stageID,stageIDLastChangedAt
01JV5S9NJEGJJTZWN7VMSM9TWP,01JV5S3T19EAW34WFR0ECGTM54,2025-05-13T17:37:31.214752-04:00,01JV5S3T1JMTFXNGMH30S9C05H,2025-05-13T17:37:31.214752-04:00,01JV5S45XE2BF2GQK7P5P96TTX,2025-05-13T17:37:31.214752-04:00,01JV5S9NG1YV8ZAZWK639JQB3G,2025-05-13T17:37:31.214752-04:00,01JV5S9NG7JS2QBGGS5R8KDMKM,2025-05-13T17:37:31.214752-04:00
01JV5SDAS8C7DV3MZ7P9N5RF49,01JV5S3T19EAW34WFR0ECGTM54,2025-05-13T17:39:31.240367-04:00,01JV5S3T1JMTFXNGMH30S9C05H,2025-05-13T17:39:31.240367-04:00,01JV5S45XE2BF2GQK7P5P96TTX,2025-05-13T17:39:31.240367-04:00,01JV5S9NG1YV8ZAZWK6HC5CFMP,2025-05-13T17:39:31.240367-04:00,01JV5S9NGASYHSKPC6J4BXTNW4,2025-05-13T17:39:31.240367-04:00
01JV5SDAS8C7DV3MZ7PPZ1WBAY,01JV5S3T19EAW34WFR0ECGTM54,2025-05-13T17:39:31.240458-04:00,01JV5S3T1JMTFXNGMH30S9C05H,2025-05-13T17:39:31.240458-04:00,01JV5S8SX260XXKWNW5Y0PS66H,2025-05-13T17:39:31.240458-04:00,01JV5S9NG1YV8ZAZWK6HC5CFMP,2025-05-13T17:39:31.240458-04:00,01JV5S9NGASYHSKPC6J4BXTNW4,2025-05-13T17:39:31.240458-04:00
01JV5SMN6R6C6WVH91V6RFT5EA,01JV5S3T19EAW34WFR0ECGTM54,2025-05-13T17:43:31.288047-04:00,01JV5S3T1JMTFXNGMH30S9C05H,2025-05-13T17:43:31.288047-04:00,01JV5S8SX260XXKWNW5Y0PS66H,2025-05-13T17:43:31.288047-04:00,01JV5S9NG2HB0R4VT6CGFX3H88,2025-05-13T17:43:31.288047-04:00,01JV5S9NGGEWRX9TH8HC6QWCJD,2025-05-13T17:43:31.288047-04:00
01JV5SRADG9H6SFCNGS4G95QFG,01JV5S3T19EAW34WFR0ECGTM54,2025-05-13T17:45:31.312466-04:00,01JV5S3T1JMTFXNGMH30S9C05H,2025-05-13T17:45:31.312466-04:00,01JV5S8SX260XXKWNW5Y0PS66H,2025-05-13T17:45:31.312466-04:00,01JV5S9NG2HB0R4VT6CX06GP8D,2025-05-13T17:45:31.312466-04:00,01JV5S9NGKM0MW1TDSCG3XGWB3,2025-05-13T17:45:31.312466-04:00
01JV5SRADG9H6SFCNGSFWPAAEJ,01JV5S3T19EAW34WFR0ECGTM54,2025-05-13T17:45:31.312544-04:00,01JV5S3T1JMTFXNGMH30S9C05H,2025-05-13T17:45:31.312544-04:00,01JV5S45XE2BF2GQK7P5P96TTX,2025-05-13T17:45:31.312544-04:00,01JV5S9NG2HB0R4VT6CX06GP8D,2025-05-13T17:45:31.312544-04:00,01JV5S9NGKM0MW1TDSCG3XGWB3,2025-05-13T17:45:31.312544-04:00
01JV5SVZM4FETF1NH0HDE4G2R0,01JV5S3T19EAW34WFR0ECGTM54,2025-05-13T17:47:31.332857-04:00,01JV5S3T1JMTFXNGMH30S9C05H,2025-05-13T17:47:31.332857-04:00,01JV5S8SX260XXKWNW5Y0PS66H,2025-05-13T17:47:31.332857-04:00,01JV5S9NG3XHBXB56K5Q3B8XM7,2025-05-13T17:47:31.332857-04:00,01JV5S9NGP5XYYD1SJEPKK2CWP,2025-05-13T17:47:31.332857-04:00
01JV5S9NJEGJJTZWN7W4DEFQKT,01JV5S3T19EAW34WFR0ECGTM54,2025-05-13T17:37:31.214855-04:00,01JV5S3T1JMTFXNGMH30S9C05H,2025-05-13T17:37:31.214855-04:00,01JV5S8SX260XXKWNW5Y0PS66H,2025-05-13T17:37:31.214855-04:00,01JV5S9NG1YV8ZAZWK639JQB3G,2025-05-13T17:37:31.214855-04:00,01JV5S9NG7JS2QBGGS5R8KDMKM,2025-05-13T17:37:31.214855-04:00
01JV5SH000EBN1GG2WHHPPT6ZA,01JV5S3T19EAW34WFR0ECGTM54,2025-05-13T17:41:31.264032-04:00,01JV5S3T1JMTFXNGMH30S9C05H,2025-05-13T17:41:31.264032-04:00,01JV5S45XE2BF2GQK7P5P96TTX,2025-05-13T17:41:31.264032-04:00,01JV5S9NG2HB0R4VT6BXWXCF0S,2025-05-13T17:41:31.264032-04:00,01JV5S9NGDYB164JES8YGSPBAT,2025-05-13T17:41:31.264032-04:00
01JV5SH000EBN1GG2WJ2TF5ZQ6,01JV5S3T19EAW34WFR0ECGTM54,2025-05-13T17:41:31.264106-04:00,01JV5S3T1JMTFXNGMH30S9C05H,2025-05-13T17:41:31.264106-04:00,01JV5S8SX260XXKWNW5Y0PS66H,2025-05-13T17:41:31.264106-04:00,01JV5S9NG2HB0R4VT6BXWXCF0S,2025-05-13T17:41:31.264106-04:00,01JV5S9NGDYB164JES8YGSPBAT,2025-05-13T17:41:31.264106-04:00
01JV5SMN6QBMY0EKEYVJB1AAW0,01JV5S3T19EAW34WFR0ECGTM54,2025-05-13T17:43:31.287962-04:00,01JV5S3T1JMTFXNGMH30S9C05H,2025-05-13T17:43:31.287962-04:00,01JV5S45XE2BF2GQK7P5P96TTX,2025-05-13T17:43:31.287962-04:00,01JV5S9NG2HB0R4VT6CGFX3H88,2025-05-13T17:43:31.287962-04:00,01JV5S9NGGEWRX9TH8HC6QWCJD,2025-05-13T17:43:31.287962-04:00
01JV5SVZM4FETF1NH0HP5HJ1Y1,01JV5S3T19EAW34WFR0ECGTM54,2025-05-13T17:47:31.332928-04:00,01JV5S3T1JMTFXNGMH30S9C05H,2025-05-13T17:47:31.332928-04:00,01JV5S45XE2BF2GQK7P5P96TTX,2025-05-13T17:47:31.332928-04:00,01JV5S9NG3XHBXB56K5Q3B8XM7,2025-05-13T17:47:31.332928-04:00,01JV5S9NGP5XYYD1SJEPKK2CWP,2025-05-13T17:47:31.332928-04:00
