id,batchID,batchIDLastChangedAt,gameID,gameIDLastChangedAt,playerID,playerIDLastChangedAt,roundID,roundIDLastChangedAt
01JV5S9NJ7QGKFJKQYA69YMMSB,01JV5S3T19EAW34WFR0ECGTM54,2025-05-13T17:37:31.207068-04:00,01JV5S3T1JMTFXNGMH30S9C05H,2025-05-13T17:37:31.207068-04:00,01JV5S45XE2BF2GQK7P5P96TTX,2025-05-13T17:37:31.207068-04:00,01JV5S9NG1YV8ZAZWK639JQB3G,2025-05-13T17:37:31.207068-04:00
01JV5S9NJ7QGKFJKQYAF4STPS2,01JV5S3T19EAW34WFR0ECGTM54,2025-05-13T17:37:31.207112-04:00,01JV5S3T1JMTFXNGMH30S9C05H,2025-05-13T17:37:31.207112-04:00,01JV5S8SX260XXKWNW5Y0PS66H,2025-05-13T17:37:31.207112-04:00,01JV5S9NG1YV8ZAZWK639JQB3G,2025-05-13T17:37:31.207112-04:00
01JV5SDAS249Y50492YAZNCZHR,01JV5S3T19EAW34WFR0ECGTM54,2025-05-13T17:39:31.234326-04:00,01JV5S3T1JMTFXNGMH30S9C05H,2025-05-13T17:39:31.234326-04:00,01JV5S8SX260XXKWNW5Y0PS66H,2025-05-13T17:39:31.234326-04:00,01JV5S9NG1YV8ZAZWK6HC5CFMP,2025-05-13T17:39:31.234326-04:00
01JV5SMN6JMM77EHT0KC1A8K0X,01JV5S3T19EAW34WFR0ECGTM54,2025-05-13T17:43:31.282118-04:00,01JV5S3T1JMTFXNGMH30S9C05H,2025-05-13T17:43:31.282118-04:00,01JV5S8SX260XXKWNW5Y0PS66H,2025-05-13T17:43:31.282118-04:00,01JV5S9NG2HB0R4VT6CGFX3H88,2025-05-13T17:43:31.282118-04:00
01JV5SRADA0CK315WAFT2T11J2,01JV5S3T19EAW34WFR0ECGTM54,2025-05-13T17:45:31.306798-04:00,01JV5S3T1JMTFXNGMH30S9C05H,2025-05-13T17:45:31.306798-04:00,01JV5S45XE2BF2GQK7P5P96TTX,2025-05-13T17:45:31.306798-04:00,01JV5S9NG2HB0R4VT6CX06GP8D,2025-05-13T17:45:31.306798-04:00
01JV5SDAS249Y50492XZWJVG71,01JV5S3T19EAW34WFR0ECGTM54,2025-05-13T17:39:31.234084-04:00,01JV5S3T1JMTFXNGMH30S9C05H,2025-05-13T17:39:31.234084-04:00,01JV5S45XE2BF2GQK7P5P96TTX,2025-05-13T17:39:31.234084-04:00,01JV5S9NG1YV8ZAZWK6HC5CFMP,2025-05-13T17:39:31.234084-04:00
01JV5SGZZS97RJ39WGFHK38ATN,01JV5S3T19EAW34WFR0ECGTM54,2025-05-13T17:41:31.257999-04:00,01JV5S3T1JMTFXNGMH30S9C05H,2025-05-13T17:41:31.257999-04:00,01JV5S8SX260XXKWNW5Y0PS66H,2025-05-13T17:41:31.257999-04:00,01JV5S9NG2HB0R4VT6BXWXCF0S,2025-05-13T17:41:31.257999-04:00
01JV5SGZZTC5HC7MXE5BSZVHX1,01JV5S3T19EAW34WFR0ECGTM54,2025-05-13T17:41:31.258086-04:00,01JV5S3T1JMTFXNGMH30S9C05H,2025-05-13T17:41:31.258086-04:00,01JV5S45XE2BF2GQK7P5P96TTX,2025-05-13T17:41:31.258086-04:00,01JV5S9NG2HB0R4VT6BXWXCF0S,2025-05-13T17:41:31.258086-04:00
01JV5SMN6JMM77EHT0KMMRE91E,01JV5S3T19EAW34WFR0ECGTM54,2025-05-13T17:43:31.282192-04:00,01JV5S3T1JMTFXNGMH30S9C05H,2025-05-13T17:43:31.282192-04:00,01JV5S45XE2BF2GQK7P5P96TTX,2025-05-13T17:43:31.282192-04:00,01JV5S9NG2HB0R4VT6CGFX3H88,2025-05-13T17:43:31.282192-04:00
01JV5SRADA0CK315WAG0ZG60GN,01JV5S3T19EAW34WFR0ECGTM54,2025-05-13T17:45:31.306889-04:00,01JV5S3T1JMTFXNGMH30S9C05H,2025-05-13T17:45:31.306889-04:00,01JV5S8SX260XXKWNW5Y0PS66H,2025-05-13T17:45:31.306889-04:00,01JV5S9NG2HB0R4VT6CX06GP8D,2025-05-13T17:45:31.306889-04:00
01JV5SVZKZ04KVN46EY7MM809N,01JV5S3T19EAW34WFR0ECGTM54,2025-05-13T17:47:31.327227-04:00,01JV5S3T1JMTFXNGMH30S9C05H,2025-05-13T17:47:31.327227-04:00,01JV5S45XE2BF2GQK7P5P96TTX,2025-05-13T17:47:31.327227-04:00,01JV5S9NG3XHBXB56K5Q3B8XM7,2025-05-13T17:47:31.327227-04:00
01JV5SVZKZ04KVN46EYGMJWVZY,01JV5S3T19EAW34WFR0ECGTM54,2025-05-13T17:47:31.327304-04:00,01JV5S3T1JMTFXNGMH30S9C05H,2025-05-13T17:47:31.327304-04:00,01JV5S8SX260XXKWNW5Y0PS66H,2025-05-13T17:47:31.327304-04:00,01JV5S9NG3XHBXB56K5Q3B8XM7,2025-05-13T17:47:31.327304-04:00
