id,batchID,batchIDLastChangedAt,gameID,gameIDLastChangedAt,playerID,playerIDLastChangedAt,roundID,roundIDLastChangedAt,stageID,stageIDLastChangedAt
01JVN90A12253V95G9HRBK1JYA,01JVN8VJ35PJD341YQ0J66MCYY,2025-05-19T18:00:38.178639-04:00,01JVN8VJ3PQ3S4BWSDKDQD5RHY,2025-05-19T18:00:38.178639-04:00,01JVN8VZXVX892MFJ7A9JC8PF9,2025-05-19T18:00:38.178639-04:00,01JVN8WMPYA0GXED1W1514HH5X,2025-05-19T18:00:38.178639-04:00,01JVN8WMQC0B4GAYEFCHSV3AAB,2025-05-19T18:00:38.178639-04:00
01JVN94HEVB54S7HMK3YF0KZD6,01JVN8Z88S67YAE05FDNQCM3KZ,2025-05-19T18:02:56.859722-04:00,01JVN8Z8970RRQBCQ4NHXCA40B,2025-05-19T18:02:56.859722-04:00,01JVN8ZRQVQ8YAJ4AQ4K8YX4M8,2025-05-19T18:02:56.859722-04:00,01JVN90W4SWBHSP889MCZ50CM9,2025-05-19T18:02:56.859722-04:00,01JVN90W55CNF9X8Y3WFGDS5QB,2025-05-19T18:02:56.859722-04:00
01JVN97MFREC86ACCZHDVDFV7X,01JVN8VJ35PJD341YQ0J66MCYY,2025-05-19T18:04:38.264498-04:00,01JVN8VJ3PQ3S4BWSDKDQD5RHY,2025-05-19T18:04:38.264498-04:00,01JVN8WG635566VH9KHQ4E19EH,2025-05-19T18:04:38.264498-04:00,01JVN8WMPZ5F3V8PXP0ZHETZ6W,2025-05-19T18:04:38.264498-04:00,01JVN8WMQMS2RXGWKNK6P1AYN1,2025-05-19T18:04:38.264498-04:00
01JVN9B9Q3PRGH8ZPJ7DPRT3E0,01JVN8VJ35PJD341YQ0J66MCYY,2025-05-19T18:06:38.307397-04:00,01JVN8VJ3PQ3S4BWSDKDQD5RHY,2025-05-19T18:06:38.307397-04:00,01JVN8WG635566VH9KHQ4E19EH,2025-05-19T18:06:38.307397-04:00,01JVN8WMPZ5F3V8PXP1T73PGM4,2025-05-19T18:06:38.307397-04:00,01JVN8WMQQ0WM6SWZ36NAE04VR,2025-05-19T18:06:38.307397-04:00
01JVN9K6C03CKFVP06KFD3M4DD,01JVN8Z88S67YAE05FDNQCM3KZ,2025-05-19T18:10:57.024018-04:00,01JVN8Z8970RRQBCQ4NHXCA40B,2025-05-19T18:10:57.024018-04:00,01JVN90R2MFPH7EJ8DBKJMSJ85,2025-05-19T18:10:57.024018-04:00,01JVN90W4W4BQ059HRSJAWDRR2,2025-05-19T18:10:57.024018-04:00,01JVN90W5KYC3SN1C7G4G2BQEG,2025-05-19T18:10:57.024018-04:00
01JVN8WMSRENTTMHEPMKXAAPVT,01JVN8VJ35PJD341YQ0J66MCYY,2025-05-19T17:58:38.13695-04:00,01JVN8VJ3PQ3S4BWSDKDQD5RHY,2025-05-19T17:58:38.13695-04:00,01JVN8VZXVX892MFJ7A9JC8PF9,2025-05-19T17:58:38.13695-04:00,01JVN8WMPYA0GXED1W0GSY4XSY,2025-05-19T17:58:38.13695-04:00,01JVN8WMQ7NY7SKH0PWZ3Z0VD4,2025-05-19T17:58:38.13695-04:00
01JVN90A12253V95G9J6B0EW8J,01JVN8VJ35PJD341YQ0J66MCYY,2025-05-19T18:00:38.178757-04:00,01JVN8VJ3PQ3S4BWSDKDQD5RHY,2025-05-19T18:00:38.178757-04:00,01JVN8WG635566VH9KHQ4E19EH,2025-05-19T18:00:38.178757-04:00,01JVN8WMPYA0GXED1W1514HH5X,2025-05-19T18:00:38.178757-04:00,01JVN8WMQC0B4GAYEFCHSV3AAB,2025-05-19T18:00:38.178757-04:00
01JVN90W7FTD5G49BGWXQ11EDG,01JVN8Z88S67YAE05FDNQCM3KZ,2025-05-19T18:00:56.815515-04:00,01JVN8Z8970RRQBCQ4NHXCA40B,2025-05-19T18:00:56.815515-04:00,01JVN90R2MFPH7EJ8DBKJMSJ85,2025-05-19T18:00:56.815515-04:00,01JVN90W4SWBHSP889KTFK4FB2,2025-05-19T18:00:56.815515-04:00,01JVN90W51SY6PG2SCB5CAT2C0,2025-05-19T18:00:56.815515-04:00
01JVN93Z8D1Y0VKKZNP8MWNWXJ,01JVN8VJ35PJD341YQ0J66MCYY,2025-05-19T18:02:38.221774-04:00,01JVN8VJ3PQ3S4BWSDKDQD5RHY,2025-05-19T18:02:38.221774-04:00,01JVN8WG635566VH9KHQ4E19EH,2025-05-19T18:02:38.221774-04:00,01JVN8WMPZ5F3V8PXP1DMYXM60,2025-05-19T18:02:38.221774-04:00,01JVN8WMQG62MFFSG46N6S24Z1,2025-05-19T18:02:38.221774-04:00
01JVN97MFREC86ACCZHQPZ73N7,01JVN8VJ35PJD341YQ0J66MCYY,2025-05-19T18:04:38.264622-04:00,01JVN8VJ3PQ3S4BWSDKDQD5RHY,2025-05-19T18:04:38.264622-04:00,01JVN8VZXVX892MFJ7A9JC8PF9,2025-05-19T18:04:38.264622-04:00,01JVN8WMPZ5F3V8PXP0ZHETZ6W,2025-05-19T18:04:38.264622-04:00,01JVN8WMQMS2RXGWKNK6P1AYN1,2025-05-19T18:04:38.264622-04:00
01JVN986P73Y7W45AS1KBWDWVR,01JVN8Z88S67YAE05FDNQCM3KZ,2025-05-19T18:04:56.903526-04:00,01JVN8Z8970RRQBCQ4NHXCA40B,2025-05-19T18:04:56.903526-04:00,01JVN8ZRQVQ8YAJ4AQ4K8YX4M8,2025-05-19T18:04:56.903526-04:00,01JVN90W4T225B8RQDSJX8SFDZ,2025-05-19T18:04:56.903526-04:00,01JVN90W59A8A8NKFWZBKJYKHT,2025-05-19T18:04:56.903526-04:00
01JVN9BVXJ81FPM8KA9QVBWEYZ,01JVN8Z88S67YAE05FDNQCM3KZ,2025-05-19T18:06:56.9468-04:00,01JVN8Z8970RRQBCQ4NHXCA40B,2025-05-19T18:06:56.9468-04:00,01JVN90R2MFPH7EJ8DBKJMSJ85,2025-05-19T18:06:56.9468-04:00,01JVN90W4T225B8RQDT13HJPPB,2025-05-19T18:06:56.9468-04:00,01JVN90W5D5GVHHDY3TX35JMCA,2025-05-19T18:06:56.9468-04:00
01JVN9EYYHF1ANTPZPCEFK7H9T,01JVN8VJ35PJD341YQ0J66MCYY,2025-05-19T18:08:38.353044-04:00,01JVN8VJ3PQ3S4BWSDKDQD5RHY,2025-05-19T18:08:38.353044-04:00,01JVN8VZXVX892MFJ7A9JC8PF9,2025-05-19T18:08:38.353044-04:00,01JVN8WMQ093BY8H1JJR3J2Q29,2025-05-19T18:08:38.353044-04:00,01JVN8WMQVRHXV675MR14EFPPT,2025-05-19T18:08:38.353044-04:00
01JVN9FH4VWJRR4TTKR3WMZK6M,01JVN8Z88S67YAE05FDNQCM3KZ,2025-05-19T18:08:56.987424-04:00,01JVN8Z8970RRQBCQ4NHXCA40B,2025-05-19T18:08:56.987424-04:00,01JVN8ZRQVQ8YAJ4AQ4K8YX4M8,2025-05-19T18:08:56.987424-04:00,01JVN90W4VYWR9MG95M3F6335E,2025-05-19T18:08:56.987424-04:00,01JVN90W5G5MFSS0M4JE438AER,2025-05-19T18:08:56.987424-04:00
01JVN9K6C03CKFVP06KXXCC1PR,01JVN8Z88S67YAE05FDNQCM3KZ,2025-05-19T18:10:57.02417-04:00,01JVN8Z8970RRQBCQ4NHXCA40B,2025-05-19T18:10:57.02417-04:00,01JVN8ZRQVQ8YAJ4AQ4K8YX4M8,2025-05-19T18:10:57.02417-04:00,01JVN90W4W4BQ059HRSJAWDRR2,2025-05-19T18:10:57.02417-04:00,01JVN90W5KYC3SN1C7G4G2BQEG,2025-05-19T18:10:57.02417-04:00
01JVN93Z8D1Y0VKKZNNQK7ER52,01JVN8VJ35PJD341YQ0J66MCYY,2025-05-19T18:02:38.221639-04:00,01JVN8VJ3PQ3S4BWSDKDQD5RHY,2025-05-19T18:02:38.221639-04:00,01JVN8VZXVX892MFJ7A9JC8PF9,2025-05-19T18:02:38.221639-04:00,01JVN8WMPZ5F3V8PXP1DMYXM60,2025-05-19T18:02:38.221639-04:00,01JVN8WMQG62MFFSG46N6S24Z1,2025-05-19T18:02:38.221639-04:00
01JVN94HEVB54S7HMK3J0EY6DC,01JVN8Z88S67YAE05FDNQCM3KZ,2025-05-19T18:02:56.859598-04:00,01JVN8Z8970RRQBCQ4NHXCA40B,2025-05-19T18:02:56.859598-04:00,01JVN90R2MFPH7EJ8DBKJMSJ85,2025-05-19T18:02:56.859598-04:00,01JVN90W4SWBHSP889MCZ50CM9,2025-05-19T18:02:56.859598-04:00,01JVN90W55CNF9X8Y3WFGDS5QB,2025-05-19T18:02:56.859598-04:00
01JVN9B9Q3PRGH8ZPJ7R4N47KW,01JVN8VJ35PJD341YQ0J66MCYY,2025-05-19T18:06:38.307526-04:00,01JVN8VJ3PQ3S4BWSDKDQD5RHY,2025-05-19T18:06:38.307526-04:00,01JVN8VZXVX892MFJ7A9JC8PF9,2025-05-19T18:06:38.307526-04:00,01JVN8WMPZ5F3V8PXP1T73PGM4,2025-05-19T18:06:38.307526-04:00,01JVN8WMQQ0WM6SWZ36NAE04VR,2025-05-19T18:06:38.307526-04:00
01JVN9BVXJ81FPM8KA9Z8C02K7,01JVN8Z88S67YAE05FDNQCM3KZ,2025-05-19T18:06:56.946946-04:00,01JVN8Z8970RRQBCQ4NHXCA40B,2025-05-19T18:06:56.946946-04:00,01JVN8ZRQVQ8YAJ4AQ4K8YX4M8,2025-05-19T18:06:56.946946-04:00,01JVN90W4T225B8RQDT13HJPPB,2025-05-19T18:06:56.946946-04:00,01JVN90W5D5GVHHDY3TX35JMCA,2025-05-19T18:06:56.946946-04:00
01JVN9EYYG9MHTCMSAF2BM8DW5,01JVN8VJ35PJD341YQ0J66MCYY,2025-05-19T18:08:38.352901-04:00,01JVN8VJ3PQ3S4BWSDKDQD5RHY,2025-05-19T18:08:38.352901-04:00,01JVN8WG635566VH9KHQ4E19EH,2025-05-19T18:08:38.352901-04:00,01JVN8WMQ093BY8H1JJR3J2Q29,2025-05-19T18:08:38.352901-04:00,01JVN8WMQVRHXV675MR14EFPPT,2025-05-19T18:08:38.352901-04:00
01JVN9FH4VWJRR4TTKQS5ZVDWN,01JVN8Z88S67YAE05FDNQCM3KZ,2025-05-19T18:08:56.987262-04:00,01JVN8Z8970RRQBCQ4NHXCA40B,2025-05-19T18:08:56.987262-04:00,01JVN90R2MFPH7EJ8DBKJMSJ85,2025-05-19T18:08:56.987262-04:00,01JVN90W4VYWR9MG95M3F6335E,2025-05-19T18:08:56.987262-04:00,01JVN90W5G5MFSS0M4JE438AER,2025-05-19T18:08:56.987262-04:00
01JVN8WMSSHR3KG68K9W9EMHMJ,01JVN8VJ35PJD341YQ0J66MCYY,2025-05-19T17:58:38.137055-04:00,01JVN8VJ3PQ3S4BWSDKDQD5RHY,2025-05-19T17:58:38.137055-04:00,01JVN8WG635566VH9KHQ4E19EH,2025-05-19T17:58:38.137055-04:00,01JVN8WMPYA0GXED1W0GSY4XSY,2025-05-19T17:58:38.137055-04:00,01JVN8WMQ7NY7SKH0PWZ3Z0VD4,2025-05-19T17:58:38.137055-04:00
01JVN90W7FTD5G49BGXE4J2TYX,01JVN8Z88S67YAE05FDNQCM3KZ,2025-05-19T18:00:56.815616-04:00,01JVN8Z8970RRQBCQ4NHXCA40B,2025-05-19T18:00:56.815616-04:00,01JVN8ZRQVQ8YAJ4AQ4K8YX4M8,2025-05-19T18:00:56.815616-04:00,01JVN90W4SWBHSP889KTFK4FB2,2025-05-19T18:00:56.815616-04:00,01JVN90W51SY6PG2SCB5CAT2C0,2025-05-19T18:00:56.815616-04:00
01JVN986P73Y7W45AS1ZK2AJBV,01JVN8Z88S67YAE05FDNQCM3KZ,2025-05-19T18:04:56.903685-04:00,01JVN8Z8970RRQBCQ4NHXCA40B,2025-05-19T18:04:56.903685-04:00,01JVN90R2MFPH7EJ8DBKJMSJ85,2025-05-19T18:04:56.903685-04:00,01JVN90W4T225B8RQDSJX8SFDZ,2025-05-19T18:04:56.903685-04:00,01JVN90W59A8A8NKFWZBKJYKHT,2025-05-19T18:04:56.903685-04:00
