id,batchID,batchIDLastChangedAt,gameID,gameIDLastChangedAt,playerID,playerIDLastChangedAt,roundID,roundIDLastChangedAt
01JW47VB47529PQC7P7AXXM72T,01JW47EYCYASA1TJKT0HV6N58Y,2025-05-25T13:29:03.367531-04:00,01JW47EYDF6R1ARJ616TCHKGMC,2025-05-25T13:29:03.367531-04:00,01JW47FVH5YKBW7A1GS9RHB3EJ,2025-05-25T13:29:03.367531-04:00,01JW47GBB6R8YJZS73JA46F5WJ,2025-05-25T13:29:03.367531-04:00
01JW47Z09026SGEDHX551JJ4Y4,01JW47EYCYASA1TJKT0HV6N58Y,2025-05-25T13:31:03.328187-04:00,01JW47EYDF6R1ARJ616TCHKGMC,2025-05-25T13:31:03.328187-04:00,01JW47FVH5YKBW7A1GS9RHB3EJ,2025-05-25T13:31:03.328187-04:00,01JW47GBB6R8YJZS73HX0YTHG5,2025-05-25T13:31:03.328187-04:00
01JW47Z09026SGEDHX5FBD5NK0,01JW47EYCYASA1TJKT0HV6N58Y,2025-05-25T13:31:03.328329-04:00,01JW47EYDF6R1ARJ616TCHKGMC,2025-05-25T13:31:03.328329-04:00,01JW47F6EBECY7W3E86Y7HY97Z,2025-05-25T13:31:03.328329-04:00,01JW47GBB6R8YJZS73HX0YTHG5,2025-05-25T13:31:03.328329-04:00
01JW482NG950CBD637X7F2H3A0,01JW47EYCYASA1TJKT0HV6N58Y,2025-05-25T13:33:03.369954-04:00,01JW47EYDF6R1ARJ616TCHKGMC,2025-05-25T13:33:03.369954-04:00,01JW47F6EBECY7W3E86Y7HY97Z,2025-05-25T13:33:03.369954-04:00,01JW47GBB6R8YJZS73JX4ZHQ08,2025-05-25T13:33:03.369954-04:00
01JW47GBDN54P4RZABCZAX0GGY,01JW47EYCYASA1TJKT0HV6N58Y,2025-05-25T13:23:03.22133-04:00,01JW47EYDF6R1ARJ616TCHKGMC,2025-05-25T13:23:03.22133-04:00,01JW47F6EBECY7W3E86Y7HY97Z,2025-05-25T13:23:03.22133-04:00,01JW47GBB57KNSG7C7N5D25PEP,2025-05-25T13:23:03.22133-04:00
01JW47GBDN54P4RZABD7W3TWX7,01JW47EYCYASA1TJKT0HV6N58Y,2025-05-25T13:23:03.221416-04:00,01JW47EYDF6R1ARJ616TCHKGMC,2025-05-25T13:23:03.221416-04:00,01JW47FVH5YKBW7A1GS9RHB3EJ,2025-05-25T13:23:03.221416-04:00,01JW47GBB57KNSG7C7N5D25PEP,2025-05-25T13:23:03.221416-04:00
01JW47M0N8H17GVCTT1H2SZEW5,01JW47EYCYASA1TJKT0HV6N58Y,2025-05-25T13:25:03.272807-04:00,01JW47EYDF6R1ARJ616TCHKGMC,2025-05-25T13:25:03.272807-04:00,01JW47FVH5YKBW7A1GS9RHB3EJ,2025-05-25T13:25:03.272807-04:00,01JW47GBB57KNSG7C7P160RRFF,2025-05-25T13:25:03.272807-04:00
01JW47M0N8H17GVCTT1W5NC81Z,01JW47EYCYASA1TJKT0HV6N58Y,2025-05-25T13:25:03.272988-04:00,01JW47EYDF6R1ARJ616TCHKGMC,2025-05-25T13:25:03.272988-04:00,01JW47F6EBECY7W3E86Y7HY97Z,2025-05-25T13:25:03.272988-04:00,01JW47GBB57KNSG7C7P160RRFF,2025-05-25T13:25:03.272988-04:00
01JW47QNWQAVB8H7TTXWNHQMZ0,01JW47EYCYASA1TJKT0HV6N58Y,2025-05-25T13:27:03.319055-04:00,01JW47EYDF6R1ARJ616TCHKGMC,2025-05-25T13:27:03.319055-04:00,01JW47FVH5YKBW7A1GS9RHB3EJ,2025-05-25T13:27:03.319055-04:00,01JW47GBB57KNSG7C7NMEESWK7,2025-05-25T13:27:03.319055-04:00
01JW47QNWQAVB8H7TTY7HQMR2M,01JW47EYCYASA1TJKT0HV6N58Y,2025-05-25T13:27:03.319197-04:00,01JW47EYDF6R1ARJ616TCHKGMC,2025-05-25T13:27:03.319197-04:00,01JW47F6EBECY7W3E86Y7HY97Z,2025-05-25T13:27:03.319197-04:00,01JW47GBB57KNSG7C7NMEESWK7,2025-05-25T13:27:03.319197-04:00
01JW47VB47529PQC7P70K65Y7K,01JW47EYCYASA1TJKT0HV6N58Y,2025-05-25T13:29:03.36742-04:00,01JW47EYDF6R1ARJ616TCHKGMC,2025-05-25T13:29:03.36742-04:00,01JW47F6EBECY7W3E86Y7HY97Z,2025-05-25T13:29:03.36742-04:00,01JW47GBB6R8YJZS73JA46F5WJ,2025-05-25T13:29:03.36742-04:00
01JW482NGA2D7JMJPJ404BGM99,01JW47EYCYASA1TJKT0HV6N58Y,2025-05-25T13:33:03.370099-04:00,01JW47EYDF6R1ARJ616TCHKGMC,2025-05-25T13:33:03.370099-04:00,01JW47FVH5YKBW7A1GS9RHB3EJ,2025-05-25T13:33:03.370099-04:00,01JW47GBB6R8YJZS73JX4ZHQ08,2025-05-25T13:33:03.370099-04:00
