id,batchID,batchIDLastChangedAt,gameID,gameIDLastChangedAt,playerID,playerIDLastChangedAt,roundID,roundIDLastChangedAt,stageID,stageIDLastChangedAt
01JW47GBDWW3ME8T844Z1H82ZS,01JW47EYCYASA1TJKT0HV6N58Y,2025-05-25T13:23:03.228679-04:00,01JW47EYDF6R1ARJ616TCHKGMC,2025-05-25T13:23:03.228679-04:00,01JW47FVH5YKBW7A1GS9RHB3EJ,2025-05-25T13:23:03.228679-04:00,01JW47GBB57KNSG7C7N5D25PEP,2025-05-25T13:23:03.228679-04:00,01JW47GBBD83S7N4EQSJPSF2MJ,2025-05-25T13:23:03.228679-04:00
01JW47M0NMPQE7BM6HA65BFJK0,01JW47EYCYASA1TJKT0HV6N58Y,2025-05-25T13:25:03.284168-04:00,01JW47EYDF6R1ARJ616TCHKGMC,2025-05-25T13:25:03.284168-04:00,01JW47F6EBECY7W3E86Y7HY97Z,2025-05-25T13:25:03.284168-04:00,01JW47GBB57KNSG7C7P160RRFF,2025-05-25T13:25:03.284168-04:00,01JW47GBBNNV9TGXR03RTYE6HD,2025-05-25T13:25:03.284168-04:00
01JW47VB4EP9SW8HM1A8BCKZC3,01JW47EYCYASA1TJKT0HV6N58Y,2025-05-25T13:29:03.37462-04:00,01JW47EYDF6R1ARJ616TCHKGMC,2025-05-25T13:29:03.37462-04:00,01JW47F6EBECY7W3E86Y7HY97Z,2025-05-25T13:29:03.37462-04:00,01JW47GBB6R8YJZS73JA46F5WJ,2025-05-25T13:29:03.37462-04:00,01JW47GBBWSGEFTSY398W4VJCF,2025-05-25T13:29:03.37462-04:00
01JW47Z09AWGQ7KXWM93KQDH50,01JW47EYCYASA1TJKT0HV6N58Y,2025-05-25T13:31:03.338222-04:00,01JW47EYDF6R1ARJ616TCHKGMC,2025-05-25T13:31:03.338222-04:00,01JW47FVH5YKBW7A1GS9RHB3EJ,2025-05-25T13:31:03.338222-04:00,01JW47GBB6R8YJZS73HX0YTHG5,2025-05-25T13:31:03.338222-04:00,01JW47GBBZAQMJJPKXDCM5284S,2025-05-25T13:31:03.338222-04:00
01JW47Z09AWGQ7KXWM8T1BCYMR,01JW47EYCYASA1TJKT0HV6N58Y,2025-05-25T13:31:03.338063-04:00,01JW47EYDF6R1ARJ616TCHKGMC,2025-05-25T13:31:03.338063-04:00,01JW47F6EBECY7W3E86Y7HY97Z,2025-05-25T13:31:03.338063-04:00,01JW47GBB6R8YJZS73HX0YTHG5,2025-05-25T13:31:03.338063-04:00,01JW47GBBZAQMJJPKXDCM5284S,2025-05-25T13:31:03.338063-04:00
01JW482NGKSF5ABKP6DT4J09NS,01JW47EYCYASA1TJKT0HV6N58Y,2025-05-25T13:33:03.3792-04:00,01JW47EYDF6R1ARJ616TCHKGMC,2025-05-25T13:33:03.3792-04:00,01JW47FVH5YKBW7A1GS9RHB3EJ,2025-05-25T13:33:03.3792-04:00,01JW47GBB6R8YJZS73JX4ZHQ08,2025-05-25T13:33:03.3792-04:00,01JW47GBC3PF37J6A83WCZJQB8,2025-05-25T13:33:03.3792-04:00
01JW482NGKSF5ABKP6E1C3P2K0,01JW47EYCYASA1TJKT0HV6N58Y,2025-05-25T13:33:03.379304-04:00,01JW47EYDF6R1ARJ616TCHKGMC,2025-05-25T13:33:03.379304-04:00,01JW47F6EBECY7W3E86Y7HY97Z,2025-05-25T13:33:03.379304-04:00,01JW47GBB6R8YJZS73JX4ZHQ08,2025-05-25T13:33:03.379304-04:00,01JW47GBC3PF37J6A83WCZJQB8,2025-05-25T13:33:03.379304-04:00
01JW47GBDWW3ME8T844J4BFQYY,01JW47EYCYASA1TJKT0HV6N58Y,2025-05-25T13:23:03.228563-04:00,01JW47EYDF6R1ARJ616TCHKGMC,2025-05-25T13:23:03.228563-04:00,01JW47F6EBECY7W3E86Y7HY97Z,2025-05-25T13:23:03.228563-04:00,01JW47GBB57KNSG7C7N5D25PEP,2025-05-25T13:23:03.228563-04:00,01JW47GBBD83S7N4EQSJPSF2MJ,2025-05-25T13:23:03.228563-04:00
01JW47M0NMPQE7BM6H9WM9M484,01JW47EYCYASA1TJKT0HV6N58Y,2025-05-25T13:25:03.284034-04:00,01JW47EYDF6R1ARJ616TCHKGMC,2025-05-25T13:25:03.284034-04:00,01JW47FVH5YKBW7A1GS9RHB3EJ,2025-05-25T13:25:03.284034-04:00,01JW47GBB57KNSG7C7P160RRFF,2025-05-25T13:25:03.284034-04:00,01JW47GBBNNV9TGXR03RTYE6HD,2025-05-25T13:25:03.284034-04:00
01JW47QNX05SCZPQG2JYA1AK8M,01JW47EYCYASA1TJKT0HV6N58Y,2025-05-25T13:27:03.32865-04:00,01JW47EYDF6R1ARJ616TCHKGMC,2025-05-25T13:27:03.32865-04:00,01JW47F6EBECY7W3E86Y7HY97Z,2025-05-25T13:27:03.32865-04:00,01JW47GBB57KNSG7C7NMEESWK7,2025-05-25T13:27:03.32865-04:00,01JW47GBBRKNFNYAMYPB9ED0EC,2025-05-25T13:27:03.32865-04:00
01JW47QNX05SCZPQG2K92YH25X,01JW47EYCYASA1TJKT0HV6N58Y,2025-05-25T13:27:03.328771-04:00,01JW47EYDF6R1ARJ616TCHKGMC,2025-05-25T13:27:03.328771-04:00,01JW47FVH5YKBW7A1GS9RHB3EJ,2025-05-25T13:27:03.328771-04:00,01JW47GBB57KNSG7C7NMEESWK7,2025-05-25T13:27:03.328771-04:00,01JW47GBBRKNFNYAMYPB9ED0EC,2025-05-25T13:27:03.328771-04:00
01JW47VB4EP9SW8HM1A0HFYQX5,01JW47EYCYASA1TJKT0HV6N58Y,2025-05-25T13:29:03.374519-04:00,01JW47EYDF6R1ARJ616TCHKGMC,2025-05-25T13:29:03.374519-04:00,01JW47FVH5YKBW7A1GS9RHB3EJ,2025-05-25T13:29:03.374519-04:00,01JW47GBB6R8YJZS73JA46F5WJ,2025-05-25T13:29:03.374519-04:00,01JW47GBBWSGEFTSY398W4VJCF,2025-05-25T13:29:03.374519-04:00
