id,batchID,batchIDLastChangedAt,duration,durationLastChangedAt,ended,endedLastChangedAt,endedReason,endedReasonLastChangedAt,gameID,gameIDLastChangedAt,index,indexLastChangedAt,initialized,initializedLastChangedAt,name,nameLastChangedAt,offers,offersLastChangedAt,roundID,roundIDLastChangedAt,start,startLastChangedAt,started,startedLastChangedAt,status,statusLastChangedAt,submit,submitLastChangedAt,timerID,timerIDLastChangedAt
01JW47GBC3PF37J6A83WCZJQB8,01JW47EYCYASA1TJKT0HV6N58Y,2025-05-25T13:23:03.171152-04:00,120,2025-05-25T13:23:03.171152-04:00,true,2025-05-25T13:34:47.870494-04:00,null,2025-05-25T13:34:47.870494-04:00,01JW47EYDF6R1ARJ616TCHKGMC,2025-05-25T13:23:03.171152-04:00,0,2025-05-25T13:23:03.171152-04:00,true,2025-05-25T13:33:03.381476-04:00,Negotiation,2025-05-25T13:23:03.171152-04:00,"{""Hr"":{""salary"":110000,""bonuses"":15000,""stockOptions"":90000,""vacationDays"":15},""Employee"":{""salary"":110000,""bonuses"":15000,""stockOptions"":90000,""vacationDays"":15}}",2025-05-25T13:34:47.62094-04:00,01JW47GBB6R8YJZS73JX4ZHQ08,2025-05-25T13:23:03.171152-04:00,true,2025-05-25T13:33:03.375178-04:00,true,2025-05-25T13:33:03.385836-04:00,null,2025-05-25T13:34:47.870494-04:00,true,2025-05-25T13:34:47.872158-04:00,01JW47GBC26H1FGPCNTCB9BRBH,2025-05-25T13:23:03.171152-04:00
01JW47GBBD83S7N4EQSJPSF2MJ,01JW47EYCYASA1TJKT0HV6N58Y,2025-05-25T13:23:03.152577-04:00,120,2025-05-25T13:23:03.152577-04:00,true,2025-05-25T13:25:03.247089-04:00,,,01JW47EYDF6R1ARJ616TCHKGMC,2025-05-25T13:23:03.152577-04:00,0,2025-05-25T13:23:03.152577-04:00,true,2025-05-25T13:23:03.229831-04:00,Negotiation,2025-05-25T13:23:03.152577-04:00,"{""Employee"":{""salary"":110000,""bonuses"":20000,""stockOptions"":90000,""vacationDays"":17}}",2025-05-25T13:24:57.834163-04:00,01JW47GBB57KNSG7C7N5D25PEP,2025-05-25T13:23:03.152577-04:00,true,2025-05-25T13:23:03.22475-04:00,true,2025-05-25T13:23:03.233421-04:00,,,,,01JW47GBBB71D3FPAWPMYPRKJW,2025-05-25T13:23:03.152577-04:00
01JW47GBBNNV9TGXR03RTYE6HD,01JW47EYCYASA1TJKT0HV6N58Y,2025-05-25T13:23:03.157118-04:00,120,2025-05-25T13:23:03.157118-04:00,true,2025-05-25T13:27:03.300281-04:00,,,01JW47EYDF6R1ARJ616TCHKGMC,2025-05-25T13:23:03.157118-04:00,0,2025-05-25T13:23:03.157118-04:00,true,2025-05-25T13:25:03.2855-04:00,Negotiation,2025-05-25T13:23:03.157118-04:00,,,01JW47GBB57KNSG7C7P160RRFF,2025-05-25T13:23:03.157118-04:00,true,2025-05-25T13:25:03.278833-04:00,true,2025-05-25T13:25:03.289578-04:00,,,,,01JW47GBBK4DT3Q2E9CPPYAMEE,2025-05-25T13:23:03.157118-04:00
01JW47GBBRKNFNYAMYPB9ED0EC,01JW47EYCYASA1TJKT0HV6N58Y,2025-05-25T13:23:03.160747-04:00,120,2025-05-25T13:23:03.160747-04:00,true,2025-05-25T13:29:03.351192-04:00,,,01JW47EYDF6R1ARJ616TCHKGMC,2025-05-25T13:23:03.160747-04:00,0,2025-05-25T13:23:03.160747-04:00,true,2025-05-25T13:27:03.329993-04:00,Negotiation,2025-05-25T13:23:03.160747-04:00,,,01JW47GBB57KNSG7C7NMEESWK7,2025-05-25T13:23:03.160747-04:00,true,2025-05-25T13:27:03.324356-04:00,true,2025-05-25T13:27:03.334757-04:00,,,,,01JW47GBBQZ7J0E3MPQ3F0YHXT,2025-05-25T13:23:03.160747-04:00
01JW47GBBWSGEFTSY398W4VJCF,01JW47EYCYASA1TJKT0HV6N58Y,2025-05-25T13:23:03.164179-04:00,120,2025-05-25T13:23:03.164179-04:00,true,2025-05-25T13:31:03.306418-04:00,,,01JW47EYDF6R1ARJ616TCHKGMC,2025-05-25T13:23:03.164179-04:00,0,2025-05-25T13:23:03.164179-04:00,true,2025-05-25T13:29:03.3758-04:00,Negotiation,2025-05-25T13:23:03.164179-04:00,,,01JW47GBB6R8YJZS73JA46F5WJ,2025-05-25T13:23:03.164179-04:00,true,2025-05-25T13:29:03.371862-04:00,true,2025-05-25T13:29:03.379182-04:00,,,,,01JW47GBBVQK0X30EZBDHD5Q1C,2025-05-25T13:23:03.164179-04:00
01JW47GBBZAQMJJPKXDCM5284S,01JW47EYCYASA1TJKT0HV6N58Y,2025-05-25T13:23:03.167649-04:00,120,2025-05-25T13:23:03.167649-04:00,true,2025-05-25T13:33:03.349528-04:00,,,01JW47EYDF6R1ARJ616TCHKGMC,2025-05-25T13:23:03.167649-04:00,0,2025-05-25T13:23:03.167649-04:00,true,2025-05-25T13:31:03.339965-04:00,Negotiation,2025-05-25T13:23:03.167649-04:00,,,01JW47GBB6R8YJZS73HX0YTHG5,2025-05-25T13:23:03.167649-04:00,true,2025-05-25T13:31:03.334156-04:00,true,2025-05-25T13:31:03.343827-04:00,,,,,01JW47GBBYHQ326R900G54EZ38,2025-05-25T13:23:03.167649-04:00
