id,batchID,batchIDLastChangedAt,gameID,gameIDLastChangedAt,playerID,playerIDLastChangedAt,roundID,roundIDLastChangedAt
01JVBYMQMPTFQNZTH44P5J4QN0,01JVBYJZQEBAR725R6N4VES5WD,2025-05-16T03:06:23.25488-04:00,01JVBYJZR0AX1BV8B9DAB4H8KC,2025-05-16T03:06:23.25488-04:00,01JVBYK63XRZSBTR22DWC0N83Y,2025-05-16T03:06:23.25488-04:00,01JVBYMQJ5DPVE2TRYPR34RWEQ,2025-05-16T03:06:23.25488-04:00
01JVBYMQMPTFQNZTH44XYMCKHN,01JVBYJZQEBAR725R6N4VES5WD,2025-05-16T03:06:23.254948-04:00,01JVBYJZR0AX1BV8B9DAB4H8KC,2025-05-16T03:06:23.254948-04:00,01JVBYKZFHC6Y06ASRQJ180TSJ,2025-05-16T03:06:23.254948-04:00,01JVBYMQJ5DPVE2TRYPR34RWEQ,2025-05-16T03:06:23.254948-04:00
01JVBYVHPVV57F8Q6MC3GSVB87,01JVBYJZQEBAR725R6N4VES5WD,2025-05-16T03:10:06.555689-04:00,01JVBYJZR0AX1BV8B9DAB4H8KC,2025-05-16T03:10:06.555689-04:00,01JVBYK63XRZSBTR22DWC0N83Y,2025-05-16T03:10:06.555689-04:00,01JVBYMQJ6EB5GZJY5MSAWTN9R,2025-05-16T03:10:06.555689-04:00
01JVBZ2W5NGMV0QEQAM76CV9G4,01JVBYJZQEBAR725R6N4VES5WD,2025-05-16T03:14:06.645776-04:00,01JVBYJZR0AX1BV8B9DAB4H8KC,2025-05-16T03:14:06.645776-04:00,01JVBYKZFHC6Y06ASRQJ180TSJ,2025-05-16T03:14:06.645776-04:00,01JVBYMQJ96777RBY2WS4VM1JZ,2025-05-16T03:14:06.645776-04:00
01JVBZ2W5NGMV0QEQAMHGS504S,01JVBYJZQEBAR725R6N4VES5WD,2025-05-16T03:14:06.645913-04:00,01JVBYJZR0AX1BV8B9DAB4H8KC,2025-05-16T03:14:06.645913-04:00,01JVBYK63XRZSBTR22DWC0N83Y,2025-05-16T03:14:06.645913-04:00,01JVBYMQJ96777RBY2WS4VM1JZ,2025-05-16T03:14:06.645913-04:00
01JVBZ6HD7CMGGB53TW3ZDVH7Q,01JVBYJZQEBAR725R6N4VES5WD,2025-05-16T03:16:06.695034-04:00,01JVBYJZR0AX1BV8B9DAB4H8KC,2025-05-16T03:16:06.695034-04:00,01JVBYK63XRZSBTR22DWC0N83Y,2025-05-16T03:16:06.695034-04:00,01JVBYMQJ96777RBY2WE88PWMX,2025-05-16T03:16:06.695034-04:00
01JVBZ6HD7CMGGB53TWBABS0WT,01JVBYJZQEBAR725R6N4VES5WD,2025-05-16T03:16:06.69515-04:00,01JVBYJZR0AX1BV8B9DAB4H8KC,2025-05-16T03:16:06.69515-04:00,01JVBYKZFHC6Y06ASRQJ180TSJ,2025-05-16T03:16:06.69515-04:00,01JVBYMQJ96777RBY2WE88PWMX,2025-05-16T03:16:06.69515-04:00
01JVBYRCWBS3586BCJV2HN4DJ9,01JVBYJZQEBAR725R6N4VES5WD,2025-05-16T03:08:23.307231-04:00,01JVBYJZR0AX1BV8B9DAB4H8KC,2025-05-16T03:08:23.307231-04:00,01JVBYKZFHC6Y06ASRQJ180TSJ,2025-05-16T03:08:23.307231-04:00,01JVBYMQJ6EB5GZJY5M90TP7Q5,2025-05-16T03:08:23.307231-04:00
01JVBYRCWBS3586BCJVF690QGF,01JVBYJZQEBAR725R6N4VES5WD,2025-05-16T03:08:23.307353-04:00,01JVBYJZR0AX1BV8B9DAB4H8KC,2025-05-16T03:08:23.307353-04:00,01JVBYK63XRZSBTR22DWC0N83Y,2025-05-16T03:08:23.307353-04:00,01JVBYMQJ6EB5GZJY5M90TP7Q5,2025-05-16T03:08:23.307353-04:00
01JVBYVHPVV57F8Q6MCDVJYBCZ,01JVBYJZQEBAR725R6N4VES5WD,2025-05-16T03:10:06.555757-04:00,01JVBYJZR0AX1BV8B9DAB4H8KC,2025-05-16T03:10:06.555757-04:00,01JVBYKZFHC6Y06ASRQJ180TSJ,2025-05-16T03:10:06.555757-04:00,01JVBYMQJ6EB5GZJY5MSAWTN9R,2025-05-16T03:10:06.555757-04:00
01JVBYZ6Y4VEMWYKG6GR45Z1GT,01JVBYJZQEBAR725R6N4VES5WD,2025-05-16T03:12:06.59656-04:00,01JVBYJZR0AX1BV8B9DAB4H8KC,2025-05-16T03:12:06.59656-04:00,01JVBYK63XRZSBTR22DWC0N83Y,2025-05-16T03:12:06.59656-04:00,01JVBYMQJ7KZ4MYQW6SZHC73DH,2025-05-16T03:12:06.59656-04:00
01JVBYZ6Y4VEMWYKG6H0M62VPF,01JVBYJZQEBAR725R6N4VES5WD,2025-05-16T03:12:06.596709-04:00,01JVBYJZR0AX1BV8B9DAB4H8KC,2025-05-16T03:12:06.596709-04:00,01JVBYKZFHC6Y06ASRQJ180TSJ,2025-05-16T03:12:06.596709-04:00,01JVBYMQJ7KZ4MYQW6SZHC73DH,2025-05-16T03:12:06.596709-04:00
