id,batchID,batchIDLastChangedAt,gameID,gameIDLastChangedAt,playerID,playerIDLastChangedAt,roundID,roundIDLastChangedAt,stageID,stageIDLastChangedAt
01JVBYZ6YERPFY03FPWCBYC2CZ,01JVBYJZQEBAR725R6N4VES5WD,2025-05-16T03:12:06.606113-04:00,01JVBYJZR0AX1BV8B9DAB4H8KC,2025-05-16T03:12:06.606113-04:00,01JVBYKZFHC6Y06ASRQJ180TSJ,2025-05-16T03:12:06.606113-04:00,01JVBYMQJ7KZ4MYQW6SZHC73DH,2025-05-16T03:12:06.606113-04:00,01JVBYMQJSGJC53ND2PNQ2FCPM,2025-05-16T03:12:06.606113-04:00
01JVBZ6HDGNF6R11KQBQYPHKH5,01JVBYJZQEBAR725R6N4VES5WD,2025-05-16T03:16:06.704567-04:00,01JVBYJZR0AX1BV8B9DAB4H8KC,2025-05-16T03:16:06.704567-04:00,01JVBYK63XRZSBTR22DWC0N83Y,2025-05-16T03:16:06.704567-04:00,01JVBYMQJ96777RBY2WE88PWMX,2025-05-16T03:16:06.704567-04:00,01JVBYMQK0MK0CE6V3774GTKM9,2025-05-16T03:16:06.704567-04:00
01JVBYMQN03HPXQ6QQW52HD9ZJ,01JVBYJZQEBAR725R6N4VES5WD,2025-05-16T03:06:23.264884-04:00,01JVBYJZR0AX1BV8B9DAB4H8KC,2025-05-16T03:06:23.264884-04:00,01JVBYKZFHC6Y06ASRQJ180TSJ,2025-05-16T03:06:23.264884-04:00,01JVBYMQJ5DPVE2TRYPR34RWEQ,2025-05-16T03:06:23.264884-04:00,01JVBYMQJFNKQ2PAWEYX8R864W,2025-05-16T03:06:23.264884-04:00
01JVBYRCWN01RRHV68NXREDFV3,01JVBYJZQEBAR725R6N4VES5WD,2025-05-16T03:08:23.317313-04:00,01JVBYJZR0AX1BV8B9DAB4H8KC,2025-05-16T03:08:23.317313-04:00,01JVBYKZFHC6Y06ASRQJ180TSJ,2025-05-16T03:08:23.317313-04:00,01JVBYMQJ6EB5GZJY5M90TP7Q5,2025-05-16T03:08:23.317313-04:00,01JVBYMQJK11TJN8N8WZ7BSDSC,2025-05-16T03:08:23.317313-04:00
01JVBYRCWN01RRHV68PCYJM80D,01JVBYJZQEBAR725R6N4VES5WD,2025-05-16T03:08:23.317439-04:00,01JVBYJZR0AX1BV8B9DAB4H8KC,2025-05-16T03:08:23.317439-04:00,01JVBYK63XRZSBTR22DWC0N83Y,2025-05-16T03:08:23.317439-04:00,01JVBYMQJ6EB5GZJY5M90TP7Q5,2025-05-16T03:08:23.317439-04:00,01JVBYMQJK11TJN8N8WZ7BSDSC,2025-05-16T03:08:23.317439-04:00
01JVBYVHQ1CREP47SRM8H2NWAB,01JVBYJZQEBAR725R6N4VES5WD,2025-05-16T03:10:06.561371-04:00,01JVBYJZR0AX1BV8B9DAB4H8KC,2025-05-16T03:10:06.561371-04:00,01JVBYKZFHC6Y06ASRQJ180TSJ,2025-05-16T03:10:06.561371-04:00,01JVBYMQJ6EB5GZJY5MSAWTN9R,2025-05-16T03:10:06.561371-04:00,01JVBYMQJPX1WB8P5CRNSYMHA9,2025-05-16T03:10:06.561371-04:00
01JVBZ2W5Y1YQMFMWGBNCRNEQG,01JVBYJZQEBAR725R6N4VES5WD,2025-05-16T03:14:06.654714-04:00,01JVBYJZR0AX1BV8B9DAB4H8KC,2025-05-16T03:14:06.654714-04:00,01JVBYK63XRZSBTR22DWC0N83Y,2025-05-16T03:14:06.654714-04:00,01JVBYMQJ96777RBY2WS4VM1JZ,2025-05-16T03:14:06.654714-04:00,01JVBYMQJX1TDBN0RCZB00G7NF,2025-05-16T03:14:06.654714-04:00
01JVBZ6HDGNF6R11KQC0VR5PYN,01JVBYJZQEBAR725R6N4VES5WD,2025-05-16T03:16:06.704689-04:00,01JVBYJZR0AX1BV8B9DAB4H8KC,2025-05-16T03:16:06.704689-04:00,01JVBYKZFHC6Y06ASRQJ180TSJ,2025-05-16T03:16:06.704689-04:00,01JVBYMQJ96777RBY2WE88PWMX,2025-05-16T03:16:06.704689-04:00,01JVBYMQK0MK0CE6V3774GTKM9,2025-05-16T03:16:06.704689-04:00
01JVBYMQN03HPXQ6QQWH94RRHS,01JVBYJZQEBAR725R6N4VES5WD,2025-05-16T03:06:23.265001-04:00,01JVBYJZR0AX1BV8B9DAB4H8KC,2025-05-16T03:06:23.265001-04:00,01JVBYK63XRZSBTR22DWC0N83Y,2025-05-16T03:06:23.265001-04:00,01JVBYMQJ5DPVE2TRYPR34RWEQ,2025-05-16T03:06:23.265001-04:00,01JVBYMQJFNKQ2PAWEYX8R864W,2025-05-16T03:06:23.265001-04:00
01JVBYVHQ1CREP47SRKXB13NJM,01JVBYJZQEBAR725R6N4VES5WD,2025-05-16T03:10:06.56129-04:00,01JVBYJZR0AX1BV8B9DAB4H8KC,2025-05-16T03:10:06.56129-04:00,01JVBYK63XRZSBTR22DWC0N83Y,2025-05-16T03:10:06.56129-04:00,01JVBYMQJ6EB5GZJY5MSAWTN9R,2025-05-16T03:10:06.56129-04:00,01JVBYMQJPX1WB8P5CRNSYMHA9,2025-05-16T03:10:06.56129-04:00
01JVBYZ6YERPFY03FPWT7PQG2W,01JVBYJZQEBAR725R6N4VES5WD,2025-05-16T03:12:06.606248-04:00,01JVBYJZR0AX1BV8B9DAB4H8KC,2025-05-16T03:12:06.606248-04:00,01JVBYK63XRZSBTR22DWC0N83Y,2025-05-16T03:12:06.606248-04:00,01JVBYMQJ7KZ4MYQW6SZHC73DH,2025-05-16T03:12:06.606248-04:00,01JVBYMQJSGJC53ND2PNQ2FCPM,2025-05-16T03:12:06.606248-04:00
01JVBZ2W5Y1YQMFMWGBAA7VSQ2,01JVBYJZQEBAR725R6N4VES5WD,2025-05-16T03:14:06.654603-04:00,01JVBYJZR0AX1BV8B9DAB4H8KC,2025-05-16T03:14:06.654603-04:00,01JVBYKZFHC6Y06ASRQJ180TSJ,2025-05-16T03:14:06.654603-04:00,01JVBYMQJ96777RBY2WS4VM1JZ,2025-05-16T03:14:06.654603-04:00,01JVBYMQJX1TDBN0RCZB00G7NF,2025-05-16T03:14:06.654603-04:00
