id,batchID,batchIDLastChangedAt,gameID,gameIDLastChangedAt,playerID,playerIDLastChangedAt,roundID,roundIDLastChangedAt
01JRCJ8S1KS6A79CQBE6FASWBM,01JRCJ3YXE1JGWNQ2ES3ZPSGGD,2025-04-09T02:02:17.523453-04:00,01JRCJ3YY04MXWBC404ZVX9FQE,2025-04-09T02:02:17.523453-04:00,01JRCJ4RC73K4DB1K9NQQYVTCK,2025-04-09T02:02:17.523453-04:00,01JRCJ8RYSHG7Q31QV5RT700GA,2025-04-09T02:02:17.523453-04:00
01JRCJ8S1KS6A79CQBEN91B3F1,01JRCJ3YXE1JGWNQ2ES3ZPSGGD,2025-04-09T02:02:17.523526-04:00,01JRCJ3YY04MXWBC404ZVX9FQE,2025-04-09T02:02:17.523526-04:00,01JRCJ4GFBJC6TJWZDBNK1B69Z,2025-04-09T02:02:17.523526-04:00,01JRCJ8RYSHG7Q31QV5RT700GA,2025-04-09T02:02:17.523526-04:00
01JRCJ9QP4EKCY5ZQKDJYXKTWD,01JRCJ3YXE1JGWNQ2ES3ZPSGGD,2025-04-09T02:02:48.900853-04:00,01JRCJ3YY04MXWBC404ZVX9FQE,2025-04-09T02:02:48.900853-04:00,01JRCJ4RC73K4DB1K9NQQYVTCK,2025-04-09T02:02:48.900853-04:00,01JRCJ8RYTZD5MMM3M62G9YRG0,2025-04-09T02:02:48.900853-04:00
01JRCJJWPG0P3XYZEB9QWQJ5SZ,01JRCJ3YXE1JGWNQ2ES3ZPSGGD,2025-04-09T02:07:48.944672-04:00,01JRCJ3YY04MXWBC404ZVX9FQE,2025-04-09T02:07:48.944672-04:00,01JRCJ4GFBJC6TJWZDBNK1B69Z,2025-04-09T02:07:48.944672-04:00,01JRCJ8RYTZD5MMM3M6EMH5JDS,2025-04-09T02:07:48.944672-04:00
01JRCJJWPG0P3XYZEBA2KKC8RW,01JRCJ3YXE1JGWNQ2ES3ZPSGGD,2025-04-09T02:07:48.944766-04:00,01JRCJ3YY04MXWBC404ZVX9FQE,2025-04-09T02:07:48.944766-04:00,01JRCJ4RC73K4DB1K9NQQYVTCK,2025-04-09T02:07:48.944766-04:00,01JRCJ8RYTZD5MMM3M6EMH5JDS,2025-04-09T02:07:48.944766-04:00
01JRCJW1PQTTM169PZZWSGTQT8,01JRCJ3YXE1JGWNQ2ES3ZPSGGD,2025-04-09T02:12:48.983474-04:00,01JRCJ3YY04MXWBC404ZVX9FQE,2025-04-09T02:12:48.983474-04:00,01JRCJ4RC73K4DB1K9NQQYVTCK,2025-04-09T02:12:48.983474-04:00,01JRCJ8RYTZD5MMM3M6Y157NWJ,2025-04-09T02:12:48.983474-04:00
01JRCKEBQH4K6NQVTB18Z56QSD,01JRCJ3YXE1JGWNQ2ES3ZPSGGD,2025-04-09T02:22:49.073061-04:00,01JRCJ3YY04MXWBC404ZVX9FQE,2025-04-09T02:22:49.073061-04:00,01JRCJ4GFBJC6TJWZDBNK1B69Z,2025-04-09T02:22:49.073061-04:00,01JRCJ8RYWCNKMRSKYX1QM5XSA,2025-04-09T02:22:49.073061-04:00
01JRCJ9QP4EKCY5ZQKDYTFWX1B,01JRCJ3YXE1JGWNQ2ES3ZPSGGD,2025-04-09T02:02:48.900983-04:00,01JRCJ3YY04MXWBC404ZVX9FQE,2025-04-09T02:02:48.900983-04:00,01JRCJ4GFBJC6TJWZDBNK1B69Z,2025-04-09T02:02:48.900983-04:00,01JRCJ8RYTZD5MMM3M62G9YRG0,2025-04-09T02:02:48.900983-04:00
01JRCJW1PQTTM169PZZJVPT9XF,01JRCJ3YXE1JGWNQ2ES3ZPSGGD,2025-04-09T02:12:48.983368-04:00,01JRCJ3YY04MXWBC404ZVX9FQE,2025-04-09T02:12:48.983368-04:00,01JRCJ4GFBJC6TJWZDBNK1B69Z,2025-04-09T02:12:48.983368-04:00,01JRCJ8RYTZD5MMM3M6Y157NWJ,2025-04-09T02:12:48.983368-04:00
01JRCK56Q5VXBE7ZQDPB7N7C5W,01JRCJ3YXE1JGWNQ2ES3ZPSGGD,2025-04-09T02:17:49.029667-04:00,01JRCJ3YY04MXWBC404ZVX9FQE,2025-04-09T02:17:49.029667-04:00,01JRCJ4RC73K4DB1K9NQQYVTCK,2025-04-09T02:17:49.029667-04:00,01JRCJ8RYVA84M91Y4EV1Q625G,2025-04-09T02:17:49.029667-04:00
01JRCK56Q5VXBE7ZQDPT768GF3,01JRCJ3YXE1JGWNQ2ES3ZPSGGD,2025-04-09T02:17:49.029803-04:00,01JRCJ3YY04MXWBC404ZVX9FQE,2025-04-09T02:17:49.029803-04:00,01JRCJ4GFBJC6TJWZDBNK1B69Z,2025-04-09T02:17:49.029803-04:00,01JRCJ8RYVA84M91Y4EV1Q625G,2025-04-09T02:17:49.029803-04:00
01JRCKEBQGRF10B7QG3EQ75K1Y,01JRCJ3YXE1JGWNQ2ES3ZPSGGD,2025-04-09T02:22:49.072942-04:00,01JRCJ3YY04MXWBC404ZVX9FQE,2025-04-09T02:22:49.072942-04:00,01JRCJ4RC73K4DB1K9NQQYVTCK,2025-04-09T02:22:49.072942-04:00,01JRCJ8RYWCNKMRSKYX1QM5XSA,2025-04-09T02:22:49.072942-04:00
