id,batchID,batchIDLastChangedAt,duration,durationLastChangedAt,ended,endedLastChangedAt,gameID,gameIDLastChangedAt,index,indexLastChangedAt,initialized,initializedLastChangedAt,name,nameLastChangedAt,offers,offersLastChangedAt,roundID,roundIDLastChangedAt,start,startLastChangedAt,started,startedLastChangedAt,submit,submitLastChangedAt,timerID,timerIDLastChangedAt
01JRCJ8RZ3E9108TG8HR36NRM8,01JRCJ3YXE1JGWNQ2ES3ZPSGGD,2025-04-09T02:02:17.443316-04:00,300,2025-04-09T02:02:17.443316-04:00,true,2025-04-09T02:02:48.879256-04:00,01JRCJ3YY04MXWBC404ZVX9FQE,2025-04-09T02:02:17.443316-04:00,0,2025-04-09T02:02:17.443316-04:00,true,2025-04-09T02:02:17.534001-04:00,bar,2025-04-09T02:02:17.443316-04:00,"{""Hr"":{""salary"":70000,""bonuses"":0,""stockOptions"":0,""vacationDays"":10},""Employee"":{""salary"":70000,""bonuses"":0,""stockOptions"":0,""vacationDays"":10}}",2025-04-09T02:02:48.871593-04:00,01JRCJ8RYSHG7Q31QV5RT700GA,2025-04-09T02:02:17.443316-04:00,true,2025-04-09T02:02:17.526853-04:00,true,2025-04-09T02:02:17.536821-04:00,true,2025-04-09T02:02:48.883385-04:00,01JRCJ8RZ15HPBEZABDXF851WR,2025-04-09T02:02:17.443316-04:00
01JRCJ8RZ8CYNZWJQTS91E509H,01JRCJ3YXE1JGWNQ2ES3ZPSGGD,2025-04-09T02:02:17.448661-04:00,300,2025-04-09T02:02:17.448661-04:00,true,2025-04-09T02:07:48.925916-04:00,01JRCJ3YY04MXWBC404ZVX9FQE,2025-04-09T02:02:17.448661-04:00,0,2025-04-09T02:02:17.448661-04:00,true,2025-04-09T02:02:48.911514-04:00,bar,2025-04-09T02:02:17.448661-04:00,,,01JRCJ8RYTZD5MMM3M62G9YRG0,2025-04-09T02:02:17.448661-04:00,true,2025-04-09T02:02:48.905906-04:00,true,2025-04-09T02:02:48.915831-04:00,,,01JRCJ8RZ6BY5CYJZ7ZEWCWR7T,2025-04-09T02:02:17.448661-04:00
01JRCJ8RZCTZPYE9H5ADB4VGNM,01JRCJ3YXE1JGWNQ2ES3ZPSGGD,2025-04-09T02:02:17.452121-04:00,300,2025-04-09T02:02:17.452121-04:00,true,2025-04-09T02:12:48.96791-04:00,01JRCJ3YY04MXWBC404ZVX9FQE,2025-04-09T02:02:17.452121-04:00,0,2025-04-09T02:02:17.452121-04:00,true,2025-04-09T02:07:48.953882-04:00,bar,2025-04-09T02:02:17.452121-04:00,,,01JRCJ8RYTZD5MMM3M6EMH5JDS,2025-04-09T02:02:17.452121-04:00,true,2025-04-09T02:07:48.949174-04:00,true,2025-04-09T02:07:48.957676-04:00,,,01JRCJ8RZA8M7XC4E7VRK5SSVY,2025-04-09T02:02:17.452121-04:00
01JRCJ8RZGR7TH9VQ4QN7R422C,01JRCJ3YXE1JGWNQ2ES3ZPSGGD,2025-04-09T02:02:17.456239-04:00,300,2025-04-09T02:02:17.456239-04:00,true,2025-04-09T02:17:49.005714-04:00,01JRCJ3YY04MXWBC404ZVX9FQE,2025-04-09T02:02:17.456239-04:00,0,2025-04-09T02:02:17.456239-04:00,true,2025-04-09T02:12:48.992567-04:00,bar,2025-04-09T02:02:17.456239-04:00,,,01JRCJ8RYTZD5MMM3M6Y157NWJ,2025-04-09T02:02:17.456239-04:00,true,2025-04-09T02:12:48.987748-04:00,true,2025-04-09T02:12:48.995855-04:00,,,01JRCJ8RZFEDK1GSATQG28VXVD,2025-04-09T02:02:17.456239-04:00
01JRCJ8RZKRQ9WR79TVNF7WDV3,01JRCJ3YXE1JGWNQ2ES3ZPSGGD,2025-04-09T02:02:17.459418-04:00,300,2025-04-09T02:02:17.459418-04:00,true,2025-04-09T02:22:49.053942-04:00,01JRCJ3YY04MXWBC404ZVX9FQE,2025-04-09T02:02:17.459418-04:00,0,2025-04-09T02:02:17.459418-04:00,true,2025-04-09T02:17:49.041056-04:00,bar,2025-04-09T02:02:17.459418-04:00,,,01JRCJ8RYVA84M91Y4EV1Q625G,2025-04-09T02:02:17.459418-04:00,true,2025-04-09T02:17:49.035186-04:00,true,2025-04-09T02:17:49.045764-04:00,,,01JRCJ8RZJX4VPCNS7TPS2D3E6,2025-04-09T02:02:17.459418-04:00
01JRCJ8RZQGN5G9H4X9B355CQN,01JRCJ3YXE1JGWNQ2ES3ZPSGGD,2025-04-09T02:02:17.463199-04:00,300,2025-04-09T02:02:17.463199-04:00,true,2025-04-09T02:27:49.097576-04:00,01JRCJ3YY04MXWBC404ZVX9FQE,2025-04-09T02:02:17.463199-04:00,0,2025-04-09T02:02:17.463199-04:00,true,2025-04-09T02:22:49.083833-04:00,bar,2025-04-09T02:02:17.463199-04:00,,,01JRCJ8RYWCNKMRSKYX1QM5XSA,2025-04-09T02:02:17.463199-04:00,true,2025-04-09T02:22:49.078215-04:00,true,2025-04-09T02:22:49.088545-04:00,,,01JRCJ8RZNY5ZFQVNFR12MTT67,2025-04-09T02:02:17.463199-04:00
