id,batchID,batchIDLastChangedAt,gameID,gameIDLastChangedAt,playerID,playerIDLastChangedAt,roundID,roundIDLastChangedAt,stageID,stageIDLastChangedAt
01JTP4X8ABSHF94QCBDE2MJKEW,01JTP4JDJ40BEJA7QHQ7A49HFV,2025-05-07T15:52:36.42747-04:00,01JTP4JDJPSHGBQ4ACCFWB6RYR,2025-05-07T15:52:36.42747-04:00,01JTP4NT44JFYRZ7AR6BGKANYX,2025-05-07T15:52:36.42747-04:00,01JTP4SK0BWJCKSNYJVPB4YM84,2025-05-07T15:52:36.42747-04:00,01JTP4SK0PAVJ2BKVQVXPXAGR4,2025-05-07T15:52:36.42747-04:00
01JTP50XHP0K51RSH5WJEDJZM4,01JTP4JDJ40BEJA7QHQ7A49HFV,2025-05-07T15:54:36.470825-04:00,01JTP4JDJPSHGBQ4ACCFWB6RYR,2025-05-07T15:54:36.470825-04:00,01JTP4KRJXAJJQNKH4SGMXD11S,2025-05-07T15:54:36.470825-04:00,01JTP4SK0BWJCKSNYJW7EMM39K,2025-05-07T15:54:36.470825-04:00,01JTP4SK0T9AX11Y33HX6582F6,2025-05-07T15:54:36.470825-04:00
01JTP54JS5QP1D217FGWHXR6EN,01JTP4JDJ40BEJA7QHQ7A49HFV,2025-05-07T15:56:36.517108-04:00,01JTP4JDJPSHGBQ4ACCFWB6RYR,2025-05-07T15:56:36.517108-04:00,01JTP4KRJXAJJQNKH4SGMXD11S,2025-05-07T15:56:36.517108-04:00,01JTP4SK0BWJCKSNYJX3RM3MT2,2025-05-07T15:56:36.517108-04:00,01JTP4SK0XT297PH759NC0AM0V,2025-05-07T15:56:36.517108-04:00
01JTP54JS5QP1D217FH9V8WSM4,01JTP4JDJ40BEJA7QHQ7A49HFV,2025-05-07T15:56:36.517239-04:00,01JTP4JDJPSHGBQ4ACCFWB6RYR,2025-05-07T15:56:36.517239-04:00,01JTP4NT44JFYRZ7AR6BGKANYX,2025-05-07T15:56:36.517239-04:00,01JTP4SK0BWJCKSNYJX3RM3MT2,2025-05-07T15:56:36.517239-04:00,01JTP4SK0XT297PH759NC0AM0V,2025-05-07T15:56:36.517239-04:00
01JTP5880D5N9KZDHQZE5P9C2D,01JTP4JDJ40BEJA7QHQ7A49HFV,2025-05-07T15:58:36.557215-04:00,01JTP4JDJPSHGBQ4ACCFWB6RYR,2025-05-07T15:58:36.557215-04:00,01JTP4KRJXAJJQNKH4SGMXD11S,2025-05-07T15:58:36.557215-04:00,01JTP4SK0BWJCKSNYJWQXVZH5Y,2025-05-07T15:58:36.557215-04:00,01JTP4SK1027TDJ4SCCDWVHFYC,2025-05-07T15:58:36.557215-04:00
01JTP4SK30RAG7CAMCYZ1KF72D,01JTP4JDJ40BEJA7QHQ7A49HFV,2025-05-07T15:50:36.384612-04:00,01JTP4JDJPSHGBQ4ACCFWB6RYR,2025-05-07T15:50:36.384612-04:00,01JTP4NT44JFYRZ7AR6BGKANYX,2025-05-07T15:50:36.384612-04:00,01JTP4SK0616B2D0XT2490XVRW,2025-05-07T15:50:36.384612-04:00,01JTP4SK0JRT4XRG6RK2JKZJ8M,2025-05-07T15:50:36.384612-04:00
01JTP4SK30RAG7CAMCZCG19M53,01JTP4JDJ40BEJA7QHQ7A49HFV,2025-05-07T15:50:36.384725-04:00,01JTP4JDJPSHGBQ4ACCFWB6RYR,2025-05-07T15:50:36.384725-04:00,01JTP4KRJXAJJQNKH4SGMXD11S,2025-05-07T15:50:36.384725-04:00,01JTP4SK0616B2D0XT2490XVRW,2025-05-07T15:50:36.384725-04:00,01JTP4SK0JRT4XRG6RK2JKZJ8M,2025-05-07T15:50:36.384725-04:00
01JTP4X8ABSHF94QCBCYHCP6WD,01JTP4JDJ40BEJA7QHQ7A49HFV,2025-05-07T15:52:36.427354-04:00,01JTP4JDJPSHGBQ4ACCFWB6RYR,2025-05-07T15:52:36.427354-04:00,01JTP4KRJXAJJQNKH4SGMXD11S,2025-05-07T15:52:36.427354-04:00,01JTP4SK0BWJCKSNYJVPB4YM84,2025-05-07T15:52:36.427354-04:00,01JTP4SK0PAVJ2BKVQVXPXAGR4,2025-05-07T15:52:36.427354-04:00
01JTP5BX7MM77RPJ7AQ6ZPBYT4,01JTP4JDJ40BEJA7QHQ7A49HFV,2025-05-07T16:00:36.596523-04:00,01JTP4JDJPSHGBQ4ACCFWB6RYR,2025-05-07T16:00:36.596523-04:00,01JTP4KRJXAJJQNKH4SGMXD11S,2025-05-07T16:00:36.596523-04:00,01JTP4SK0BWJCKSNYJXPWJDC3G,2025-05-07T16:00:36.596523-04:00,01JTP4SK1334SYWYR4N7ZVA1FY,2025-05-07T16:00:36.596523-04:00
01JTP50XHQFEQ62NR4MAREEWK7,01JTP4JDJ40BEJA7QHQ7A49HFV,2025-05-07T15:54:36.471219-04:00,01JTP4JDJPSHGBQ4ACCFWB6RYR,2025-05-07T15:54:36.471219-04:00,01JTP4NT44JFYRZ7AR6BGKANYX,2025-05-07T15:54:36.471219-04:00,01JTP4SK0BWJCKSNYJW7EMM39K,2025-05-07T15:54:36.471219-04:00,01JTP4SK0T9AX11Y33HX6582F6,2025-05-07T15:54:36.471219-04:00
01JTP5880D5N9KZDHQYZH1XG07,01JTP4JDJ40BEJA7QHQ7A49HFV,2025-05-07T15:58:36.557084-04:00,01JTP4JDJPSHGBQ4ACCFWB6RYR,2025-05-07T15:58:36.557084-04:00,01JTP4NT44JFYRZ7AR6BGKANYX,2025-05-07T15:58:36.557084-04:00,01JTP4SK0BWJCKSNYJWQXVZH5Y,2025-05-07T15:58:36.557084-04:00,01JTP4SK1027TDJ4SCCDWVHFYC,2025-05-07T15:58:36.557084-04:00
01JTP5BX7MM77RPJ7APV2F08GZ,01JTP4JDJ40BEJA7QHQ7A49HFV,2025-05-07T16:00:36.596426-04:00,01JTP4JDJPSHGBQ4ACCFWB6RYR,2025-05-07T16:00:36.596426-04:00,01JTP4NT44JFYRZ7AR6BGKANYX,2025-05-07T16:00:36.596426-04:00,01JTP4SK0BWJCKSNYJXPWJDC3G,2025-05-07T16:00:36.596426-04:00,01JTP4SK1334SYWYR4N7ZVA1FY,2025-05-07T16:00:36.596426-04:00
