id,batchID,batchIDLastChangedAt,gameID,gameIDLastChangedAt,playerID,playerIDLastChangedAt,roundID,roundIDLastChangedAt
01JTP54JRWCGS2AY1Z1BDYJJ6D,01JTP4JDJ40BEJA7QHQ7A49HFV,2025-05-07T15:56:36.508063-04:00,01JTP4JDJPSHGBQ4ACCFWB6RYR,2025-05-07T15:56:36.508063-04:00,01JTP4NT44JFYRZ7AR6BGKANYX,2025-05-07T15:56:36.508063-04:00,01JTP4SK0BWJCKSNYJX3RM3MT2,2025-05-07T15:56:36.508063-04:00
01JTP5BX7BM6JWTCZ28WRPZMCB,01JTP4JDJ40BEJA7QHQ7A49HFV,2025-05-07T16:00:36.587945-04:00,01JTP4JDJPSHGBQ4ACCFWB6RYR,2025-05-07T16:00:36.587945-04:00,01JTP4NT44JFYRZ7AR6BGKANYX,2025-05-07T16:00:36.587945-04:00,01JTP4SK0BWJCKSNYJXPWJDC3G,2025-05-07T16:00:36.587945-04:00
01JTP54JRWCGS2AY1Z1NEVC1ET,01JTP4JDJ40BEJA7QHQ7A49HFV,2025-05-07T15:56:36.508176-04:00,01JTP4JDJPSHGBQ4ACCFWB6RYR,2025-05-07T15:56:36.508176-04:00,01JTP4KRJXAJJQNKH4SGMXD11S,2025-05-07T15:56:36.508176-04:00,01JTP4SK0BWJCKSNYJX3RM3MT2,2025-05-07T15:56:36.508176-04:00
01JTP588037JS6M2AXHAPPN87Y,01JTP4JDJ40BEJA7QHQ7A49HFV,2025-05-07T15:58:36.547385-04:00,01JTP4JDJPSHGBQ4ACCFWB6RYR,2025-05-07T15:58:36.547385-04:00,01JTP4NT44JFYRZ7AR6BGKANYX,2025-05-07T15:58:36.547385-04:00,01JTP4SK0BWJCKSNYJWQXVZH5Y,2025-05-07T15:58:36.547385-04:00
01JTP4SK2R1T6T00VW21SV7223,01JTP4JDJ40BEJA7QHQ7A49HFV,2025-05-07T15:50:36.376236-04:00,01JTP4JDJPSHGBQ4ACCFWB6RYR,2025-05-07T15:50:36.376236-04:00,01JTP4KRJXAJJQNKH4SGMXD11S,2025-05-07T15:50:36.376236-04:00,01JTP4SK0616B2D0XT2490XVRW,2025-05-07T15:50:36.376236-04:00
01JTP4SK2R1T6T00VW2DX74EVC,01JTP4JDJ40BEJA7QHQ7A49HFV,2025-05-07T15:50:36.376316-04:00,01JTP4JDJPSHGBQ4ACCFWB6RYR,2025-05-07T15:50:36.376316-04:00,01JTP4NT44JFYRZ7AR6BGKANYX,2025-05-07T15:50:36.376316-04:00,01JTP4SK0616B2D0XT2490XVRW,2025-05-07T15:50:36.376316-04:00
01JTP4X8A2HECN73QF211TJC8W,01JTP4JDJ40BEJA7QHQ7A49HFV,2025-05-07T15:52:36.418466-04:00,01JTP4JDJPSHGBQ4ACCFWB6RYR,2025-05-07T15:52:36.418466-04:00,01JTP4KRJXAJJQNKH4SGMXD11S,2025-05-07T15:52:36.418466-04:00,01JTP4SK0BWJCKSNYJVPB4YM84,2025-05-07T15:52:36.418466-04:00
01JTP4X8A2HECN73QF2BE90XNX,01JTP4JDJ40BEJA7QHQ7A49HFV,2025-05-07T15:52:36.418572-04:00,01JTP4JDJPSHGBQ4ACCFWB6RYR,2025-05-07T15:52:36.418572-04:00,01JTP4NT44JFYRZ7AR6BGKANYX,2025-05-07T15:52:36.418572-04:00,01JTP4SK0BWJCKSNYJVPB4YM84,2025-05-07T15:52:36.418572-04:00
01JTP50XHE8MVHD4NDPGMHSPQ5,01JTP4JDJ40BEJA7QHQ7A49HFV,2025-05-07T15:54:36.462655-04:00,01JTP4JDJPSHGBQ4ACCFWB6RYR,2025-05-07T15:54:36.462655-04:00,01JTP4NT44JFYRZ7AR6BGKANYX,2025-05-07T15:54:36.462655-04:00,01JTP4SK0BWJCKSNYJW7EMM39K,2025-05-07T15:54:36.462655-04:00
01JTP50XHE8MVHD4NDPXDHDYXN,01JTP4JDJ40BEJA7QHQ7A49HFV,2025-05-07T15:54:36.462775-04:00,01JTP4JDJPSHGBQ4ACCFWB6RYR,2025-05-07T15:54:36.462775-04:00,01JTP4KRJXAJJQNKH4SGMXD11S,2025-05-07T15:54:36.462775-04:00,01JTP4SK0BWJCKSNYJW7EMM39K,2025-05-07T15:54:36.462775-04:00
01JTP588037JS6M2AXHM81XZ2R,01JTP4JDJ40BEJA7QHQ7A49HFV,2025-05-07T15:58:36.547515-04:00,01JTP4JDJPSHGBQ4ACCFWB6RYR,2025-05-07T15:58:36.547515-04:00,01JTP4KRJXAJJQNKH4SGMXD11S,2025-05-07T15:58:36.547515-04:00,01JTP4SK0BWJCKSNYJWQXVZH5Y,2025-05-07T15:58:36.547515-04:00
01JTP5BX7BM6JWTCZ28NEKFVTY,01JTP4JDJ40BEJA7QHQ7A49HFV,2025-05-07T16:00:36.587812-04:00,01JTP4JDJPSHGBQ4ACCFWB6RYR,2025-05-07T16:00:36.587812-04:00,01JTP4KRJXAJJQNKH4SGMXD11S,2025-05-07T16:00:36.587812-04:00,01JTP4SK0BWJCKSNYJXPWJDC3G,2025-05-07T16:00:36.587812-04:00
