id,batchID,batchIDLastChangedAt,duration,durationLastChangedAt,ended,endedLastChangedAt,gameID,gameIDLastChangedAt,index,indexLastChangedAt,initialized,initializedLastChangedAt,name,nameLastChangedAt,roundID,roundIDLastChangedAt,start,startLastChangedAt,started,startedLastChangedAt,timerID,timerIDLastChangedAt
01JTP4SK0T9AX11Y33HX6582F6,01JTP4JDJ40BEJA7QHQ7A49HFV,2025-05-07T15:50:36.314103-04:00,120,2025-05-07T15:50:36.314103-04:00,true,2025-05-07T15:56:36.486464-04:00,01JTP4JDJPSHGBQ4ACCFWB6RYR,2025-05-07T15:50:36.314103-04:00,0,2025-05-07T15:50:36.314103-04:00,true,2025-05-07T15:54:36.4725-04:00,Negotiation,2025-05-07T15:50:36.314103-04:00,01JTP4SK0BWJCKSNYJW7EMM39K,2025-05-07T15:50:36.314103-04:00,true,2025-05-07T15:54:36.467699-04:00,true,2025-05-07T15:54:36.476449-04:00,01JTP4SK0RNA7D8MWXBHY4FDYA,2025-05-07T15:50:36.314103-04:00
01JTP4SK0XT297PH759NC0AM0V,01JTP4JDJ40BEJA7QHQ7A49HFV,2025-05-07T15:50:36.317223-04:00,120,2025-05-07T15:50:36.317223-04:00,true,2025-05-07T15:58:36.530422-04:00,01JTP4JDJPSHGBQ4ACCFWB6RYR,2025-05-07T15:50:36.317223-04:00,0,2025-05-07T15:50:36.317223-04:00,true,2025-05-07T15:56:36.51907-04:00,Negotiation,2025-05-07T15:50:36.317223-04:00,01JTP4SK0BWJCKSNYJX3RM3MT2,2025-05-07T15:50:36.317223-04:00,true,2025-05-07T15:56:36.512876-04:00,true,2025-05-07T15:56:36.52339-04:00,01JTP4SK0WA6VMSN6FXN21NM28,2025-05-07T15:50:36.317223-04:00
01JTP4SK1027TDJ4SCCDWVHFYC,01JTP4JDJ40BEJA7QHQ7A49HFV,2025-05-07T15:50:36.320425-04:00,120,2025-05-07T15:50:36.320425-04:00,true,2025-05-07T16:00:36.568468-04:00,01JTP4JDJPSHGBQ4ACCFWB6RYR,2025-05-07T15:50:36.320425-04:00,0,2025-05-07T15:50:36.320425-04:00,true,2025-05-07T15:58:36.558707-04:00,Negotiation,2025-05-07T15:50:36.320425-04:00,01JTP4SK0BWJCKSNYJWQXVZH5Y,2025-05-07T15:50:36.320425-04:00,true,2025-05-07T15:58:36.553901-04:00,true,2025-05-07T15:58:36.562457-04:00,01JTP4SK0Z9DWJ2YQSJQGXKT17,2025-05-07T15:50:36.320425-04:00
01JTP4SK1334SYWYR4N7ZVA1FY,01JTP4JDJ40BEJA7QHQ7A49HFV,2025-05-07T15:50:36.323801-04:00,120,2025-05-07T15:50:36.323801-04:00,false,2025-05-07T15:50:36.323801-04:00,01JTP4JDJPSHGBQ4ACCFWB6RYR,2025-05-07T15:50:36.323801-04:00,0,2025-05-07T15:50:36.323801-04:00,true,2025-05-07T16:00:36.597794-04:00,Negotiation,2025-05-07T15:50:36.323801-04:00,01JTP4SK0BWJCKSNYJXPWJDC3G,2025-05-07T15:50:36.323801-04:00,true,2025-05-07T16:00:36.59318-04:00,true,2025-05-07T16:00:36.601903-04:00,01JTP4SK12RC2KGDHJ97WABFHS,2025-05-07T15:50:36.323801-04:00
01JTP4SK0JRT4XRG6RK2JKZJ8M,01JTP4JDJ40BEJA7QHQ7A49HFV,2025-05-07T15:50:36.30624-04:00,120,2025-05-07T15:50:36.30624-04:00,true,2025-05-07T15:52:36.39887-04:00,01JTP4JDJPSHGBQ4ACCFWB6RYR,2025-05-07T15:50:36.30624-04:00,0,2025-05-07T15:50:36.30624-04:00,true,2025-05-07T15:50:36.385918-04:00,Negotiation,2025-05-07T15:50:36.30624-04:00,01JTP4SK0616B2D0XT2490XVRW,2025-05-07T15:50:36.30624-04:00,true,2025-05-07T15:50:36.379943-04:00,true,2025-05-07T15:50:36.388215-04:00,01JTP4SK0G1WSF9KCZCGHBJMP1,2025-05-07T15:50:36.30624-04:00
01JTP4SK0PAVJ2BKVQVXPXAGR4,01JTP4JDJ40BEJA7QHQ7A49HFV,2025-05-07T15:50:36.310435-04:00,120,2025-05-07T15:50:36.310435-04:00,true,2025-05-07T15:54:36.44648-04:00,01JTP4JDJPSHGBQ4ACCFWB6RYR,2025-05-07T15:50:36.310435-04:00,0,2025-05-07T15:50:36.310435-04:00,true,2025-05-07T15:52:36.429096-04:00,Negotiation,2025-05-07T15:50:36.310435-04:00,01JTP4SK0BWJCKSNYJVPB4YM84,2025-05-07T15:50:36.310435-04:00,true,2025-05-07T15:52:36.423679-04:00,true,2025-05-07T15:52:36.436588-04:00,01JTP4SK0NWP0EA5WPNEX3AHCE,2025-05-07T15:50:36.310435-04:00
