id,batchID,batchIDLastChangedAt,gameID,gameIDLastChangedAt,playerID,playerIDLastChangedAt,roundID,roundIDLastChangedAt
01JW0Q1P0W8Q6028JCTDXJV29T,01JW0Q0MNGYTG5DBCYF297T151,2025-05-24T04:37:42.044562-04:00,01JW0Q0MP18K1GR0WNMA3GYFEV,2025-05-24T04:37:42.044562-04:00,01JW0Q1CA1S34MPMJWW73S96C1,2025-05-24T04:37:42.044562-04:00,01JW0Q1NYFAPACEW3H5DPCGF0K,2025-05-24T04:37:42.044562-04:00
01JW0QCNPV8T218WP91W6M3WPS,01JW0Q0MNGYTG5DBCYF297T151,2025-05-24T04:43:42.171632-04:00,01JW0Q0MP18K1GR0WNMA3GYFEV,2025-05-24T04:43:42.171632-04:00,01JW0Q1CA1S34MPMJWW73S96C1,2025-05-24T04:43:42.171632-04:00,01JW0Q1NYJS7BVPQ663CF9M6NZ,2025-05-24T04:43:42.171632-04:00
01JW0QGAXYZV0VNC238532W9GP,01JW0Q0MNGYTG5DBCYF297T151,2025-05-24T04:45:42.206077-04:00,01JW0Q0MP18K1GR0WNMA3GYFEV,2025-05-24T04:45:42.206077-04:00,01JW0Q1CA1S34MPMJWW73S96C1,2025-05-24T04:45:42.206077-04:00,01JW0Q1NYJS7BVPQ662V605AYQ,2025-05-24T04:45:42.206077-04:00
01JW0QM06VR0WCRRX1F43HJ9CP,01JW0Q0MNGYTG5DBCYF297T151,2025-05-24T04:47:42.299997-04:00,01JW0Q0MP18K1GR0WNMA3GYFEV,2025-05-24T04:47:42.299997-04:00,01JW0Q0WMPJWGAR9Z9N13ENDEX,2025-05-24T04:47:42.299997-04:00,01JW0Q1NYJS7BVPQ663RHTJBVT,2025-05-24T04:47:42.299997-04:00
01JW0QGAXX2PKETZX16DBGS05X,01JW0Q0MNGYTG5DBCYF297T151,2025-05-24T04:45:42.205978-04:00,01JW0Q0MP18K1GR0WNMA3GYFEV,2025-05-24T04:45:42.205978-04:00,01JW0Q0WMPJWGAR9Z9N13ENDEX,2025-05-24T04:45:42.205978-04:00,01JW0Q1NYJS7BVPQ662V605AYQ,2025-05-24T04:45:42.205978-04:00
01JW0QM06W0P5PKT3G9A6FJS6F,01JW0Q0MNGYTG5DBCYF297T151,2025-05-24T04:47:42.300128-04:00,01JW0Q0MP18K1GR0WNMA3GYFEV,2025-05-24T04:47:42.300128-04:00,01JW0Q1CA1S34MPMJWW73S96C1,2025-05-24T04:47:42.300128-04:00,01JW0Q1NYJS7BVPQ663RHTJBVT,2025-05-24T04:47:42.300128-04:00
01JW0Q1P0W8Q6028JCTV6VQA07,01JW0Q0MNGYTG5DBCYF297T151,2025-05-24T04:37:42.04464-04:00,01JW0Q0MP18K1GR0WNMA3GYFEV,2025-05-24T04:37:42.04464-04:00,01JW0Q0WMPJWGAR9Z9N13ENDEX,2025-05-24T04:37:42.04464-04:00,01JW0Q1NYFAPACEW3H5DPCGF0K,2025-05-24T04:37:42.04464-04:00
01JW0Q5B8BY5BVMFV5DXZ9QFCY,01JW0Q0MNGYTG5DBCYF297T151,2025-05-24T04:39:42.091225-04:00,01JW0Q0MP18K1GR0WNMA3GYFEV,2025-05-24T04:39:42.091225-04:00,01JW0Q0WMPJWGAR9Z9N13ENDEX,2025-05-24T04:39:42.091225-04:00,01JW0Q1NYHFHTTZNKW6DAAVHGF,2025-05-24T04:39:42.091225-04:00
01JW0Q5B8BY5BVMFV5E87QF1SZ,01JW0Q0MNGYTG5DBCYF297T151,2025-05-24T04:39:42.091333-04:00,01JW0Q0MP18K1GR0WNMA3GYFEV,2025-05-24T04:39:42.091333-04:00,01JW0Q1CA1S34MPMJWW73S96C1,2025-05-24T04:39:42.091333-04:00,01JW0Q1NYHFHTTZNKW6DAAVHGF,2025-05-24T04:39:42.091333-04:00
01JW0Q90FPN2V1P6CZ4KYNJQBK,01JW0Q0MNGYTG5DBCYF297T151,2025-05-24T04:41:42.134828-04:00,01JW0Q0MP18K1GR0WNMA3GYFEV,2025-05-24T04:41:42.134828-04:00,01JW0Q1CA1S34MPMJWW73S96C1,2025-05-24T04:41:42.134828-04:00,01JW0Q1NYHFHTTZNKW700KK2QK,2025-05-24T04:41:42.134828-04:00
01JW0Q90FPN2V1P6CZ4R8AKH9X,01JW0Q0MNGYTG5DBCYF297T151,2025-05-24T04:41:42.135017-04:00,01JW0Q0MP18K1GR0WNMA3GYFEV,2025-05-24T04:41:42.135017-04:00,01JW0Q0WMPJWGAR9Z9N13ENDEX,2025-05-24T04:41:42.135017-04:00,01JW0Q1NYHFHTTZNKW700KK2QK,2025-05-24T04:41:42.135017-04:00
01JW0QCNPV8T218WP9252JKW5Z,01JW0Q0MNGYTG5DBCYF297T151,2025-05-24T04:43:42.171756-04:00,01JW0Q0MP18K1GR0WNMA3GYFEV,2025-05-24T04:43:42.171756-04:00,01JW0Q0WMPJWGAR9Z9N13ENDEX,2025-05-24T04:43:42.171756-04:00,01JW0Q1NYJS7BVPQ663CF9M6NZ,2025-05-24T04:43:42.171756-04:00
