id,batchID,batchIDLastChangedAt,gameID,gameIDLastChangedAt,playerID,playerIDLastChangedAt,roundID,roundIDLastChangedAt,stageID,stageIDLastChangedAt
01JW0Q90G0MS1QFG2WSCT0XSH2,01JW0Q0MNGYTG5DBCYF297T151,2025-05-24T04:41:42.14416-04:00,01JW0Q0MP18K1GR0WNMA3GYFEV,2025-05-24T04:41:42.14416-04:00,01JW0Q0WMPJWGAR9Z9N13ENDEX,2025-05-24T04:41:42.14416-04:00,01JW0Q1NYHFHTTZNKW700KK2QK,2025-05-24T04:41:42.14416-04:00,01JW0Q1NZ09KJ8CJGTMEE99N7Q,2025-05-24T04:41:42.14416-04:00
01JW0QCNQ4JQTFV0FJEP4A9NHM,01JW0Q0MNGYTG5DBCYF297T151,2025-05-24T04:43:42.180796-04:00,01JW0Q0MP18K1GR0WNMA3GYFEV,2025-05-24T04:43:42.180796-04:00,01JW0Q1CA1S34MPMJWW73S96C1,2025-05-24T04:43:42.180796-04:00,01JW0Q1NYJS7BVPQ663CF9M6NZ,2025-05-24T04:43:42.180796-04:00,01JW0Q1NZ3ESPA3T616XBW1FN9,2025-05-24T04:43:42.180796-04:00
01JW0QGAY4HZNT87D18ZF1C0BQ,01JW0Q0MNGYTG5DBCYF297T151,2025-05-24T04:45:42.21292-04:00,01JW0Q0MP18K1GR0WNMA3GYFEV,2025-05-24T04:45:42.21292-04:00,01JW0Q1CA1S34MPMJWW73S96C1,2025-05-24T04:45:42.21292-04:00,01JW0Q1NYJS7BVPQ662V605AYQ,2025-05-24T04:45:42.21292-04:00,01JW0Q1NZ7B3Y9VKECFTWZ8A74,2025-05-24T04:45:42.21292-04:00
01JW0Q1P17S3P18PETFVWP6HCS,01JW0Q0MNGYTG5DBCYF297T151,2025-05-24T04:37:42.055847-04:00,01JW0Q0MP18K1GR0WNMA3GYFEV,2025-05-24T04:37:42.055847-04:00,01JW0Q0WMPJWGAR9Z9N13ENDEX,2025-05-24T04:37:42.055847-04:00,01JW0Q1NYFAPACEW3H5DPCGF0K,2025-05-24T04:37:42.055847-04:00,01JW0Q1NYRN3EMCS4YGYZWCBT7,2025-05-24T04:37:42.055847-04:00
01JW0Q1P17S3P18PETG89S0HY7,01JW0Q0MNGYTG5DBCYF297T151,2025-05-24T04:37:42.055945-04:00,01JW0Q0MP18K1GR0WNMA3GYFEV,2025-05-24T04:37:42.055945-04:00,01JW0Q1CA1S34MPMJWW73S96C1,2025-05-24T04:37:42.055945-04:00,01JW0Q1NYFAPACEW3H5DPCGF0K,2025-05-24T04:37:42.055945-04:00,01JW0Q1NYRN3EMCS4YGYZWCBT7,2025-05-24T04:37:42.055945-04:00
01JW0Q5B8MCTN6ZTC74GMF08A7,01JW0Q0MNGYTG5DBCYF297T151,2025-05-24T04:39:42.100774-04:00,01JW0Q0MP18K1GR0WNMA3GYFEV,2025-05-24T04:39:42.100774-04:00,01JW0Q0WMPJWGAR9Z9N13ENDEX,2025-05-24T04:39:42.100774-04:00,01JW0Q1NYHFHTTZNKW6DAAVHGF,2025-05-24T04:39:42.100774-04:00,01JW0Q1NYWW21TGNFT3GD94MQX,2025-05-24T04:39:42.100774-04:00
01JW0Q5B8MCTN6ZTC74V72F400,01JW0Q0MNGYTG5DBCYF297T151,2025-05-24T04:39:42.100901-04:00,01JW0Q0MP18K1GR0WNMA3GYFEV,2025-05-24T04:39:42.100901-04:00,01JW0Q1CA1S34MPMJWW73S96C1,2025-05-24T04:39:42.100901-04:00,01JW0Q1NYHFHTTZNKW6DAAVHGF,2025-05-24T04:39:42.100901-04:00,01JW0Q1NYWW21TGNFT3GD94MQX,2025-05-24T04:39:42.100901-04:00
01JW0Q90G0MS1QFG2WS3X340H2,01JW0Q0MNGYTG5DBCYF297T151,2025-05-24T04:41:42.144045-04:00,01JW0Q0MP18K1GR0WNMA3GYFEV,2025-05-24T04:41:42.144045-04:00,01JW0Q1CA1S34MPMJWW73S96C1,2025-05-24T04:41:42.144045-04:00,01JW0Q1NYHFHTTZNKW700KK2QK,2025-05-24T04:41:42.144045-04:00,01JW0Q1NZ09KJ8CJGTMEE99N7Q,2025-05-24T04:41:42.144045-04:00
01JW0QM075GT210FSJKDSC6SBR,01JW0Q0MNGYTG5DBCYF297T151,2025-05-24T04:47:42.30908-04:00,01JW0Q0MP18K1GR0WNMA3GYFEV,2025-05-24T04:47:42.30908-04:00,01JW0Q1CA1S34MPMJWW73S96C1,2025-05-24T04:47:42.30908-04:00,01JW0Q1NYJS7BVPQ663RHTJBVT,2025-05-24T04:47:42.30908-04:00,01JW0Q1NZAYX1BY3H63FPXW2A5,2025-05-24T04:47:42.30908-04:00
01JW0QCNQ4JQTFV0FJF798BEAT,01JW0Q0MNGYTG5DBCYF297T151,2025-05-24T04:43:42.180928-04:00,01JW0Q0MP18K1GR0WNMA3GYFEV,2025-05-24T04:43:42.180928-04:00,01JW0Q0WMPJWGAR9Z9N13ENDEX,2025-05-24T04:43:42.180928-04:00,01JW0Q1NYJS7BVPQ663CF9M6NZ,2025-05-24T04:43:42.180928-04:00,01JW0Q1NZ3ESPA3T616XBW1FN9,2025-05-24T04:43:42.180928-04:00
01JW0QGAY59PVY8VX6Z6FFVQX6,01JW0Q0MNGYTG5DBCYF297T151,2025-05-24T04:45:42.213029-04:00,01JW0Q0MP18K1GR0WNMA3GYFEV,2025-05-24T04:45:42.213029-04:00,01JW0Q0WMPJWGAR9Z9N13ENDEX,2025-05-24T04:45:42.213029-04:00,01JW0Q1NYJS7BVPQ662V605AYQ,2025-05-24T04:45:42.213029-04:00,01JW0Q1NZ7B3Y9VKECFTWZ8A74,2025-05-24T04:45:42.213029-04:00
01JW0QM074PZVFSWJHC4PA3AH8,01JW0Q0MNGYTG5DBCYF297T151,2025-05-24T04:47:42.308952-04:00,01JW0Q0MP18K1GR0WNMA3GYFEV,2025-05-24T04:47:42.308952-04:00,01JW0Q0WMPJWGAR9Z9N13ENDEX,2025-05-24T04:47:42.308952-04:00,01JW0Q1NYJS7BVPQ663RHTJBVT,2025-05-24T04:47:42.308952-04:00,01JW0Q1NZAYX1BY3H63FPXW2A5,2025-05-24T04:47:42.308952-04:00
