id,batchID,batchIDLastChangedAt,duration,durationLastChangedAt,ended,endedLastChangedAt,endedReason,endedReasonLastChangedAt,gameID,gameIDLastChangedAt,index,indexLastChangedAt,initialized,initializedLastChangedAt,name,nameLastChangedAt,offers,offersLastChangedAt,roundID,roundIDLastChangedAt,start,startLastChangedAt,started,startedLastChangedAt,status,statusLastChangedAt,submit,submitLastChangedAt,timerID,timerIDLastChangedAt
01JW0Q1NZ7B3Y9VKECFTWZ8A74,01JW0Q0MNGYTG5DBCYF297T151,2025-05-24T04:37:41.991418-04:00,120,2025-05-24T04:37:41.991418-04:00,true,2025-05-24T04:47:42.283919-04:00,,,01JW0Q0MP18K1GR0WNMA3GYFEV,2025-05-24T04:37:41.991418-04:00,0,2025-05-24T04:37:41.991418-04:00,true,2025-05-24T04:45:42.214187-04:00,Negotiation,2025-05-24T04:37:41.991418-04:00,,,01JW0Q1NYJS7BVPQ662V605AYQ,2025-05-24T04:37:41.991418-04:00,true,2025-05-24T04:45:42.210364-04:00,true,2025-05-24T04:45:42.218238-04:00,,,,,01JW0Q1NZ5GQE3N4D10PXNT415,2025-05-24T04:37:41.991418-04:00
01JW0Q1NZAYX1BY3H63FPXW2A5,01JW0Q0MNGYTG5DBCYF297T151,2025-05-24T04:37:41.994484-04:00,120,2025-05-24T04:37:41.994484-04:00,true,2025-05-24T04:49:30.805662-04:00,null,2025-05-24T04:49:30.805662-04:00,01JW0Q0MP18K1GR0WNMA3GYFEV,2025-05-24T04:37:41.994484-04:00,0,2025-05-24T04:37:41.994484-04:00,true,2025-05-24T04:47:42.310955-04:00,Negotiation,2025-05-24T04:37:41.994484-04:00,"{""Hr"":{""salary"":114000,""bonuses"":25000,""stockOptions"":70000,""vacationDays"":10},""Employee"":{""salary"":114000,""bonuses"":25000,""stockOptions"":70000,""vacationDays"":10}}",2025-05-24T04:49:30.574127-04:00,01JW0Q1NYJS7BVPQ663RHTJBVT,2025-05-24T04:37:41.994484-04:00,true,2025-05-24T04:47:42.305658-04:00,true,2025-05-24T04:47:42.315144-04:00,null,2025-05-24T04:49:30.805662-04:00,true,2025-05-24T04:49:30.807347-04:00,01JW0Q1NZ9A433JZFEXFC58XCE,2025-05-24T04:37:41.994484-04:00
01JW0Q1NYRN3EMCS4YGYZWCBT7,01JW0Q0MNGYTG5DBCYF297T151,2025-05-24T04:37:41.976203-04:00,120,2025-05-24T04:37:41.976203-04:00,true,2025-05-24T04:39:42.069806-04:00,,,01JW0Q0MP18K1GR0WNMA3GYFEV,2025-05-24T04:37:41.976203-04:00,0,2025-05-24T04:37:41.976203-04:00,true,2025-05-24T04:37:42.057284-04:00,Negotiation,2025-05-24T04:37:41.976203-04:00,,,01JW0Q1NYFAPACEW3H5DPCGF0K,2025-05-24T04:37:41.976203-04:00,true,2025-05-24T04:37:42.047667-04:00,true,2025-05-24T04:37:42.059253-04:00,,,,,01JW0Q1NYPXBZ0AC623XGFRRS0,2025-05-24T04:37:41.976203-04:00
01JW0Q1NYWW21TGNFT3GD94MQX,01JW0Q0MNGYTG5DBCYF297T151,2025-05-24T04:37:41.980713-04:00,120,2025-05-24T04:37:41.980713-04:00,true,2025-05-24T04:41:42.117374-04:00,,,01JW0Q0MP18K1GR0WNMA3GYFEV,2025-05-24T04:37:41.980713-04:00,0,2025-05-24T04:37:41.980713-04:00,true,2025-05-24T04:39:42.102851-04:00,Negotiation,2025-05-24T04:37:41.980713-04:00,,,01JW0Q1NYHFHTTZNKW6DAAVHGF,2025-05-24T04:37:41.980713-04:00,true,2025-05-24T04:39:42.096748-04:00,true,2025-05-24T04:39:42.107483-04:00,,,,,01JW0Q1NYV1GAP95DZTS3E27A8,2025-05-24T04:37:41.980713-04:00
01JW0Q1NZ09KJ8CJGTMEE99N7Q,01JW0Q0MNGYTG5DBCYF297T151,2025-05-24T04:37:41.984076-04:00,120,2025-05-24T04:37:41.984076-04:00,true,2025-05-24T04:43:42.153684-04:00,,,01JW0Q0MP18K1GR0WNMA3GYFEV,2025-05-24T04:37:41.984076-04:00,0,2025-05-24T04:37:41.984076-04:00,true,2025-05-24T04:41:42.145505-04:00,Negotiation,2025-05-24T04:37:41.984076-04:00,,,01JW0Q1NYHFHTTZNKW700KK2QK,2025-05-24T04:37:41.984076-04:00,true,2025-05-24T04:41:42.139697-04:00,true,2025-05-24T04:41:42.150081-04:00,,,,,01JW0Q1NYZZBE69BK041VZHSCP,2025-05-24T04:37:41.984076-04:00
01JW0Q1NZ3ESPA3T616XBW1FN9,01JW0Q0MNGYTG5DBCYF297T151,2025-05-24T04:37:41.987738-04:00,120,2025-05-24T04:37:41.987738-04:00,true,2025-05-24T04:45:42.192032-04:00,,,01JW0Q0MP18K1GR0WNMA3GYFEV,2025-05-24T04:37:41.987738-04:00,0,2025-05-24T04:37:41.987738-04:00,true,2025-05-24T04:43:42.183166-04:00,Negotiation,2025-05-24T04:37:41.987738-04:00,,,01JW0Q1NYJS7BVPQ663CF9M6NZ,2025-05-24T04:37:41.987738-04:00,true,2025-05-24T04:43:42.176819-04:00,true,2025-05-24T04:43:42.18727-04:00,,,,,01JW0Q1NZ2V9P6HZPMH9NXQMG3,2025-05-24T04:37:41.987738-04:00
