id,batchID,batchIDLastChangedAt,gameID,gameIDLastChangedAt,playerID,playerIDLastChangedAt,roundID,roundIDLastChangedAt
01JTKTMW647WY4SRQ41XQV28M5,01JTKT02DT6H6B0J203NT850T0,2025-05-06T18:14:47.236552-04:00,01JTKT02EFKV2CGW0H9ZNFXR4Z,2025-05-06T18:14:47.236552-04:00,01JTKT1QNGVSJ8DGHBNE23GBM2,2025-05-06T18:14:47.236552-04:00,01JTKT6766TAEMZYVKT1P4BV00,2025-05-06T18:14:47.236552-04:00
01JTKTRHDMQ5AENZSK63K25PEX,01JTKT02DT6H6B0J203NT850T0,2025-05-06T18:16:47.284456-04:00,01JTKT02EFKV2CGW0H9ZNFXR4Z,2025-05-06T18:16:47.284456-04:00,01JTKT1QNGVSJ8DGHBNE23GBM2,2025-05-06T18:16:47.284456-04:00,01JTKT6766TAEMZYVKTK152Z21,2025-05-06T18:16:47.284456-04:00
01JTKT678T0C5V81P6FBPR6JR2,01JTKT02DT6H6B0J203NT850T0,2025-05-06T18:06:47.066374-04:00,01JTKT02EFKV2CGW0H9ZNFXR4Z,2025-05-06T18:06:47.066374-04:00,01JTKT1QNGVSJ8DGHBNE23GBM2,2025-05-06T18:06:47.066374-04:00,01JTKT6764VT051F1NT5081JXY,2025-05-06T18:06:47.066374-04:00
01JTKT9WG8GA8SRHR68TQNQ2TR,01JTKT02DT6H6B0J203NT850T0,2025-05-06T18:08:47.112905-04:00,01JTKT02EFKV2CGW0H9ZNFXR4Z,2025-05-06T18:08:47.112905-04:00,01JTKT1QNGVSJ8DGHBNE23GBM2,2025-05-06T18:08:47.112905-04:00,01JTKT6766TAEMZYVKRR04BKMH,2025-05-06T18:08:47.112905-04:00
01JTKTDHQAEA11KB6QHPWM0KV8,01JTKT02DT6H6B0J203NT850T0,2025-05-06T18:10:47.146465-04:00,01JTKT02EFKV2CGW0H9ZNFXR4Z,2025-05-06T18:10:47.146465-04:00,01JTKT1QNGVSJ8DGHBNE23GBM2,2025-05-06T18:10:47.146465-04:00,01JTKT6766TAEMZYVKS8K0T2G9,2025-05-06T18:10:47.146465-04:00
01JTKTDHQAEA11KB6QJ430065X,01JTKT02DT6H6B0J203NT850T0,2025-05-06T18:10:47.146577-04:00,01JTKT02EFKV2CGW0H9ZNFXR4Z,2025-05-06T18:10:47.146577-04:00,01JTKT28G4N5TFQWNCQHGJWK7Z,2025-05-06T18:10:47.146577-04:00,01JTKT6766TAEMZYVKS8K0T2G9,2025-05-06T18:10:47.146577-04:00
01JTKTH6YNPQ0AX1WWH3QG06Y8,01JTKT02DT6H6B0J203NT850T0,2025-05-06T18:12:47.189702-04:00,01JTKT02EFKV2CGW0H9ZNFXR4Z,2025-05-06T18:12:47.189702-04:00,01JTKT28G4N5TFQWNCQHGJWK7Z,2025-05-06T18:12:47.189702-04:00,01JTKT6766TAEMZYVKSM3QNKDQ,2025-05-06T18:12:47.189702-04:00
01JTKTH6YNPQ0AX1WWHA7HRVKF,01JTKT02DT6H6B0J203NT850T0,2025-05-06T18:12:47.189832-04:00,01JTKT02EFKV2CGW0H9ZNFXR4Z,2025-05-06T18:12:47.189832-04:00,01JTKT1QNGVSJ8DGHBNE23GBM2,2025-05-06T18:12:47.189832-04:00,01JTKT6766TAEMZYVKSM3QNKDQ,2025-05-06T18:12:47.189832-04:00
01JTKTMW647WY4SRQ42994QK7P,01JTKT02DT6H6B0J203NT850T0,2025-05-06T18:14:47.236716-04:00,01JTKT02EFKV2CGW0H9ZNFXR4Z,2025-05-06T18:14:47.236716-04:00,01JTKT28G4N5TFQWNCQHGJWK7Z,2025-05-06T18:14:47.236716-04:00,01JTKT6766TAEMZYVKT1P4BV00,2025-05-06T18:14:47.236716-04:00
01JTKTRHDMQ5AENZSK6EM84NMS,01JTKT02DT6H6B0J203NT850T0,2025-05-06T18:16:47.284591-04:00,01JTKT02EFKV2CGW0H9ZNFXR4Z,2025-05-06T18:16:47.284591-04:00,01JTKT28G4N5TFQWNCQHGJWK7Z,2025-05-06T18:16:47.284591-04:00,01JTKT6766TAEMZYVKTK152Z21,2025-05-06T18:16:47.284591-04:00
01JTKT678T0C5V81P6FK1XQ0GW,01JTKT02DT6H6B0J203NT850T0,2025-05-06T18:06:47.066473-04:00,01JTKT02EFKV2CGW0H9ZNFXR4Z,2025-05-06T18:06:47.066473-04:00,01JTKT28G4N5TFQWNCQHGJWK7Z,2025-05-06T18:06:47.066473-04:00,01JTKT6764VT051F1NT5081JXY,2025-05-06T18:06:47.066473-04:00
01JTKT9WG8GA8SRHR695E21XTP,01JTKT02DT6H6B0J203NT850T0,2025-05-06T18:08:47.113014-04:00,01JTKT02EFKV2CGW0H9ZNFXR4Z,2025-05-06T18:08:47.113014-04:00,01JTKT28G4N5TFQWNCQHGJWK7Z,2025-05-06T18:08:47.113014-04:00,01JTKT6766TAEMZYVKRR04BKMH,2025-05-06T18:08:47.113014-04:00
