id,batchID,batchIDLastChangedAt,gameID,gameIDLastChangedAt,playerID,playerIDLastChangedAt,roundID,roundIDLastChangedAt,stageID,stageIDLastChangedAt
01JTKTDHQMRT5Y2BH9BS2P91SC,01JTKT02DT6H6B0J203NT850T0,2025-05-06T18:10:47.156244-04:00,01JTKT02EFKV2CGW0H9ZNFXR4Z,2025-05-06T18:10:47.156244-04:00,01JTKT1QNGVSJ8DGHBNE23GBM2,2025-05-06T18:10:47.156244-04:00,01JTKT6766TAEMZYVKS8K0T2G9,2025-05-06T18:10:47.156244-04:00,01JTKT676PM9VY1NM5WT8VAAX1,2025-05-06T18:10:47.156244-04:00
01JTKTMW6FF05RYB0QY4SAVA2X,01JTKT02DT6H6B0J203NT850T0,2025-05-06T18:14:47.247146-04:00,01JTKT02EFKV2CGW0H9ZNFXR4Z,2025-05-06T18:14:47.247146-04:00,01JTKT1QNGVSJ8DGHBNE23GBM2,2025-05-06T18:14:47.247146-04:00,01JTKT6766TAEMZYVKT1P4BV00,2025-05-06T18:14:47.247146-04:00,01JTKT676XA94PVXXK692MM69G,2025-05-06T18:14:47.247146-04:00
01JTKTRHDXS526DB2AC6DRFJ8V,01JTKT02DT6H6B0J203NT850T0,2025-05-06T18:16:47.293826-04:00,01JTKT02EFKV2CGW0H9ZNFXR4Z,2025-05-06T18:16:47.293826-04:00,01JTKT1QNGVSJ8DGHBNE23GBM2,2025-05-06T18:16:47.293826-04:00,01JTKT6766TAEMZYVKTK152Z21,2025-05-06T18:16:47.293826-04:00,01JTKT6770AQEPBBTM28T11RRR,2025-05-06T18:16:47.293826-04:00
01JTKTRHDXS526DB2ACKY9V76S,01JTKT02DT6H6B0J203NT850T0,2025-05-06T18:16:47.293954-04:00,01JTKT02EFKV2CGW0H9ZNFXR4Z,2025-05-06T18:16:47.293954-04:00,01JTKT28G4N5TFQWNCQHGJWK7Z,2025-05-06T18:16:47.293954-04:00,01JTKT6766TAEMZYVKTK152Z21,2025-05-06T18:16:47.293954-04:00,01JTKT6770AQEPBBTM28T11RRR,2025-05-06T18:16:47.293954-04:00
01JTKTH6YYHKAT4HJ2WVTW5YW4,01JTKT02DT6H6B0J203NT850T0,2025-05-06T18:12:47.198337-04:00,01JTKT02EFKV2CGW0H9ZNFXR4Z,2025-05-06T18:12:47.198337-04:00,01JTKT1QNGVSJ8DGHBNE23GBM2,2025-05-06T18:12:47.198337-04:00,01JTKT6766TAEMZYVKSM3QNKDQ,2025-05-06T18:12:47.198337-04:00,01JTKT676SWJ1MN538MQ7N61KW,2025-05-06T18:12:47.198337-04:00
01JTKTH6YYHKAT4HJ2X6QD2XAV,01JTKT02DT6H6B0J203NT850T0,2025-05-06T18:12:47.198547-04:00,01JTKT02EFKV2CGW0H9ZNFXR4Z,2025-05-06T18:12:47.198547-04:00,01JTKT28G4N5TFQWNCQHGJWK7Z,2025-05-06T18:12:47.198547-04:00,01JTKT6766TAEMZYVKSM3QNKDQ,2025-05-06T18:12:47.198547-04:00,01JTKT676SWJ1MN538MQ7N61KW,2025-05-06T18:12:47.198547-04:00
01JTKTMW6EZR0XASJB7PJHHD7N,01JTKT02DT6H6B0J203NT850T0,2025-05-06T18:14:47.246998-04:00,01JTKT02EFKV2CGW0H9ZNFXR4Z,2025-05-06T18:14:47.246998-04:00,01JTKT28G4N5TFQWNCQHGJWK7Z,2025-05-06T18:14:47.246998-04:00,01JTKT6766TAEMZYVKT1P4BV00,2025-05-06T18:14:47.246998-04:00,01JTKT676XA94PVXXK692MM69G,2025-05-06T18:14:47.246998-04:00
01JTKT6792PYBGVZG348G7P4YC,01JTKT02DT6H6B0J203NT850T0,2025-05-06T18:06:47.07481-04:00,01JTKT02EFKV2CGW0H9ZNFXR4Z,2025-05-06T18:06:47.07481-04:00,01JTKT1QNGVSJ8DGHBNE23GBM2,2025-05-06T18:06:47.07481-04:00,01JTKT6764VT051F1NT5081JXY,2025-05-06T18:06:47.07481-04:00,01JTKT676DBXBTJMG47DT5BW6Y,2025-05-06T18:06:47.07481-04:00
01JTKT6792PYBGVZG34KK0VB8A,01JTKT02DT6H6B0J203NT850T0,2025-05-06T18:06:47.074933-04:00,01JTKT02EFKV2CGW0H9ZNFXR4Z,2025-05-06T18:06:47.074933-04:00,01JTKT28G4N5TFQWNCQHGJWK7Z,2025-05-06T18:06:47.074933-04:00,01JTKT6764VT051F1NT5081JXY,2025-05-06T18:06:47.074933-04:00,01JTKT676DBXBTJMG47DT5BW6Y,2025-05-06T18:06:47.074933-04:00
01JTKT9WGJ8MEY4E74MDX3TZ7M,01JTKT02DT6H6B0J203NT850T0,2025-05-06T18:08:47.122539-04:00,01JTKT02EFKV2CGW0H9ZNFXR4Z,2025-05-06T18:08:47.122539-04:00,01JTKT1QNGVSJ8DGHBNE23GBM2,2025-05-06T18:08:47.122539-04:00,01JTKT6766TAEMZYVKRR04BKMH,2025-05-06T18:08:47.122539-04:00,01JTKT676JD1JSMMCF8SP0WCZH,2025-05-06T18:08:47.122539-04:00
01JTKT9WGJ8MEY4E74MSGYSA7X,01JTKT02DT6H6B0J203NT850T0,2025-05-06T18:08:47.122671-04:00,01JTKT02EFKV2CGW0H9ZNFXR4Z,2025-05-06T18:08:47.122671-04:00,01JTKT28G4N5TFQWNCQHGJWK7Z,2025-05-06T18:08:47.122671-04:00,01JTKT6766TAEMZYVKRR04BKMH,2025-05-06T18:08:47.122671-04:00,01JTKT676JD1JSMMCF8SP0WCZH,2025-05-06T18:08:47.122671-04:00
01JTKTDHQMRT5Y2BH9BJ642FVG,01JTKT02DT6H6B0J203NT850T0,2025-05-06T18:10:47.156104-04:00,01JTKT02EFKV2CGW0H9ZNFXR4Z,2025-05-06T18:10:47.156104-04:00,01JTKT28G4N5TFQWNCQHGJWK7Z,2025-05-06T18:10:47.156104-04:00,01JTKT6766TAEMZYVKS8K0T2G9,2025-05-06T18:10:47.156104-04:00,01JTKT676PM9VY1NM5WT8VAAX1,2025-05-06T18:10:47.156104-04:00
