id,batchID,batchIDLastChangedAt,gameID,gameIDLastChangedAt,playerID,playerIDLastChangedAt,roundID,roundIDLastChangedAt,stageID,stageIDLastChangedAt
01JTMG1DPSVZN2773QC5N1GE8J,01JTMAFFJE9PDWFJ835HAS6YDK,2025-05-07T00:28:38.489331-04:00,01JTMAFFJZ6AKDPY0GHK75BYJK,2025-05-07T00:28:38.489331-04:00,01JTMAG3CBZYNPN0D68Z2A8EQE,2025-05-07T00:28:38.489331-04:00,01JTMAKTSJXQDECWGFX531S95C,2025-05-07T00:28:38.489331-04:00,01JTMAKTTCPK1AWV3Q6SZHDK3Z,2025-05-07T00:28:38.489331-04:00
01JTMAQG43914KTDHETBXQXV3D,01JTMAFFJE9PDWFJ835HAS6YDK,2025-05-06T22:55:50.403198-04:00,01JTMAFFJZ6AKDPY0GHK75BYJK,2025-05-06T22:55:50.403198-04:00,01JTMAG3CBZYNPN0D68Z2A8EQE,2025-05-06T22:55:50.403198-04:00,01JTMAKTSHQFM21FC1JN0R0WN6,2025-05-06T22:55:50.403198-04:00,01JTMAKTSY20M39TZ238FANV2K,2025-05-06T22:55:50.403198-04:00
01JTMAV5BGJKCCD43015FCZ7SN,01JTMAFFJE9PDWFJ835HAS6YDK,2025-05-06T22:57:50.448307-04:00,01JTMAFFJZ6AKDPY0GHK75BYJK,2025-05-06T22:57:50.448307-04:00,01JTMAG3CBZYNPN0D68Z2A8EQE,2025-05-06T22:57:50.448307-04:00,01JTMAKTSHQFM21FC1J8PRWE6W,2025-05-06T22:57:50.448307-04:00,01JTMAKTT2HZ07YQRQTQK8HC4D,2025-05-06T22:57:50.448307-04:00
01JTMAYTJVNQHNDCHRFC9EVTG0,01JTMAFFJE9PDWFJ835HAS6YDK,2025-05-06T22:59:50.491585-04:00,01JTMAFFJZ6AKDPY0GHK75BYJK,2025-05-06T22:59:50.491585-04:00,01JTMAG9TQ4N98MBYS9G3B3RZG,2025-05-06T22:59:50.491585-04:00,01JTMAKTSHQFM21FC1KN6MN6YW,2025-05-06T22:59:50.491585-04:00,01JTMAKTT56YRT6F64GK2BH1PJ,2025-05-06T22:59:50.491585-04:00
01JTMC3YZ0DD7QTYHF9DFAV7X7,01JTMAFFJE9PDWFJ835HAS6YDK,2025-05-06T23:20:07.392483-04:00,01JTMAFFJZ6AKDPY0GHK75BYJK,2025-05-06T23:20:07.392483-04:00,01JTMAG3CBZYNPN0D68Z2A8EQE,2025-05-06T23:20:07.392483-04:00,01JTMAKTSHQFM21FC1K34C5YN9,2025-05-06T23:20:07.392483-04:00,01JTMAKTT9NBGA70NCSGWFK4FK,2025-05-06T23:20:07.392483-04:00
01JTMAYTJVNQHNDCHREYNT4G3K,01JTMAFFJE9PDWFJ835HAS6YDK,2025-05-06T22:59:50.49146-04:00,01JTMAFFJZ6AKDPY0GHK75BYJK,2025-05-06T22:59:50.49146-04:00,01JTMAG3CBZYNPN0D68Z2A8EQE,2025-05-06T22:59:50.49146-04:00,01JTMAKTSHQFM21FC1KN6MN6YW,2025-05-06T22:59:50.49146-04:00,01JTMAKTT56YRT6F64GK2BH1PJ,2025-05-06T22:59:50.49146-04:00
01JTMC3YZ0DD7QTYHF9TPAB923,01JTMAFFJE9PDWFJ835HAS6YDK,2025-05-06T23:20:07.39259-04:00,01JTMAFFJZ6AKDPY0GHK75BYJK,2025-05-06T23:20:07.39259-04:00,01JTMAG9TQ4N98MBYS9G3B3RZG,2025-05-06T23:20:07.39259-04:00,01JTMAKTSHQFM21FC1K34C5YN9,2025-05-06T23:20:07.39259-04:00,01JTMAKTT9NBGA70NCSGWFK4FK,2025-05-06T23:20:07.39259-04:00
01JTMG1DPSVZN2773QCK4S5WNF,01JTMAFFJE9PDWFJ835HAS6YDK,2025-05-07T00:28:38.489442-04:00,01JTMAFFJZ6AKDPY0GHK75BYJK,2025-05-07T00:28:38.489442-04:00,01JTMAG9TQ4N98MBYS9G3B3RZG,2025-05-07T00:28:38.489442-04:00,01JTMAKTSJXQDECWGFX531S95C,2025-05-07T00:28:38.489442-04:00,01JTMAKTTCPK1AWV3Q6SZHDK3Z,2025-05-07T00:28:38.489442-04:00
01JTMAKTWCGJBJ8YQR4V5HYNZ8,01JTMAFFJE9PDWFJ835HAS6YDK,2025-05-06T22:53:50.348572-04:00,01JTMAFFJZ6AKDPY0GHK75BYJK,2025-05-06T22:53:50.348572-04:00,01JTMAG3CBZYNPN0D68Z2A8EQE,2025-05-06T22:53:50.348572-04:00,01JTMAKTSGDTCK5K14FXKSWW2B,2025-05-06T22:53:50.348572-04:00,01JTMAKTST5VXM5ZG9FCJ0EYFP,2025-05-06T22:53:50.348572-04:00
01JTMAKTWCGJBJ8YQR55F6WYEP,01JTMAFFJE9PDWFJ835HAS6YDK,2025-05-06T22:53:50.348672-04:00,01JTMAFFJZ6AKDPY0GHK75BYJK,2025-05-06T22:53:50.348672-04:00,01JTMAG9TQ4N98MBYS9G3B3RZG,2025-05-06T22:53:50.348672-04:00,01JTMAKTSGDTCK5K14FXKSWW2B,2025-05-06T22:53:50.348672-04:00,01JTMAKTST5VXM5ZG9FCJ0EYFP,2025-05-06T22:53:50.348672-04:00
01JTMAQG43914KTDHESYGGP2BQ,01JTMAFFJE9PDWFJ835HAS6YDK,2025-05-06T22:55:50.403053-04:00,01JTMAFFJZ6AKDPY0GHK75BYJK,2025-05-06T22:55:50.403053-04:00,01JTMAG9TQ4N98MBYS9G3B3RZG,2025-05-06T22:55:50.403053-04:00,01JTMAKTSHQFM21FC1JN0R0WN6,2025-05-06T22:55:50.403053-04:00,01JTMAKTSY20M39TZ238FANV2K,2025-05-06T22:55:50.403053-04:00
01JTMAV5BGJKCCD4301FA32NVR,01JTMAFFJE9PDWFJ835HAS6YDK,2025-05-06T22:57:50.448436-04:00,01JTMAFFJZ6AKDPY0GHK75BYJK,2025-05-06T22:57:50.448436-04:00,01JTMAG9TQ4N98MBYS9G3B3RZG,2025-05-06T22:57:50.448436-04:00,01JTMAKTSHQFM21FC1J8PRWE6W,2025-05-06T22:57:50.448436-04:00,01JTMAKTT2HZ07YQRQTQK8HC4D,2025-05-06T22:57:50.448436-04:00
