id,batchID,batchIDLastChangedAt,gameID,gameIDLastChangedAt,playerID,playerIDLastChangedAt,roundID,roundIDLastChangedAt
01JTMAKTW384MP04FNJA2DPWMM,01JTMAFFJE9PDWFJ835HAS6YDK,2025-05-06T22:53:50.339982-04:00,01JTMAFFJZ6AKDPY0GHK75BYJK,2025-05-06T22:53:50.339982-04:00,01JTMAG3CBZYNPN0D68Z2A8EQE,2025-05-06T22:53:50.339982-04:00,01JTMAKTSGDTCK5K14FXKSWW2B,2025-05-06T22:53:50.339982-04:00
01JTMAQG3K9BE3BKG3J3B3HQR3,01JTMAFFJE9PDWFJ835HAS6YDK,2025-05-06T22:55:50.387363-04:00,01JTMAFFJZ6AKDPY0GHK75BYJK,2025-05-06T22:55:50.387363-04:00,01JTMAG9TQ4N98MBYS9G3B3RZG,2025-05-06T22:55:50.387363-04:00,01JTMAKTSHQFM21FC1JN0R0WN6,2025-05-06T22:55:50.387363-04:00
01JTMAV5B7SQ7624W6QZN4TTMM,01JTMAFFJE9PDWFJ835HAS6YDK,2025-05-06T22:57:50.43953-04:00,01JTMAFFJZ6AKDPY0GHK75BYJK,2025-05-06T22:57:50.43953-04:00,01JTMAG9TQ4N98MBYS9G3B3RZG,2025-05-06T22:57:50.43953-04:00,01JTMAKTSHQFM21FC1J8PRWE6W,2025-05-06T22:57:50.43953-04:00
01JTMAV5B7SQ7624W6R7FCCTZN,01JTMAFFJE9PDWFJ835HAS6YDK,2025-05-06T22:57:50.439657-04:00,01JTMAFFJZ6AKDPY0GHK75BYJK,2025-05-06T22:57:50.439657-04:00,01JTMAG3CBZYNPN0D68Z2A8EQE,2025-05-06T22:57:50.439657-04:00,01JTMAKTSHQFM21FC1J8PRWE6W,2025-05-06T22:57:50.439657-04:00
01JTMC3YYQT4GY6DR87GDAX69M,01JTMAFFJE9PDWFJ835HAS6YDK,2025-05-06T23:20:07.383867-04:00,01JTMAFFJZ6AKDPY0GHK75BYJK,2025-05-06T23:20:07.383867-04:00,01JTMAG3CBZYNPN0D68Z2A8EQE,2025-05-06T23:20:07.383867-04:00,01JTMAKTSHQFM21FC1K34C5YN9,2025-05-06T23:20:07.383867-04:00
01JTMAKTW4T36G5DJ1X6FZPTCJ,01JTMAFFJE9PDWFJ835HAS6YDK,2025-05-06T22:53:50.340076-04:00,01JTMAFFJZ6AKDPY0GHK75BYJK,2025-05-06T22:53:50.340076-04:00,01JTMAG9TQ4N98MBYS9G3B3RZG,2025-05-06T22:53:50.340076-04:00,01JTMAKTSGDTCK5K14FXKSWW2B,2025-05-06T22:53:50.340076-04:00
01JTMAQG3K9BE3BKG3HQZM03QS,01JTMAFFJE9PDWFJ835HAS6YDK,2025-05-06T22:55:50.387233-04:00,01JTMAFFJZ6AKDPY0GHK75BYJK,2025-05-06T22:55:50.387233-04:00,01JTMAG3CBZYNPN0D68Z2A8EQE,2025-05-06T22:55:50.387233-04:00,01JTMAKTSHQFM21FC1JN0R0WN6,2025-05-06T22:55:50.387233-04:00
01JTMAYTJJAH0GNY5SCKBSAT3R,01JTMAFFJE9PDWFJ835HAS6YDK,2025-05-06T22:59:50.482276-04:00,01JTMAFFJZ6AKDPY0GHK75BYJK,2025-05-06T22:59:50.482276-04:00,01JTMAG9TQ4N98MBYS9G3B3RZG,2025-05-06T22:59:50.482276-04:00,01JTMAKTSHQFM21FC1KN6MN6YW,2025-05-06T22:59:50.482276-04:00
01JTMAYTJJAH0GNY5SCXV25Z90,01JTMAFFJE9PDWFJ835HAS6YDK,2025-05-06T22:59:50.4824-04:00,01JTMAFFJZ6AKDPY0GHK75BYJK,2025-05-06T22:59:50.4824-04:00,01JTMAG3CBZYNPN0D68Z2A8EQE,2025-05-06T22:59:50.4824-04:00,01JTMAKTSHQFM21FC1KN6MN6YW,2025-05-06T22:59:50.4824-04:00
01JTMC3YYQT4GY6DR87QTNCH4Y,01JTMAFFJE9PDWFJ835HAS6YDK,2025-05-06T23:20:07.383987-04:00,01JTMAFFJZ6AKDPY0GHK75BYJK,2025-05-06T23:20:07.383987-04:00,01JTMAG9TQ4N98MBYS9G3B3RZG,2025-05-06T23:20:07.383987-04:00,01JTMAKTSHQFM21FC1K34C5YN9,2025-05-06T23:20:07.383987-04:00
01JTMG1DPG193P17JNCKYZTMDB,01JTMAFFJE9PDWFJ835HAS6YDK,2025-05-07T00:28:38.480671-04:00,01JTMAFFJZ6AKDPY0GHK75BYJK,2025-05-07T00:28:38.480671-04:00,01JTMAG9TQ4N98MBYS9G3B3RZG,2025-05-07T00:28:38.480671-04:00,01JTMAKTSJXQDECWGFX531S95C,2025-05-07T00:28:38.480671-04:00
01JTMG1DPG193P17JNCZCMAE2Q,01JTMAFFJE9PDWFJ835HAS6YDK,2025-05-07T00:28:38.480781-04:00,01JTMAFFJZ6AKDPY0GHK75BYJK,2025-05-07T00:28:38.480781-04:00,01JTMAG3CBZYNPN0D68Z2A8EQE,2025-05-07T00:28:38.480781-04:00,01JTMAKTSJXQDECWGFX531S95C,2025-05-07T00:28:38.480781-04:00
