id,batchID,batchIDLastChangedAt,duration,durationLastChangedAt,ended,endedLastChangedAt,gameID,gameIDLastChangedAt,index,indexLastChangedAt,initialized,initializedLastChangedAt,name,nameLastChangedAt,roundID,roundIDLastChangedAt,start,startLastChangedAt,started,startedLastChangedAt,timerID,timerIDLastChangedAt
01JTMAKTST5VXM5ZG9FCJ0EYFP,01JTMAFFJE9PDWFJ835HAS6YDK,2025-05-06T22:53:50.266017-04:00,120,2025-05-06T22:53:50.266017-04:00,true,2025-05-06T22:55:50.366104-04:00,01JTMAFFJZ6AKDPY0GHK75BYJK,2025-05-06T22:53:50.266017-04:00,0,2025-05-06T22:53:50.266017-04:00,true,2025-05-06T22:53:50.349642-04:00,Negotiation,2025-05-06T22:53:50.266017-04:00,01JTMAKTSGDTCK5K14FXKSWW2B,2025-05-06T22:53:50.266017-04:00,true,2025-05-06T22:53:50.343566-04:00,true,2025-05-06T22:53:50.352339-04:00,01JTMAKTSQ2DM2DG985MQ97TC9,2025-05-06T22:53:50.266017-04:00
01JTMAKTSY20M39TZ238FANV2K,01JTMAFFJE9PDWFJ835HAS6YDK,2025-05-06T22:53:50.270396-04:00,120,2025-05-06T22:53:50.270396-04:00,true,2025-05-06T22:57:50.422425-04:00,01JTMAFFJZ6AKDPY0GHK75BYJK,2025-05-06T22:53:50.270396-04:00,0,2025-05-06T22:53:50.270396-04:00,true,2025-05-06T22:55:50.405787-04:00,Negotiation,2025-05-06T22:53:50.270396-04:00,01JTMAKTSHQFM21FC1JN0R0WN6,2025-05-06T22:53:50.270396-04:00,true,2025-05-06T22:55:50.396136-04:00,true,2025-05-06T22:55:50.411599-04:00,01JTMAKTSX82QGM29MXDHEQCX3,2025-05-06T22:53:50.270396-04:00
01JTMAKTT2HZ07YQRQTQK8HC4D,01JTMAFFJE9PDWFJ835HAS6YDK,2025-05-06T22:53:50.274174-04:00,120,2025-05-06T22:53:50.274174-04:00,true,2025-05-06T22:59:50.465367-04:00,01JTMAFFJZ6AKDPY0GHK75BYJK,2025-05-06T22:53:50.274174-04:00,0,2025-05-06T22:53:50.274174-04:00,true,2025-05-06T22:57:50.449891-04:00,Negotiation,2025-05-06T22:53:50.274174-04:00,01JTMAKTSHQFM21FC1J8PRWE6W,2025-05-06T22:53:50.274174-04:00,true,2025-05-06T22:57:50.445118-04:00,true,2025-05-06T22:57:50.454069-04:00,01JTMAKTT019S083ZXCZHX174K,2025-05-06T22:53:50.274174-04:00
01JTMAKTT56YRT6F64GK2BH1PJ,01JTMAFFJE9PDWFJ835HAS6YDK,2025-05-06T22:53:50.277927-04:00,120,2025-05-06T22:53:50.277927-04:00,true,2025-05-06T23:20:07.363914-04:00,01JTMAFFJZ6AKDPY0GHK75BYJK,2025-05-06T22:53:50.277927-04:00,0,2025-05-06T22:53:50.277927-04:00,true,2025-05-06T22:59:50.49331-04:00,Negotiation,2025-05-06T22:53:50.277927-04:00,01JTMAKTSHQFM21FC1KN6MN6YW,2025-05-06T22:53:50.277927-04:00,true,2025-05-06T22:59:50.487835-04:00,true,2025-05-06T22:59:50.497677-04:00,01JTMAKTT4PCSEHNR4ND2JYMZ4,2025-05-06T22:53:50.277927-04:00
01JTMAKTT9NBGA70NCSGWFK4FK,01JTMAFFJE9PDWFJ835HAS6YDK,2025-05-06T22:53:50.281294-04:00,120,2025-05-06T22:53:50.281294-04:00,true,2025-05-07T00:28:38.461798-04:00,01JTMAFFJZ6AKDPY0GHK75BYJK,2025-05-06T22:53:50.281294-04:00,0,2025-05-06T22:53:50.281294-04:00,true,2025-05-06T23:20:07.394177-04:00,Negotiation,2025-05-06T22:53:50.281294-04:00,01JTMAKTSHQFM21FC1K34C5YN9,2025-05-06T22:53:50.281294-04:00,true,2025-05-06T23:20:07.388823-04:00,true,2025-05-06T23:20:07.398335-04:00,01JTMAKTT81GTYKQ8WPYANXT1X,2025-05-06T22:53:50.281294-04:00
01JTMAKTTCPK1AWV3Q6SZHDK3Z,01JTMAFFJE9PDWFJ835HAS6YDK,2025-05-06T22:53:50.284616-04:00,120,2025-05-06T22:53:50.284616-04:00,false,2025-05-06T22:53:50.284616-04:00,01JTMAFFJZ6AKDPY0GHK75BYJK,2025-05-06T22:53:50.284616-04:00,0,2025-05-06T22:53:50.284616-04:00,true,2025-05-07T00:28:38.49078-04:00,Negotiation,2025-05-06T22:53:50.284616-04:00,01JTMAKTSJXQDECWGFX531S95C,2025-05-06T22:53:50.284616-04:00,true,2025-05-07T00:28:38.486093-04:00,true,2025-05-07T00:28:38.495-04:00,01JTMAKTTB9MV85V0QKMAEV3N1,2025-05-06T22:53:50.284616-04:00
