id,batchID,batchIDLastChangedAt,gameID,gameIDLastChangedAt,playerID,playerIDLastChangedAt,roundID,roundIDLastChangedAt,stageID,stageIDLastChangedAt
01JV7RER7JM3R7MTCZSASK25GD,01JV7R2TNJX62QMJKR34SQ2WMZ,2025-05-14T12:01:18.066592-04:00,01JV7R2TNVQX1Z77VGY0EPRHRA,2025-05-14T12:01:18.066592-04:00,01JV7R3GTPBEQPX3D9PZERSARX,2025-05-14T12:01:18.066592-04:00,01JV7R7XCFK2GESQB25ZMYT2CW,2025-05-14T12:01:18.066592-04:00,01JV7R7XCVXD4QBHFDYHT1CR9B,2025-05-14T12:01:18.066592-04:00
01JV7RJDE8DWVT8Q3MSHHHMEEM,01JV7R2TNJX62QMJKR34SQ2WMZ,2025-05-14T12:03:18.088465-04:00,01JV7R2TNVQX1Z77VGY0EPRHRA,2025-05-14T12:03:18.088465-04:00,01JV7R3GTPBEQPX3D9PZERSARX,2025-05-14T12:03:18.088465-04:00,01JV7R7XCGT7Z5YKRRXTZPYNJP,2025-05-14T12:03:18.088465-04:00,01JV7R7XCXN39T6BD8XXEQ2A2S,2025-05-14T12:03:18.088465-04:00
01JV7RJDE8DWVT8Q3MSW07Z0PC,01JV7R2TNJX62QMJKR34SQ2WMZ,2025-05-14T12:03:18.08855-04:00,01JV7R2TNVQX1Z77VGY0EPRHRA,2025-05-14T12:03:18.08855-04:00,01JV7R4HFPSTYZ3NSD07312H52,2025-05-14T12:03:18.08855-04:00,01JV7R7XCGT7Z5YKRRXTZPYNJP,2025-05-14T12:03:18.08855-04:00,01JV7R7XCXN39T6BD8XXEQ2A2S,2025-05-14T12:03:18.08855-04:00
01JV7RSQVT8DTPTXYF8MDDXQ8P,01JV7R2TNJX62QMJKR34SQ2WMZ,2025-05-14T12:07:18.138539-04:00,01JV7R2TNVQX1Z77VGY0EPRHRA,2025-05-14T12:07:18.138539-04:00,01JV7R4HFPSTYZ3NSD07312H52,2025-05-14T12:07:18.138539-04:00,01JV7R7XCHNBNVK3TH9Y4FKTJD,2025-05-14T12:07:18.138539-04:00,01JV7R7XD2RT9J99SMNCHKR82Z,2025-05-14T12:07:18.138539-04:00
01JV7R7XEXF340DVYB46HP5H6R,01JV7R2TNJX62QMJKR34SQ2WMZ,2025-05-14T11:57:34.045095-04:00,01JV7R2TNVQX1Z77VGY0EPRHRA,2025-05-14T11:57:34.045095-04:00,01JV7R3GTPBEQPX3D9PZERSARX,2025-05-14T11:57:34.045095-04:00,01JV7R7XCEBVKCAXHC52WHE3XD,2025-05-14T11:57:34.045095-04:00,01JV7R7XCM43EM2VAG6ZFSQD9F,2025-05-14T11:57:34.045095-04:00
01JV7RB30PNF8S95HXGE2PX1KW,01JV7R2TNJX62QMJKR34SQ2WMZ,2025-05-14T11:59:18.038372-04:00,01JV7R2TNVQX1Z77VGY0EPRHRA,2025-05-14T11:59:18.038372-04:00,01JV7R4HFPSTYZ3NSD07312H52,2025-05-14T11:59:18.038372-04:00,01JV7R7XCFK2GESQB26JFTQ1FA,2025-05-14T11:59:18.038372-04:00,01JV7R7XCQEC4GGW93VNT08CZZ,2025-05-14T11:59:18.038372-04:00
01JV7RER7JM3R7MTCZRYX9P76F,01JV7R2TNJX62QMJKR34SQ2WMZ,2025-05-14T12:01:18.06649-04:00,01JV7R2TNVQX1Z77VGY0EPRHRA,2025-05-14T12:01:18.06649-04:00,01JV7R4HFPSTYZ3NSD07312H52,2025-05-14T12:01:18.06649-04:00,01JV7R7XCFK2GESQB25ZMYT2CW,2025-05-14T12:01:18.06649-04:00,01JV7R7XCVXD4QBHFDYHT1CR9B,2025-05-14T12:01:18.06649-04:00
01JV7RP2N1NW3940WFMMJNGFA6,01JV7R2TNJX62QMJKR34SQ2WMZ,2025-05-14T12:05:18.113556-04:00,01JV7R2TNVQX1Z77VGY0EPRHRA,2025-05-14T12:05:18.113556-04:00,01JV7R4HFPSTYZ3NSD07312H52,2025-05-14T12:05:18.113556-04:00,01JV7R7XCFK2GESQB2704NH9HP,2025-05-14T12:05:18.113556-04:00,01JV7R7XD0BDERBAN4N81GG8EG,2025-05-14T12:05:18.113556-04:00
01JV7RP2N1NW3940WFMYPK9TVV,01JV7R2TNJX62QMJKR34SQ2WMZ,2025-05-14T12:05:18.113652-04:00,01JV7R2TNVQX1Z77VGY0EPRHRA,2025-05-14T12:05:18.113652-04:00,01JV7R3GTPBEQPX3D9PZERSARX,2025-05-14T12:05:18.113652-04:00,01JV7R7XCFK2GESQB2704NH9HP,2025-05-14T12:05:18.113652-04:00,01JV7R7XD0BDERBAN4N81GG8EG,2025-05-14T12:05:18.113652-04:00
01JV7RSQVT8DTPTXYF8BADT0RP,01JV7R2TNJX62QMJKR34SQ2WMZ,2025-05-14T12:07:18.138455-04:00,01JV7R2TNVQX1Z77VGY0EPRHRA,2025-05-14T12:07:18.138455-04:00,01JV7R3GTPBEQPX3D9PZERSARX,2025-05-14T12:07:18.138455-04:00,01JV7R7XCHNBNVK3TH9Y4FKTJD,2025-05-14T12:07:18.138455-04:00,01JV7R7XD2RT9J99SMNCHKR82Z,2025-05-14T12:07:18.138455-04:00
01JV7R7XEXF340DVYB4PKFY02C,01JV7R2TNJX62QMJKR34SQ2WMZ,2025-05-14T11:57:34.045177-04:00,01JV7R2TNVQX1Z77VGY0EPRHRA,2025-05-14T11:57:34.045177-04:00,01JV7R4HFPSTYZ3NSD07312H52,2025-05-14T11:57:34.045177-04:00,01JV7R7XCEBVKCAXHC52WHE3XD,2025-05-14T11:57:34.045177-04:00,01JV7R7XCM43EM2VAG6ZFSQD9F,2025-05-14T11:57:34.045177-04:00
01JV7RB30PNF8S95HXGVNM90B1,01JV7R2TNJX62QMJKR34SQ2WMZ,2025-05-14T11:59:18.038773-04:00,01JV7R2TNVQX1Z77VGY0EPRHRA,2025-05-14T11:59:18.038773-04:00,01JV7R3GTPBEQPX3D9PZERSARX,2025-05-14T11:59:18.038773-04:00,01JV7R7XCFK2GESQB26JFTQ1FA,2025-05-14T11:59:18.038773-04:00,01JV7R7XCQEC4GGW93VNT08CZZ,2025-05-14T11:59:18.038773-04:00
