id,batchID,batchIDLastChangedAt,gameID,gameIDLastChangedAt,playerID,playerIDLastChangedAt,roundID,roundIDLastChangedAt
01JV7R7XENQ9DYMJZGTM7RB0VQ,01JV7R2TNJX62QMJKR34SQ2WMZ,2025-05-14T11:57:34.037482-04:00,01JV7R2TNVQX1Z77VGY0EPRHRA,2025-05-14T11:57:34.037482-04:00,01JV7R4HFPSTYZ3NSD07312H52,2025-05-14T11:57:34.037482-04:00,01JV7R7XCEBVKCAXHC52WHE3XD,2025-05-14T11:57:34.037482-04:00
01JV7RER7BCMCSFGPZGSP3J9M4,01JV7R2TNJX62QMJKR34SQ2WMZ,2025-05-14T12:01:18.059604-04:00,01JV7R2TNVQX1Z77VGY0EPRHRA,2025-05-14T12:01:18.059604-04:00,01JV7R4HFPSTYZ3NSD07312H52,2025-05-14T12:01:18.059604-04:00,01JV7R7XCFK2GESQB25ZMYT2CW,2025-05-14T12:01:18.059604-04:00
01JV7RP2MTY030ZHVDC0SY1J4J,01JV7R2TNJX62QMJKR34SQ2WMZ,2025-05-14T12:05:18.106368-04:00,01JV7R2TNVQX1Z77VGY0EPRHRA,2025-05-14T12:05:18.106368-04:00,01JV7R3GTPBEQPX3D9PZERSARX,2025-05-14T12:05:18.106368-04:00,01JV7R7XCFK2GESQB2704NH9HP,2025-05-14T12:05:18.106368-04:00
01JV7R7XENQ9DYMJZGTE0Z4J0H,01JV7R2TNJX62QMJKR34SQ2WMZ,2025-05-14T11:57:34.037336-04:00,01JV7R2TNVQX1Z77VGY0EPRHRA,2025-05-14T11:57:34.037336-04:00,01JV7R3GTPBEQPX3D9PZERSARX,2025-05-14T11:57:34.037336-04:00,01JV7R7XCEBVKCAXHC52WHE3XD,2025-05-14T11:57:34.037336-04:00
01JV7RB30G3PM1YH6KSMTEEG4Y,01JV7R2TNJX62QMJKR34SQ2WMZ,2025-05-14T11:59:18.032454-04:00,01JV7R2TNVQX1Z77VGY0EPRHRA,2025-05-14T11:59:18.032454-04:00,01JV7R3GTPBEQPX3D9PZERSARX,2025-05-14T11:59:18.032454-04:00,01JV7R7XCFK2GESQB26JFTQ1FA,2025-05-14T11:59:18.032454-04:00
01JV7RB30G3PM1YH6KSY42V0GP,01JV7R2TNJX62QMJKR34SQ2WMZ,2025-05-14T11:59:18.03252-04:00,01JV7R2TNVQX1Z77VGY0EPRHRA,2025-05-14T11:59:18.03252-04:00,01JV7R4HFPSTYZ3NSD07312H52,2025-05-14T11:59:18.03252-04:00,01JV7R7XCFK2GESQB26JFTQ1FA,2025-05-14T11:59:18.03252-04:00
01JV7RER7BCMCSFGPZH4FKGGQV,01JV7R2TNJX62QMJKR34SQ2WMZ,2025-05-14T12:01:18.0597-04:00,01JV7R2TNVQX1Z77VGY0EPRHRA,2025-05-14T12:01:18.0597-04:00,01JV7R3GTPBEQPX3D9PZERSARX,2025-05-14T12:01:18.0597-04:00,01JV7R7XCFK2GESQB25ZMYT2CW,2025-05-14T12:01:18.0597-04:00
01JV7RJDE29QWMSRCRC78594XB,01JV7R2TNJX62QMJKR34SQ2WMZ,2025-05-14T12:03:18.082399-04:00,01JV7R2TNVQX1Z77VGY0EPRHRA,2025-05-14T12:03:18.082399-04:00,01JV7R4HFPSTYZ3NSD07312H52,2025-05-14T12:03:18.082399-04:00,01JV7R7XCGT7Z5YKRRXTZPYNJP,2025-05-14T12:03:18.082399-04:00
01JV7RJDE29QWMSRCRCMXEKGJC,01JV7R2TNJX62QMJKR34SQ2WMZ,2025-05-14T12:03:18.082484-04:00,01JV7R2TNVQX1Z77VGY0EPRHRA,2025-05-14T12:03:18.082484-04:00,01JV7R3GTPBEQPX3D9PZERSARX,2025-05-14T12:03:18.082484-04:00,01JV7R7XCGT7Z5YKRRXTZPYNJP,2025-05-14T12:03:18.082484-04:00
01JV7RP2MTY030ZHVDBQJ9RV3X,01JV7R2TNJX62QMJKR34SQ2WMZ,2025-05-14T12:05:18.106283-04:00,01JV7R2TNVQX1Z77VGY0EPRHRA,2025-05-14T12:05:18.106283-04:00,01JV7R4HFPSTYZ3NSD07312H52,2025-05-14T12:05:18.106283-04:00,01JV7R7XCFK2GESQB2704NH9HP,2025-05-14T12:05:18.106283-04:00
01JV7RSQVMEEMSBPFMXAPPP8N5,01JV7R2TNJX62QMJKR34SQ2WMZ,2025-05-14T12:07:18.132393-04:00,01JV7R2TNVQX1Z77VGY0EPRHRA,2025-05-14T12:07:18.132393-04:00,01JV7R3GTPBEQPX3D9PZERSARX,2025-05-14T12:07:18.132393-04:00,01JV7R7XCHNBNVK3TH9Y4FKTJD,2025-05-14T12:07:18.132393-04:00
01JV7RSQVMEEMSBPFMXJM7DCTY,01JV7R2TNJX62QMJKR34SQ2WMZ,2025-05-14T12:07:18.132472-04:00,01JV7R2TNVQX1Z77VGY0EPRHRA,2025-05-14T12:07:18.132472-04:00,01JV7R4HFPSTYZ3NSD07312H52,2025-05-14T12:07:18.132472-04:00,01JV7R7XCHNBNVK3TH9Y4FKTJD,2025-05-14T12:07:18.132472-04:00
