id,batchID,batchIDLastChangedAt,duration,durationLastChangedAt,ended,endedLastChangedAt,endedReason,endedReasonLastChangedAt,gameID,gameIDLastChangedAt,index,indexLastChangedAt,initialized,initializedLastChangedAt,name,nameLastChangedAt,offers,offersLastChangedAt,roundID,roundIDLastChangedAt,start,startLastChangedAt,started,startedLastChangedAt,status,statusLastChangedAt,submit,submitLastChangedAt,timerID,timerIDLastChangedAt
01JV7R7XCVXD4QBHFDYHT1CR9B,01JV7R2TNJX62QMJKR34SQ2WMZ,2025-05-14T11:57:33.979088-04:00,120,2025-05-14T11:57:33.979088-04:00,true,2025-05-14T12:03:18.07418-04:00,,,01JV7R2TNVQX1Z77VGY0EPRHRA,2025-05-14T11:57:33.979088-04:00,0,2025-05-14T11:57:33.979088-04:00,true,2025-05-14T12:01:18.067689-04:00,Negotiation,2025-05-14T11:57:33.979088-04:00,,,01JV7R7XCFK2GESQB25ZMYT2CW,2025-05-14T11:57:33.979088-04:00,true,2025-05-14T12:01:18.063361-04:00,true,2025-05-14T12:01:18.071119-04:00,,,true,2025-05-14T11:59:18.022066-04:00,01JV7R7XCSYD22DSGN0SDN72VE,2025-05-14T11:57:33.979088-04:00
01JV7R7XCXN39T6BD8XXEQ2A2S,01JV7R2TNJX62QMJKR34SQ2WMZ,2025-05-14T11:57:33.981759-04:00,120,2025-05-14T11:57:33.981759-04:00,true,2025-05-14T12:05:18.0975-04:00,,,01JV7R2TNVQX1Z77VGY0EPRHRA,2025-05-14T11:57:33.981759-04:00,0,2025-05-14T11:57:33.981759-04:00,true,2025-05-14T12:03:18.089402-04:00,Negotiation,2025-05-14T11:57:33.981759-04:00,,,01JV7R7XCGT7Z5YKRRXTZPYNJP,2025-05-14T11:57:33.981759-04:00,true,2025-05-14T12:03:18.086058-04:00,true,2025-05-14T12:03:18.093307-04:00,,,true,2025-05-14T11:59:18.022066-04:00,01JV7R7XCWGN81BTAFH440RCKF,2025-05-14T11:57:33.981759-04:00
01JV7R7XD0BDERBAN4N81GG8EG,01JV7R2TNJX62QMJKR34SQ2WMZ,2025-05-14T11:57:33.984259-04:00,120,2025-05-14T11:57:33.984259-04:00,true,2025-05-14T12:07:18.122274-04:00,,,01JV7R2TNVQX1Z77VGY0EPRHRA,2025-05-14T11:57:33.984259-04:00,0,2025-05-14T11:57:33.984259-04:00,true,2025-05-14T12:05:18.114737-04:00,Negotiation,2025-05-14T11:57:33.984259-04:00,,,01JV7R7XCFK2GESQB2704NH9HP,2025-05-14T11:57:33.984259-04:00,true,2025-05-14T12:05:18.111088-04:00,true,2025-05-14T12:05:18.118491-04:00,,,true,2025-05-14T11:59:18.022066-04:00,01JV7R7XCZC2AGG2GMY9JWZZX8,2025-05-14T11:57:33.984259-04:00
01JV7R7XD2RT9J99SMNCHKR82Z,01JV7R2TNJX62QMJKR34SQ2WMZ,2025-05-14T11:57:33.986898-04:00,120,2025-05-14T11:57:33.986898-04:00,false,2025-05-14T11:57:33.986898-04:00,,,01JV7R2TNVQX1Z77VGY0EPRHRA,2025-05-14T11:57:33.986898-04:00,0,2025-05-14T11:57:33.986898-04:00,true,2025-05-14T12:07:18.140011-04:00,Negotiation,2025-05-14T11:57:33.986898-04:00,,,01JV7R7XCHNBNVK3TH9Y4FKTJD,2025-05-14T11:57:33.986898-04:00,true,2025-05-14T12:07:18.135881-04:00,true,2025-05-14T12:07:18.143173-04:00,,,true,2025-05-14T11:59:18.022066-04:00,01JV7R7XD2RT9J99SMN9T60TMP,2025-05-14T11:57:33.986898-04:00
01JV7R7XCM43EM2VAG6ZFSQD9F,01JV7R2TNJX62QMJKR34SQ2WMZ,2025-05-14T11:57:33.972291-04:00,120,2025-05-14T11:57:33.972291-04:00,true,2025-05-14T11:59:18.0194-04:00,null,2025-05-14T11:59:18.0194-04:00,01JV7R2TNVQX1Z77VGY0EPRHRA,2025-05-14T11:57:33.972291-04:00,0,2025-05-14T11:57:33.972291-04:00,true,2025-05-14T11:57:34.046326-04:00,Negotiation,2025-05-14T11:57:33.972291-04:00,"{""Hr"":{""salary"":100000,""bonuses"":15000,""stockOptions"":70000,""vacationDays"":14},""Employee"":{""salary"":100000,""bonuses"":15000,""stockOptions"":70000,""vacationDays"":14}}",2025-05-14T11:59:17.832044-04:00,01JV7R7XCEBVKCAXHC52WHE3XD,2025-05-14T11:57:33.972291-04:00,true,2025-05-14T11:57:34.040555-04:00,true,2025-05-14T11:57:34.048686-04:00,null,2025-05-14T11:59:18.0194-04:00,true,2025-05-14T11:59:18.022066-04:00,01JV7R7XCKRWE3W3C1KH89SYMR,2025-05-14T11:57:33.972291-04:00
01JV7R7XCQEC4GGW93VNT08CZZ,01JV7R2TNJX62QMJKR34SQ2WMZ,2025-05-14T11:57:33.975602-04:00,120,2025-05-14T11:57:33.975602-04:00,true,2025-05-14T12:01:18.049377-04:00,,,01JV7R2TNVQX1Z77VGY0EPRHRA,2025-05-14T11:57:33.975602-04:00,0,2025-05-14T11:57:33.975602-04:00,true,2025-05-14T11:59:18.041103-04:00,Negotiation,2025-05-14T11:57:33.975602-04:00,,,01JV7R7XCFK2GESQB26JFTQ1FA,2025-05-14T11:57:33.975602-04:00,true,2025-05-14T11:59:18.035797-04:00,true,2025-05-14T11:59:18.045319-04:00,,,,,01JV7R7XCPBC3X3DXD7YM4QSKX,2025-05-14T11:57:33.975602-04:00
