id,batchID,batchIDLastChangedAt,gameID,gameIDLastChangedAt,playerID,playerIDLastChangedAt,roundID,roundIDLastChangedAt,stageID,stageIDLastChangedAt,submit,submitLastChangedAt
01JGYBWTFTJJ2JA6NGFPGRTH2T,01JGYBVMGD9JE8AWN9163K05HV,2025-01-06T12:51:39.51446-05:00,01JGYBVMH3396QEABN0ERKQ7EE,2025-01-06T12:51:39.51446-05:00,01JGYBVSSE4V98RXN29604S3DF,2025-01-06T12:51:39.51446-05:00,01JGYBVZ24QZ7C0WEJXEWA73XS,2025-01-06T12:51:39.51446-05:00,01JGYBVZ2RXRS3F5B58PPHNGEQ,2025-01-06T12:51:39.51446-05:00,true,2025-01-06T12:51:42.478266-05:00
01JGYBWTFTJJ2JA6NGG03KWQZM,01JGYBVMGD9JE8AWN9163K05HV,2025-01-06T12:51:39.514607-05:00,01JGYBVMH3396QEABN0ERKQ7EE,2025-01-06T12:51:39.514607-05:00,01JGYBVXMF484ZN256JK4HQCMQ,2025-01-06T12:51:39.514607-05:00,01JGYBVZ24QZ7C0WEJXEWA73XS,2025-01-06T12:51:39.514607-05:00,01JGYBVZ2RXRS3F5B58PPHNGEQ,2025-01-06T12:51:39.514607-05:00,true,2025-01-06T12:51:45.867885-05:00
01JGYBX0Q4QGAJ3QN8X4Y1APWK,01JGYBVMGD9JE8AWN9163K05HV,2025-01-06T12:51:45.892205-05:00,01JGYBVMH3396QEABN0ERKQ7EE,2025-01-06T12:51:45.892205-05:00,01JGYBVSSE4V98RXN29604S3DF,2025-01-06T12:51:45.892205-05:00,01JGYBVZ24QZ7C0WEJXEWA73XS,2025-01-06T12:51:45.892205-05:00,01JGYBVZ2RXRS3F5B59AQ5Y09E,2025-01-06T12:51:45.892205-05:00,true,2025-01-06T12:51:48.569908-05:00
01JGYBWESZYCE508DPYV1XKP99,01JGYBVMGD9JE8AWN9163K05HV,2025-01-06T12:51:27.551804-05:00,01JGYBVMH3396QEABN0ERKQ7EE,2025-01-06T12:51:27.551804-05:00,01JGYBVXMF484ZN256JK4HQCMQ,2025-01-06T12:51:27.551804-05:00,01JGYBVZ23F8C5TATPK0AAVN0K,2025-01-06T12:51:27.551804-05:00,01JGYBVZ2DXZB27GBHBKKC9KGF,2025-01-06T12:51:27.551804-05:00,true,2025-01-06T12:51:28.567125-05:00
01JGYBWESZYCE508DPZ7WAHSXK,01JGYBVMGD9JE8AWN9163K05HV,2025-01-06T12:51:27.551918-05:00,01JGYBVMH3396QEABN0ERKQ7EE,2025-01-06T12:51:27.551918-05:00,01JGYBVSSE4V98RXN29604S3DF,2025-01-06T12:51:27.551918-05:00,01JGYBVZ23F8C5TATPK0AAVN0K,2025-01-06T12:51:27.551918-05:00,01JGYBVZ2DXZB27GBHBKKC9KGF,2025-01-06T12:51:27.551918-05:00,true,2025-01-06T12:51:30.571326-05:00
01JGYBWHSCVZMCEQ7K3NT6CSQE,01JGYBVMGD9JE8AWN9163K05HV,2025-01-06T12:51:30.604918-05:00,01JGYBVMH3396QEABN0ERKQ7EE,2025-01-06T12:51:30.604918-05:00,01JGYBVXMF484ZN256JK4HQCMQ,2025-01-06T12:51:30.604918-05:00,01JGYBVZ23F8C5TATPKNNY5RYM,2025-01-06T12:51:30.604918-05:00,01JGYBVZ2JDYPMB96NB3K1V26T,2025-01-06T12:51:30.604918-05:00,true,2025-01-06T12:51:36.673305-05:00
01JGYBWQQT9PNCWJPZ4PREDDRC,01JGYBVMGD9JE8AWN9163K05HV,2025-01-06T12:51:36.698363-05:00,01JGYBVMH3396QEABN0ERKQ7EE,2025-01-06T12:51:36.698363-05:00,01JGYBVSSE4V98RXN29604S3DF,2025-01-06T12:51:36.698363-05:00,01JGYBVZ23F8C5TATPKNNY5RYM,2025-01-06T12:51:36.698363-05:00,01JGYBVZ2JDYPMB96NBNQG7TXD,2025-01-06T12:51:36.698363-05:00,true,2025-01-06T12:51:39.479604-05:00
01JGYBWQQT9PNCWJPZ5028WWDP,01JGYBVMGD9JE8AWN9163K05HV,2025-01-06T12:51:36.698513-05:00,01JGYBVMH3396QEABN0ERKQ7EE,2025-01-06T12:51:36.698513-05:00,01JGYBVXMF484ZN256JK4HQCMQ,2025-01-06T12:51:36.698513-05:00,01JGYBVZ23F8C5TATPKNNY5RYM,2025-01-06T12:51:36.698513-05:00,01JGYBVZ2JDYPMB96NBNQG7TXD,2025-01-06T12:51:36.698513-05:00,true,2025-01-06T12:51:37.84933-05:00
01JGYBX3BGYQVD8ZXRB7XGRR10,01JGYBVMGD9JE8AWN9163K05HV,2025-01-06T12:51:48.592736-05:00,01JGYBVMH3396QEABN0ERKQ7EE,2025-01-06T12:51:48.592736-05:00,01JGYBVSSE4V98RXN29604S3DF,2025-01-06T12:51:48.592736-05:00,01JGYBVZ253R7056PKQ126AG8V,2025-01-06T12:51:48.592736-05:00,01JGYBVZ2X4VJ9Y77RCRPZ4ER9,2025-01-06T12:51:48.592736-05:00,true,2025-01-06T12:51:49.284203-05:00
01JGYBX5PF4E2V6CEBS0Q6ZJKJ,01JGYBVMGD9JE8AWN9163K05HV,2025-01-06T12:51:50.991878-05:00,01JGYBVMH3396QEABN0ERKQ7EE,2025-01-06T12:51:50.991878-05:00,01JGYBVSSE4V98RXN29604S3DF,2025-01-06T12:51:50.991878-05:00,01JGYBVZ253R7056PKQ126AG8V,2025-01-06T12:51:50.991878-05:00,01JGYBVZ2X4VJ9Y77RD756FGQ8,2025-01-06T12:51:50.991878-05:00,true,2025-01-06T12:51:53.848493-05:00
01JGYBX5PGQSJS2N3K62G6FGKY,01JGYBVMGD9JE8AWN9163K05HV,2025-01-06T12:51:50.992027-05:00,01JGYBVMH3396QEABN0ERKQ7EE,2025-01-06T12:51:50.992027-05:00,01JGYBVXMF484ZN256JK4HQCMQ,2025-01-06T12:51:50.992027-05:00,01JGYBVZ253R7056PKQ126AG8V,2025-01-06T12:51:50.992027-05:00,01JGYBVZ2X4VJ9Y77RD756FGQ8,2025-01-06T12:51:50.992027-05:00,true,2025-01-06T12:51:52.298036-05:00
01JGYBVZ53X1JMCQ52J4TQYPQB,01JGYBVMGD9JE8AWN9163K05HV,2025-01-06T12:51:11.523395-05:00,01JGYBVMH3396QEABN0ERKQ7EE,2025-01-06T12:51:11.523395-05:00,01JGYBVXMF484ZN256JK4HQCMQ,2025-01-06T12:51:11.523395-05:00,01JGYBVZ23F8C5TATPK0AAVN0K,2025-01-06T12:51:11.523395-05:00,01JGYBVZ2C5GDPVKGZJ7XZV3JB,2025-01-06T12:51:11.523395-05:00,true,2025-01-06T12:51:27.526361-05:00
01JGYBVZ53X1JMCQ52JHZZGJZ0,01JGYBVMGD9JE8AWN9163K05HV,2025-01-06T12:51:11.523504-05:00,01JGYBVMH3396QEABN0ERKQ7EE,2025-01-06T12:51:11.523504-05:00,01JGYBVSSE4V98RXN29604S3DF,2025-01-06T12:51:11.523504-05:00,01JGYBVZ23F8C5TATPK0AAVN0K,2025-01-06T12:51:11.523504-05:00,01JGYBVZ2C5GDPVKGZJ7XZV3JB,2025-01-06T12:51:11.523504-05:00,true,2025-01-06T12:51:24.328282-05:00
01JGYBX3BGYQVD8ZXRBN746TDW,01JGYBVMGD9JE8AWN9163K05HV,2025-01-06T12:51:48.592841-05:00,01JGYBVMH3396QEABN0ERKQ7EE,2025-01-06T12:51:48.592841-05:00,01JGYBVXMF484ZN256JK4HQCMQ,2025-01-06T12:51:48.592841-05:00,01JGYBVZ253R7056PKQ126AG8V,2025-01-06T12:51:48.592841-05:00,01JGYBVZ2X4VJ9Y77RCRPZ4ER9,2025-01-06T12:51:48.592841-05:00,true,2025-01-06T12:51:50.970062-05:00
01JGYBX8GTRDC3A2Q3BB6GXQQ1,01JGYBVMGD9JE8AWN9163K05HV,2025-01-06T12:51:53.882115-05:00,01JGYBVMH3396QEABN0ERKQ7EE,2025-01-06T12:51:53.882115-05:00,01JGYBVSSE4V98RXN29604S3DF,2025-01-06T12:51:53.882115-05:00,01JGYBVZ26ETRDXCNN2YGZQB4G,2025-01-06T12:51:53.882115-05:00,01JGYBVZ31Q06PZYB6SVFEKRTA,2025-01-06T12:51:53.882115-05:00,true,2025-01-06T12:51:54.657742-05:00
01JGYBXBC75RFMVDQCRZ2VPK1J,01JGYBVMGD9JE8AWN9163K05HV,2025-01-06T12:51:56.807044-05:00,01JGYBVMH3396QEABN0ERKQ7EE,2025-01-06T12:51:56.807044-05:00,01JGYBVSSE4V98RXN29604S3DF,2025-01-06T12:51:56.807044-05:00,01JGYBVZ26ETRDXCNN2YGZQB4G,2025-01-06T12:51:56.807044-05:00,01JGYBVZ32KKYKSWSPKNZH5T5W,2025-01-06T12:51:56.807044-05:00,true,2025-01-06T12:51:58.662638-05:00
01JGYBWHSCVZMCEQ7K342MVDV9,01JGYBVMGD9JE8AWN9163K05HV,2025-01-06T12:51:30.604813-05:00,01JGYBVMH3396QEABN0ERKQ7EE,2025-01-06T12:51:30.604813-05:00,01JGYBVSSE4V98RXN29604S3DF,2025-01-06T12:51:30.604813-05:00,01JGYBVZ23F8C5TATPKNNY5RYM,2025-01-06T12:51:30.604813-05:00,01JGYBVZ2JDYPMB96NB3K1V26T,2025-01-06T12:51:30.604813-05:00,true,2025-01-06T12:51:32.524148-05:00
01JGYBX0Q4QGAJ3QN8XFXW3KH1,01JGYBVMGD9JE8AWN9163K05HV,2025-01-06T12:51:45.89239-05:00,01JGYBVMH3396QEABN0ERKQ7EE,2025-01-06T12:51:45.89239-05:00,01JGYBVXMF484ZN256JK4HQCMQ,2025-01-06T12:51:45.89239-05:00,01JGYBVZ24QZ7C0WEJXEWA73XS,2025-01-06T12:51:45.89239-05:00,01JGYBVZ2RXRS3F5B59AQ5Y09E,2025-01-06T12:51:45.89239-05:00,true,2025-01-06T12:51:46.80565-05:00
01JGYBX8GSV07VGZV46A7282CS,01JGYBVMGD9JE8AWN9163K05HV,2025-01-06T12:51:53.881977-05:00,01JGYBVMH3396QEABN0ERKQ7EE,2025-01-06T12:51:53.881977-05:00,01JGYBVXMF484ZN256JK4HQCMQ,2025-01-06T12:51:53.881977-05:00,01JGYBVZ26ETRDXCNN2YGZQB4G,2025-01-06T12:51:53.881977-05:00,01JGYBVZ31Q06PZYB6SVFEKRTA,2025-01-06T12:51:53.881977-05:00,true,2025-01-06T12:51:56.787325-05:00
01JGYBXBC75RFMVDQCSC1SRY11,01JGYBVMGD9JE8AWN9163K05HV,2025-01-06T12:51:56.807228-05:00,01JGYBVMH3396QEABN0ERKQ7EE,2025-01-06T12:51:56.807228-05:00,01JGYBVXMF484ZN256JK4HQCMQ,2025-01-06T12:51:56.807228-05:00,01JGYBVZ26ETRDXCNN2YGZQB4G,2025-01-06T12:51:56.807228-05:00,01JGYBVZ32KKYKSWSPKNZH5T5W,2025-01-06T12:51:56.807228-05:00,true,2025-01-06T12:52:01.113866-05:00
