id,batchID,batchIDLastChangedAt,gameID,gameIDLastChangedAt,playerID,playerIDLastChangedAt,roundID,roundIDLastChangedAt
01JV3V7EA3NNS47ZVMEFSVDAX0,01JV3TY3WG2Q5J0C2EAKMW06A4,2025-05-12T23:32:46.531882-04:00,01JV3TY3WS0WYBZP094ZR0KESW,2025-05-12T23:32:46.531882-04:00,01JV3TYS625NAPPJX611MF8E7H,2025-05-12T23:32:46.531882-04:00,01JV3V0VVPN893VXQ5EQC9E68G,2025-05-12T23:32:46.531882-04:00
01JV3V7EA3NNS47ZVMEWH04KK5,01JV3TY3WG2Q5J0C2EAKMW06A4,2025-05-12T23:32:46.531978-04:00,01JV3TY3WS0WYBZP094ZR0KESW,2025-05-12T23:32:46.531978-04:00,01JV3V04BTG1AGG0HDDMYBP12J,2025-05-12T23:32:46.531978-04:00,01JV3V0VVPN893VXQ5EQC9E68G,2025-05-12T23:32:46.531978-04:00
01JV3VERR3D58148B3BAP2DR9M,01JV3TY3WG2Q5J0C2EAKMW06A4,2025-05-12T23:36:46.595545-04:00,01JV3TY3WS0WYBZP094ZR0KESW,2025-05-12T23:36:46.595545-04:00,01JV3V04BTG1AGG0HDDMYBP12J,2025-05-12T23:36:46.595545-04:00,01JV3V0VVPN893VXQ5FVB4WCHW,2025-05-12T23:36:46.595545-04:00
01JV3VP35NFFNRYSSQVBWQFTVW,01JV3TY3WG2Q5J0C2EAKMW06A4,2025-05-12T23:40:46.645825-04:00,01JV3TY3WS0WYBZP094ZR0KESW,2025-05-12T23:40:46.645825-04:00,01JV3TYS625NAPPJX611MF8E7H,2025-05-12T23:40:46.645825-04:00,01JV3V0VVQECKNE62KJKR2XD0R,2025-05-12T23:40:46.645825-04:00
01JV3VJDYY603T79KNF0Z2ADJR,01JV3TY3WG2Q5J0C2EAKMW06A4,2025-05-12T23:38:46.622289-04:00,01JV3TY3WS0WYBZP094ZR0KESW,2025-05-12T23:38:46.622289-04:00,01JV3TYS625NAPPJX611MF8E7H,2025-05-12T23:38:46.622289-04:00,01JV3V0VVQECKNE62KK67V56CM,2025-05-12T23:38:46.622289-04:00
01JV3VP35NFFNRYSSQVN539W63,01JV3TY3WG2Q5J0C2EAKMW06A4,2025-05-12T23:40:46.645946-04:00,01JV3TY3WS0WYBZP094ZR0KESW,2025-05-12T23:40:46.645946-04:00,01JV3V04BTG1AGG0HDDMYBP12J,2025-05-12T23:40:46.645946-04:00,01JV3V0VVQECKNE62KJKR2XD0R,2025-05-12T23:40:46.645946-04:00
01JV3V0VXR81BMRP79SXB3SPFS,01JV3TY3WG2Q5J0C2EAKMW06A4,2025-05-12T23:29:11.096932-04:00,01JV3TY3WS0WYBZP094ZR0KESW,2025-05-12T23:29:11.096932-04:00,01JV3TYS625NAPPJX611MF8E7H,2025-05-12T23:29:11.096932-04:00,01JV3V0VVN5BZRHCTWQPHME5QV,2025-05-12T23:29:11.096932-04:00
01JV3V0VXR81BMRP79T59NMRBZ,01JV3TY3WG2Q5J0C2EAKMW06A4,2025-05-12T23:29:11.096999-04:00,01JV3TY3WS0WYBZP094ZR0KESW,2025-05-12T23:29:11.096999-04:00,01JV3V04BTG1AGG0HDDMYBP12J,2025-05-12T23:29:11.096999-04:00,01JV3V0VVN5BZRHCTWQPHME5QV,2025-05-12T23:29:11.096999-04:00
01JV3VB3HABE2AN31AA57YEGXK,01JV3TY3WG2Q5J0C2EAKMW06A4,2025-05-12T23:34:46.570873-04:00,01JV3TY3WS0WYBZP094ZR0KESW,2025-05-12T23:34:46.570873-04:00,01JV3V04BTG1AGG0HDDMYBP12J,2025-05-12T23:34:46.570873-04:00,01JV3V0VVPN893VXQ5F8HVPVNA,2025-05-12T23:34:46.570873-04:00
01JV3VB3HABE2AN31AAGF11CZ7,01JV3TY3WG2Q5J0C2EAKMW06A4,2025-05-12T23:34:46.57097-04:00,01JV3TY3WS0WYBZP094ZR0KESW,2025-05-12T23:34:46.57097-04:00,01JV3TYS625NAPPJX611MF8E7H,2025-05-12T23:34:46.57097-04:00,01JV3V0VVPN893VXQ5F8HVPVNA,2025-05-12T23:34:46.57097-04:00
01JV3VERR3D58148B3BN1JDTRP,01JV3TY3WG2Q5J0C2EAKMW06A4,2025-05-12T23:36:46.595622-04:00,01JV3TY3WS0WYBZP094ZR0KESW,2025-05-12T23:36:46.595622-04:00,01JV3TYS625NAPPJX611MF8E7H,2025-05-12T23:36:46.595622-04:00,01JV3V0VVPN893VXQ5FVB4WCHW,2025-05-12T23:36:46.595622-04:00
01JV3VJDYY603T79KNEMT6NCJK,01JV3TY3WG2Q5J0C2EAKMW06A4,2025-05-12T23:38:46.622193-04:00,01JV3TY3WS0WYBZP094ZR0KESW,2025-05-12T23:38:46.622193-04:00,01JV3V04BTG1AGG0HDDMYBP12J,2025-05-12T23:38:46.622193-04:00,01JV3V0VVQECKNE62KK67V56CM,2025-05-12T23:38:46.622193-04:00
