id,batchID,batchIDLastChangedAt,gameID,gameIDLastChangedAt,playerID,playerIDLastChangedAt,roundID,roundIDLastChangedAt,stageID,stageIDLastChangedAt
01JV3VJDZ52M5K2JAVNM8MQC23,01JV3TY3WG2Q5J0C2EAKMW06A4,2025-05-12T23:38:46.629165-04:00,01JV3TY3WS0WYBZP094ZR0KESW,2025-05-12T23:38:46.629165-04:00,01JV3V04BTG1AGG0HDDMYBP12J,2025-05-12T23:38:46.629165-04:00,01JV3V0VVQECKNE62KK67V56CM,2025-05-12T23:38:46.629165-04:00,01JV3V0VW66VR6GFAM638BHGZX,2025-05-12T23:38:46.629165-04:00
01JV3VP35W90JTFHEM2K1Q38VJ,01JV3TY3WG2Q5J0C2EAKMW06A4,2025-05-12T23:40:46.652947-04:00,01JV3TY3WS0WYBZP094ZR0KESW,2025-05-12T23:40:46.652947-04:00,01JV3V04BTG1AGG0HDDMYBP12J,2025-05-12T23:40:46.652947-04:00,01JV3V0VVQECKNE62KJKR2XD0R,2025-05-12T23:40:46.652947-04:00,01JV3V0VW8Q0883XVBSDDPDH52,2025-05-12T23:40:46.652947-04:00
01JV3V7EAPPEMW9ZB04ANPHES1,01JV3TY3WG2Q5J0C2EAKMW06A4,2025-05-12T23:32:46.550804-04:00,01JV3TY3WS0WYBZP094ZR0KESW,2025-05-12T23:32:46.550804-04:00,01JV3V04BTG1AGG0HDDMYBP12J,2025-05-12T23:32:46.550804-04:00,01JV3V0VVPN893VXQ5EQC9E68G,2025-05-12T23:32:46.550804-04:00,01JV3V0VVYKEAPRQVGND0F7W6J,2025-05-12T23:32:46.550804-04:00
01JV3V7EAPPEMW9ZB04SQ0PZ8M,01JV3TY3WG2Q5J0C2EAKMW06A4,2025-05-12T23:32:46.550908-04:00,01JV3TY3WS0WYBZP094ZR0KESW,2025-05-12T23:32:46.550908-04:00,01JV3TYS625NAPPJX611MF8E7H,2025-05-12T23:32:46.550908-04:00,01JV3V0VVPN893VXQ5EQC9E68G,2025-05-12T23:32:46.550908-04:00,01JV3V0VVYKEAPRQVGND0F7W6J,2025-05-12T23:32:46.550908-04:00
01JV3VB3HH9EY6JYDQEC6BZMEW,01JV3TY3WG2Q5J0C2EAKMW06A4,2025-05-12T23:34:46.577019-04:00,01JV3TY3WS0WYBZP094ZR0KESW,2025-05-12T23:34:46.577019-04:00,01JV3TYS625NAPPJX611MF8E7H,2025-05-12T23:34:46.577019-04:00,01JV3V0VVPN893VXQ5F8HVPVNA,2025-05-12T23:34:46.577019-04:00,01JV3V0VW1NNZHX99WRC24GTG8,2025-05-12T23:34:46.577019-04:00
01JV3VERRA8QPHSDHVPG302ZQ5,01JV3TY3WG2Q5J0C2EAKMW06A4,2025-05-12T23:36:46.602816-04:00,01JV3TY3WS0WYBZP094ZR0KESW,2025-05-12T23:36:46.602816-04:00,01JV3TYS625NAPPJX611MF8E7H,2025-05-12T23:36:46.602816-04:00,01JV3V0VVPN893VXQ5FVB4WCHW,2025-05-12T23:36:46.602816-04:00,01JV3V0VW42GYHBX0CKGN4T1CM,2025-05-12T23:36:46.602816-04:00
01JV3VJDZ52M5K2JAVP078JNEJ,01JV3TY3WG2Q5J0C2EAKMW06A4,2025-05-12T23:38:46.629276-04:00,01JV3TY3WS0WYBZP094ZR0KESW,2025-05-12T23:38:46.629276-04:00,01JV3TYS625NAPPJX611MF8E7H,2025-05-12T23:38:46.629276-04:00,01JV3V0VVQECKNE62KK67V56CM,2025-05-12T23:38:46.629276-04:00,01JV3V0VW66VR6GFAM638BHGZX,2025-05-12T23:38:46.629276-04:00
01JV3VP35W90JTFHEM26751VHX,01JV3TY3WG2Q5J0C2EAKMW06A4,2025-05-12T23:40:46.652849-04:00,01JV3TY3WS0WYBZP094ZR0KESW,2025-05-12T23:40:46.652849-04:00,01JV3TYS625NAPPJX611MF8E7H,2025-05-12T23:40:46.652849-04:00,01JV3V0VVQECKNE62KJKR2XD0R,2025-05-12T23:40:46.652849-04:00,01JV3V0VW8Q0883XVBSDDPDH52,2025-05-12T23:40:46.652849-04:00
01JV3V0VY1A5BX6GY2V3XN76A4,01JV3TY3WG2Q5J0C2EAKMW06A4,2025-05-12T23:29:11.1052-04:00,01JV3TY3WS0WYBZP094ZR0KESW,2025-05-12T23:29:11.1052-04:00,01JV3TYS625NAPPJX611MF8E7H,2025-05-12T23:29:11.1052-04:00,01JV3V0VVN5BZRHCTWQPHME5QV,2025-05-12T23:29:11.1052-04:00,01JV3V0VVVA9P37KR6D657SH1E,2025-05-12T23:29:11.1052-04:00
01JV3V0VY1A5BX6GY2VG0HWS0P,01JV3TY3WG2Q5J0C2EAKMW06A4,2025-05-12T23:29:11.105283-04:00,01JV3TY3WS0WYBZP094ZR0KESW,2025-05-12T23:29:11.105283-04:00,01JV3V04BTG1AGG0HDDMYBP12J,2025-05-12T23:29:11.105283-04:00,01JV3V0VVN5BZRHCTWQPHME5QV,2025-05-12T23:29:11.105283-04:00,01JV3V0VVVA9P37KR6D657SH1E,2025-05-12T23:29:11.105283-04:00
01JV3VB3HH9EY6JYDQES3QVWK5,01JV3TY3WG2Q5J0C2EAKMW06A4,2025-05-12T23:34:46.577111-04:00,01JV3TY3WS0WYBZP094ZR0KESW,2025-05-12T23:34:46.577111-04:00,01JV3V04BTG1AGG0HDDMYBP12J,2025-05-12T23:34:46.577111-04:00,01JV3V0VVPN893VXQ5F8HVPVNA,2025-05-12T23:34:46.577111-04:00,01JV3V0VW1NNZHX99WRC24GTG8,2025-05-12T23:34:46.577111-04:00
01JV3VERRA8QPHSDHVPQSKMYK6,01JV3TY3WG2Q5J0C2EAKMW06A4,2025-05-12T23:36:46.602915-04:00,01JV3TY3WS0WYBZP094ZR0KESW,2025-05-12T23:36:46.602915-04:00,01JV3V04BTG1AGG0HDDMYBP12J,2025-05-12T23:36:46.602915-04:00,01JV3V0VVPN893VXQ5FVB4WCHW,2025-05-12T23:36:46.602915-04:00,01JV3V0VW42GYHBX0CKGN4T1CM,2025-05-12T23:36:46.602915-04:00
