id,batchID,batchIDLastChangedAt,gameID,gameIDLastChangedAt,playerID,playerIDLastChangedAt,roundID,roundIDLastChangedAt,stageID,stageIDLastChangedAt,submit,submitLastChangedAt
01JTW4Y6A65FJZE5AFQXVR5E29,01JTW4CER5DTR67383N3G8ZTGH,2025-05-09T23:48:33.734997-04:00,01JTW4CERQR4KN3N9QFYJXQKZ6,2025-05-09T23:48:33.734997-04:00,01JTW4DDEYH99C6T9F9PYQFNAV,2025-05-09T23:48:33.734997-04:00,01JTW4FJ2QH5FZT922K3BTVMNF,2025-05-09T23:48:33.734997-04:00,01JTW4FJ3DRT65FKHDAJSFJW7D,2025-05-09T23:48:33.734997-04:00,true,2025-05-09T23:50:16.350735-04:00
01JTW51GGHJFKTP8WGKB7AT1SA,01JTW4CER5DTR67383N3G8ZTGH,2025-05-09T23:50:22.481979-04:00,01JTW4CERQR4KN3N9QFYJXQKZ6,2025-05-09T23:50:22.481979-04:00,01JTW4DMYNQH4SQ7X6WBGY5YHD,2025-05-09T23:50:22.481979-04:00,01JTW4FJ2RM2SDEPFZ3003NPWS,2025-05-09T23:50:22.481979-04:00,01JTW4FJ3GK4PAPTZYMFNEZ1S9,2025-05-09T23:50:22.481979-04:00,true,2025-05-09T23:52:05.995603-04:00
01JTW51GGJ2FKYG54SVKFMBGMM,01JTW4CER5DTR67383N3G8ZTGH,2025-05-09T23:50:22.482119-04:00,01JTW4CERQR4KN3N9QFYJXQKZ6,2025-05-09T23:50:22.482119-04:00,01JTW4DDEYH99C6T9F9PYQFNAV,2025-05-09T23:50:22.482119-04:00,01JTW4FJ2RM2SDEPFZ3003NPWS,2025-05-09T23:50:22.482119-04:00,01JTW4FJ3GK4PAPTZYMFNEZ1S9,2025-05-09T23:50:22.482119-04:00,,
01JTW4FJ5A0FQTX4YNE225CWZ0,01JTW4CER5DTR67383N3G8ZTGH,2025-05-09T23:40:34.346345-04:00,01JTW4CERQR4KN3N9QFYJXQKZ6,2025-05-09T23:40:34.346345-04:00,01JTW4DDEYH99C6T9F9PYQFNAV,2025-05-09T23:40:34.346345-04:00,01JTW4FJ2NG3D4KTSA26S56G3H,2025-05-09T23:40:34.346345-04:00,01JTW4FJ2Z7KCHR8FG1ZARNM9J,2025-05-09T23:40:34.346345-04:00,,
01JTW4PWKYB5DKWF9W2XPTTJKM,01JTW4CER5DTR67383N3G8ZTGH,2025-05-09T23:44:34.43044-04:00,01JTW4CERQR4KN3N9QFYJXQKZ6,2025-05-09T23:44:34.43044-04:00,01JTW4DDEYH99C6T9F9PYQFNAV,2025-05-09T23:44:34.43044-04:00,01JTW4FJ2RM2SDEPFZ20BHDR9Q,2025-05-09T23:44:34.43044-04:00,01JTW4FJ387QR0FV9MMN6SJRBD,2025-05-09T23:44:34.43044-04:00,,
01JTW4K7CG3ZZGYSE01P26V05G,01JTW4CER5DTR67383N3G8ZTGH,2025-05-09T23:42:34.384278-04:00,01JTW4CERQR4KN3N9QFYJXQKZ6,2025-05-09T23:42:34.384278-04:00,01JTW4DDEYH99C6T9F9PYQFNAV,2025-05-09T23:42:34.384278-04:00,01JTW4FJ2RM2SDEPFZ1HNFNBVJ,2025-05-09T23:42:34.384278-04:00,01JTW4FJ34FXG248738ZVTHPKR,2025-05-09T23:42:34.384278-04:00,,
01JTW4PWKYB5DKWF9W38492RNS,01JTW4CER5DTR67383N3G8ZTGH,2025-05-09T23:44:34.430569-04:00,01JTW4CERQR4KN3N9QFYJXQKZ6,2025-05-09T23:44:34.430569-04:00,01JTW4DMYNQH4SQ7X6WBGY5YHD,2025-05-09T23:44:34.430569-04:00,01JTW4FJ2RM2SDEPFZ20BHDR9Q,2025-05-09T23:44:34.430569-04:00,01JTW4FJ387QR0FV9MMN6SJRBD,2025-05-09T23:44:34.430569-04:00,,
01JTW4THVKPSNPEKJV3YWB2Z3J,01JTW4CER5DTR67383N3G8ZTGH,2025-05-09T23:46:34.483176-04:00,01JTW4CERQR4KN3N9QFYJXQKZ6,2025-05-09T23:46:34.483176-04:00,01JTW4DMYNQH4SQ7X6WBGY5YHD,2025-05-09T23:46:34.483176-04:00,01JTW4FJ2RM2SDEPFZ2FTE8GHT,2025-05-09T23:46:34.483176-04:00,01JTW4FJ3B7FNAER3EMXM4NJ7S,2025-05-09T23:46:34.483176-04:00,true,2025-05-09T23:48:33.691221-04:00
01JTW4THVKPSNPEKJV48XG2K2Q,01JTW4CER5DTR67383N3G8ZTGH,2025-05-09T23:46:34.483321-04:00,01JTW4CERQR4KN3N9QFYJXQKZ6,2025-05-09T23:46:34.483321-04:00,01JTW4DDEYH99C6T9F9PYQFNAV,2025-05-09T23:46:34.483321-04:00,01JTW4FJ2RM2SDEPFZ2FTE8GHT,2025-05-09T23:46:34.483321-04:00,01JTW4FJ3B7FNAER3EMXM4NJ7S,2025-05-09T23:46:34.483321-04:00,true,2025-05-09T23:48:30.315422-04:00
01JTW4Y6A7KFGQ3Z8CW95NNTKM,01JTW4CER5DTR67383N3G8ZTGH,2025-05-09T23:48:33.735106-04:00,01JTW4CERQR4KN3N9QFYJXQKZ6,2025-05-09T23:48:33.735106-04:00,01JTW4DMYNQH4SQ7X6WBGY5YHD,2025-05-09T23:48:33.735106-04:00,01JTW4FJ2QH5FZT922K3BTVMNF,2025-05-09T23:48:33.735106-04:00,01JTW4FJ3DRT65FKHDAJSFJW7D,2025-05-09T23:48:33.735106-04:00,true,2025-05-09T23:50:22.44971-04:00
01JTW4FJ5A0FQTX4YNDPWFYVJ2,01JTW4CER5DTR67383N3G8ZTGH,2025-05-09T23:40:34.346235-04:00,01JTW4CERQR4KN3N9QFYJXQKZ6,2025-05-09T23:40:34.346235-04:00,01JTW4DMYNQH4SQ7X6WBGY5YHD,2025-05-09T23:40:34.346235-04:00,01JTW4FJ2NG3D4KTSA26S56G3H,2025-05-09T23:40:34.346235-04:00,01JTW4FJ2Z7KCHR8FG1ZARNM9J,2025-05-09T23:40:34.346235-04:00,,
01JTW4K7CG3ZZGYSE01BVMQKD0,01JTW4CER5DTR67383N3G8ZTGH,2025-05-09T23:42:34.384189-04:00,01JTW4CERQR4KN3N9QFYJXQKZ6,2025-05-09T23:42:34.384189-04:00,01JTW4DMYNQH4SQ7X6WBGY5YHD,2025-05-09T23:42:34.384189-04:00,01JTW4FJ2RM2SDEPFZ1HNFNBVJ,2025-05-09T23:42:34.384189-04:00,01JTW4FJ34FXG248738ZVTHPKR,2025-05-09T23:42:34.384189-04:00,,
