id,batchID,batchIDLastChangedAt,gameID,gameIDLastChangedAt,playerID,playerIDLastChangedAt,roundID,roundIDLastChangedAt
01JTW4FJ51N3MNS0CAWPDVVFQE,01JTW4CER5DTR67383N3G8ZTGH,2025-05-09T23:40:34.337906-04:00,01JTW4CERQR4KN3N9QFYJXQKZ6,2025-05-09T23:40:34.337906-04:00,01JTW4DMYNQH4SQ7X6WBGY5YHD,2025-05-09T23:40:34.337906-04:00,01JTW4FJ2NG3D4KTSA26S56G3H,2025-05-09T23:40:34.337906-04:00
01JTW4K7C6FW0H638MT33YJ1F5,01JTW4CER5DTR67383N3G8ZTGH,2025-05-09T23:42:34.374068-04:00,01JTW4CERQR4KN3N9QFYJXQKZ6,2025-05-09T23:42:34.374068-04:00,01JTW4DDEYH99C6T9F9PYQFNAV,2025-05-09T23:42:34.374068-04:00,01JTW4FJ2RM2SDEPFZ1HNFNBVJ,2025-05-09T23:42:34.374068-04:00
01JTW4PWKMZ3W5VH31V8HTFFDC,01JTW4CER5DTR67383N3G8ZTGH,2025-05-09T23:44:34.420467-04:00,01JTW4CERQR4KN3N9QFYJXQKZ6,2025-05-09T23:44:34.420467-04:00,01JTW4DMYNQH4SQ7X6WBGY5YHD,2025-05-09T23:44:34.420467-04:00,01JTW4FJ2RM2SDEPFZ20BHDR9Q,2025-05-09T23:44:34.420467-04:00
01JTW4THVAYZP74V188SQX9ZT2,01JTW4CER5DTR67383N3G8ZTGH,2025-05-09T23:46:34.474265-04:00,01JTW4CERQR4KN3N9QFYJXQKZ6,2025-05-09T23:46:34.474265-04:00,01JTW4DDEYH99C6T9F9PYQFNAV,2025-05-09T23:46:34.474265-04:00,01JTW4FJ2RM2SDEPFZ2FTE8GHT,2025-05-09T23:46:34.474265-04:00
01JTW4Y69XGYFQQSF7T9HPJBCD,01JTW4CER5DTR67383N3G8ZTGH,2025-05-09T23:48:33.725696-04:00,01JTW4CERQR4KN3N9QFYJXQKZ6,2025-05-09T23:48:33.725696-04:00,01JTW4DDEYH99C6T9F9PYQFNAV,2025-05-09T23:48:33.725696-04:00,01JTW4FJ2QH5FZT922K3BTVMNF,2025-05-09T23:48:33.725696-04:00
01JTW4Y69XGYFQQSF7TK3XDT70,01JTW4CER5DTR67383N3G8ZTGH,2025-05-09T23:48:33.725819-04:00,01JTW4CERQR4KN3N9QFYJXQKZ6,2025-05-09T23:48:33.725819-04:00,01JTW4DMYNQH4SQ7X6WBGY5YHD,2025-05-09T23:48:33.725819-04:00,01JTW4FJ2QH5FZT922K3BTVMNF,2025-05-09T23:48:33.725819-04:00
01JTW51GG9Q1VX1E2XN8E7E2T0,01JTW4CER5DTR67383N3G8ZTGH,2025-05-09T23:50:22.473227-04:00,01JTW4CERQR4KN3N9QFYJXQKZ6,2025-05-09T23:50:22.473227-04:00,01JTW4DDEYH99C6T9F9PYQFNAV,2025-05-09T23:50:22.473227-04:00,01JTW4FJ2RM2SDEPFZ3003NPWS,2025-05-09T23:50:22.473227-04:00
01JTW4FJ51N3MNS0CAWCQJV9NT,01JTW4CER5DTR67383N3G8ZTGH,2025-05-09T23:40:34.337819-04:00,01JTW4CERQR4KN3N9QFYJXQKZ6,2025-05-09T23:40:34.337819-04:00,01JTW4DDEYH99C6T9F9PYQFNAV,2025-05-09T23:40:34.337819-04:00,01JTW4FJ2NG3D4KTSA26S56G3H,2025-05-09T23:40:34.337819-04:00
01JTW4K7C59EBRCJH090WHAS1J,01JTW4CER5DTR67383N3G8ZTGH,2025-05-09T23:42:34.373924-04:00,01JTW4CERQR4KN3N9QFYJXQKZ6,2025-05-09T23:42:34.373924-04:00,01JTW4DMYNQH4SQ7X6WBGY5YHD,2025-05-09T23:42:34.373924-04:00,01JTW4FJ2RM2SDEPFZ1HNFNBVJ,2025-05-09T23:42:34.373924-04:00
01JTW4PWKMZ3W5VH31V16DAFED,01JTW4CER5DTR67383N3G8ZTGH,2025-05-09T23:44:34.420348-04:00,01JTW4CERQR4KN3N9QFYJXQKZ6,2025-05-09T23:44:34.420348-04:00,01JTW4DDEYH99C6T9F9PYQFNAV,2025-05-09T23:44:34.420348-04:00,01JTW4FJ2RM2SDEPFZ20BHDR9Q,2025-05-09T23:44:34.420348-04:00
01JTW4THVAYZP74V1895ZQTKA6,01JTW4CER5DTR67383N3G8ZTGH,2025-05-09T23:46:34.474428-04:00,01JTW4CERQR4KN3N9QFYJXQKZ6,2025-05-09T23:46:34.474428-04:00,01JTW4DMYNQH4SQ7X6WBGY5YHD,2025-05-09T23:46:34.474428-04:00,01JTW4FJ2RM2SDEPFZ2FTE8GHT,2025-05-09T23:46:34.474428-04:00
01JTW51GG9Q1VX1E2XNE70X0EN,01JTW4CER5DTR67383N3G8ZTGH,2025-05-09T23:50:22.473363-04:00,01JTW4CERQR4KN3N9QFYJXQKZ6,2025-05-09T23:50:22.473363-04:00,01JTW4DMYNQH4SQ7X6WBGY5YHD,2025-05-09T23:50:22.473363-04:00,01JTW4FJ2RM2SDEPFZ3003NPWS,2025-05-09T23:50:22.473363-04:00
