id,batchID,batchIDLastChangedAt,duration,durationLastChangedAt,ended,endedLastChangedAt,gameID,gameIDLastChangedAt,index,indexLastChangedAt,initialized,initializedLastChangedAt,name,nameLastChangedAt,offers,offersLastChangedAt,roundID,roundIDLastChangedAt,start,startLastChangedAt,started,startedLastChangedAt,timerID,timerIDLastChangedAt
01JTW4FJ2Z7KCHR8FG1ZARNM9J,01JTW4CER5DTR67383N3G8ZTGH,2025-05-09T23:40:34.271564-04:00,120,2025-05-09T23:40:34.271564-04:00,true,2025-05-09T23:42:34.353402-04:00,01JTW4CERQR4KN3N9QFYJXQKZ6,2025-05-09T23:40:34.271564-04:00,0,2025-05-09T23:40:34.271564-04:00,true,2025-05-09T23:40:34.347584-04:00,Negotiation,2025-05-09T23:40:34.271564-04:00,,,01JTW4FJ2NG3D4KTSA26S56G3H,2025-05-09T23:40:34.271564-04:00,true,2025-05-09T23:40:34.341656-04:00,true,2025-05-09T23:40:34.349536-04:00,01JTW4FJ2XDV70AETQFYWN47AM,2025-05-09T23:40:34.271564-04:00
01JTW4FJ34FXG248738ZVTHPKR,01JTW4CER5DTR67383N3G8ZTGH,2025-05-09T23:40:34.27605-04:00,120,2025-05-09T23:40:34.27605-04:00,true,2025-05-09T23:44:34.397442-04:00,01JTW4CERQR4KN3N9QFYJXQKZ6,2025-05-09T23:40:34.27605-04:00,0,2025-05-09T23:40:34.27605-04:00,true,2025-05-09T23:42:34.385737-04:00,Negotiation,2025-05-09T23:40:34.27605-04:00,,,01JTW4FJ2RM2SDEPFZ1HNFNBVJ,2025-05-09T23:40:34.27605-04:00,true,2025-05-09T23:42:34.380562-04:00,true,2025-05-09T23:42:34.38985-04:00,01JTW4FJ32PT6K8ZZK4KDVEDEX,2025-05-09T23:40:34.27605-04:00
01JTW4FJ387QR0FV9MMN6SJRBD,01JTW4CER5DTR67383N3G8ZTGH,2025-05-09T23:40:34.280101-04:00,120,2025-05-09T23:40:34.280101-04:00,true,2025-05-09T23:46:34.450678-04:00,01JTW4CERQR4KN3N9QFYJXQKZ6,2025-05-09T23:40:34.280101-04:00,0,2025-05-09T23:40:34.280101-04:00,true,2025-05-09T23:44:34.432002-04:00,Negotiation,2025-05-09T23:40:34.280101-04:00,,,01JTW4FJ2RM2SDEPFZ20BHDR9Q,2025-05-09T23:40:34.280101-04:00,true,2025-05-09T23:44:34.426557-04:00,true,2025-05-09T23:44:34.436551-04:00,01JTW4FJ366QR0AJ91920G7KEC,2025-05-09T23:40:34.280101-04:00
01JTW4FJ3B7FNAER3EMXM4NJ7S,01JTW4CER5DTR67383N3G8ZTGH,2025-05-09T23:40:34.283035-04:00,120,2025-05-09T23:40:34.283035-04:00,true,2025-05-09T23:48:33.707732-04:00,01JTW4CERQR4KN3N9QFYJXQKZ6,2025-05-09T23:40:34.283035-04:00,0,2025-05-09T23:40:34.283035-04:00,true,2025-05-09T23:46:34.484585-04:00,Negotiation,2025-05-09T23:40:34.283035-04:00,"{""Hr"":{""salary"":90000,""bonuses"":15000,""stockOptions"":70000,""vacationDays"":15},""Employee"":{""salary"":101000,""bonuses"":20000,""stockOptions"":80000,""vacationDays"":16}}",2025-05-09T23:48:33.690879-04:00,01JTW4FJ2RM2SDEPFZ2FTE8GHT,2025-05-09T23:40:34.283035-04:00,true,2025-05-09T23:46:34.478683-04:00,true,2025-05-09T23:46:34.489172-04:00,01JTW4FJ3AZCKQ5CP0K6AVQ7KR,2025-05-09T23:40:34.283035-04:00
01JTW4FJ3DRT65FKHDAJSFJW7D,01JTW4CER5DTR67383N3G8ZTGH,2025-05-09T23:40:34.285774-04:00,120,2025-05-09T23:40:34.285774-04:00,true,2025-05-09T23:50:22.457918-04:00,01JTW4CERQR4KN3N9QFYJXQKZ6,2025-05-09T23:40:34.285774-04:00,0,2025-05-09T23:40:34.285774-04:00,true,2025-05-09T23:48:33.736481-04:00,Negotiation,2025-05-09T23:40:34.285774-04:00,"{""Hr"":{""salary"":95000,""bonuses"":10000,""stockOptions"":80000,""vacationDays"":17},""Employee"":{""salary"":78000,""bonuses"":5000,""stockOptions"":70000,""vacationDays"":15}}",2025-05-09T23:50:22.450235-04:00,01JTW4FJ2QH5FZT922K3BTVMNF,2025-05-09T23:40:34.285774-04:00,true,2025-05-09T23:48:33.730963-04:00,true,2025-05-09T23:48:33.740539-04:00,01JTW4FJ3DRT65FKHDAHW3CR86,2025-05-09T23:40:34.285774-04:00
01JTW4FJ3GK4PAPTZYMFNEZ1S9,01JTW4CER5DTR67383N3G8ZTGH,2025-05-09T23:40:34.288858-04:00,120,2025-05-09T23:40:34.288858-04:00,false,2025-05-09T23:40:34.288858-04:00,01JTW4CERQR4KN3N9QFYJXQKZ6,2025-05-09T23:40:34.288858-04:00,0,2025-05-09T23:40:34.288858-04:00,true,2025-05-09T23:50:22.483686-04:00,Negotiation,2025-05-09T23:40:34.288858-04:00,"{""Employee"":{""salary"":null,""bonuses"":null,""stockOptions"":null,""vacationDays"":null}}",2025-05-09T23:52:05.995159-04:00,01JTW4FJ2RM2SDEPFZ3003NPWS,2025-05-09T23:40:34.288858-04:00,true,2025-05-09T23:50:22.477759-04:00,true,2025-05-09T23:50:22.487832-04:00,01JTW4FJ3FECS9G9CW79T2MP80,2025-05-09T23:40:34.288858-04:00
