id,batchID,batchIDLastChangedAt,gameID,gameIDLastChangedAt,playerID,playerIDLastChangedAt
01JVN0WPDMBTC5ZPADE7G7KWKE,01JVN0HG625XH382X4PTR2KFHP,2025-05-19T15:38:51.188943-04:00,01JVN0HG6F9FV33B7XAJZQDTRH,2025-05-19T15:38:51.188943-04:00,01JVN0Q6YAZ41Q9MK1Q0SNZV36,2025-05-19T15:38:51.188943-04:00
01JVN0WPDNE2AX643PKC7PREWD,01JVN0HG625XH382X4PTR2KFHP,2025-05-19T15:38:51.189075-04:00,01JVN0HG6F9FV33B7XAJZQDTRH,2025-05-19T15:38:51.189075-04:00,01JVN0W8YX15Y94JM3DY4BT6PW,2025-05-19T15:38:51.189075-04:00
01JVN0H2E3PQN3RCN13PDXXA2Z,01JVMZGYJ85AM4Y1HBTW9BJ9SH,2025-05-19T15:32:30.275321-04:00,01JVMZGYJYHNJ38YB871XB1K70,2025-05-19T15:32:30.275321-04:00,01JVN04FDNH3DXRKTSQT3Y7TQD,2025-05-19T15:32:30.275321-04:00
01JVN0H2E3PQN3RCN13XGC5TGK,01JVMZGYJ85AM4Y1HBTW9BJ9SH,2025-05-19T15:32:30.275428-04:00,01JVMZGYJYHNJ38YB871XB1K70,2025-05-19T15:32:30.275428-04:00,01JVN0GWM1WEJQHYFY8YZY2XSJ,2025-05-19T15:32:30.275428-04:00
