id,batchID,batchIDLastChangedAt,gameID,gameIDLastChangedAt,playerID,playerIDLastChangedAt,roundID,roundIDLastChangedAt
01JTM3WQX1Q913YA2EN72DMS0T,01JTM3F5EB9FXGHPEBSGZBKE4G,2025-05-06T20:56:22.177048-04:00,01JTM3F5EXKXPGFG06Z0F85FKX,2025-05-06T20:56:22.177048-04:00,01JTM3GHGA0T30F9Z0B52JF1JZ,2025-05-06T20:56:22.177048-04:00,01JTM3NDBB8CQK2Q83RC783TP2,2025-05-06T20:56:22.177048-04:00
01JTM40D4EANHT4BNWK1G9SG72,01JTM3F5EB9FXGHPEBSGZBKE4G,2025-05-06T20:58:22.222843-04:00,01JTM3F5EXKXPGFG06Z0F85FKX,2025-05-06T20:58:22.222843-04:00,01JTM3GHGA0T30F9Z0B52JF1JZ,2025-05-06T20:58:22.222843-04:00,01JTM3NDBB8CQK2Q83QWHK47V0,2025-05-06T20:58:22.222843-04:00
01JTM442BT8ZRDQPGQZH3WT38S,01JTM3F5EB9FXGHPEBSGZBKE4G,2025-05-06T21:00:22.266067-04:00,01JTM3F5EXKXPGFG06Z0F85FKX,2025-05-06T21:00:22.266067-04:00,01JTM3G93DN3GDW47KRHWJFA4J,2025-05-06T21:00:22.266067-04:00,01JTM3NDBCKTE19345BNJQC7BD,2025-05-06T21:00:22.266067-04:00
01JTM3NDDZGQKPG7BX5ZF8JE42,01JTM3F5EB9FXGHPEBSGZBKE4G,2025-05-06T20:52:22.079828-04:00,01JTM3F5EXKXPGFG06Z0F85FKX,2025-05-06T20:52:22.079828-04:00,01JTM3G93DN3GDW47KRHWJFA4J,2025-05-06T20:52:22.079828-04:00,01JTM3NDBAJXWKKB0VA007SCSM,2025-05-06T20:52:22.079828-04:00
01JTM3S2NF26WVD3WE57NMM5TV,01JTM3F5EB9FXGHPEBSGZBKE4G,2025-05-06T20:54:22.127731-04:00,01JTM3F5EXKXPGFG06Z0F85FKX,2025-05-06T20:54:22.127731-04:00,01JTM3GHGA0T30F9Z0B52JF1JZ,2025-05-06T20:54:22.127731-04:00,01JTM3NDBB8CQK2Q83QGJHFAQS,2025-05-06T20:54:22.127731-04:00
01JTM3S2NF26WVD3WE5M3M556C,01JTM3F5EB9FXGHPEBSGZBKE4G,2025-05-06T20:54:22.127834-04:00,01JTM3F5EXKXPGFG06Z0F85FKX,2025-05-06T20:54:22.127834-04:00,01JTM3G93DN3GDW47KRHWJFA4J,2025-05-06T20:54:22.127834-04:00,01JTM3NDBB8CQK2Q83QGJHFAQS,2025-05-06T20:54:22.127834-04:00
01JTM442BSGD295772ENJ1AWW9,01JTM3F5EB9FXGHPEBSGZBKE4G,2025-05-06T21:00:22.265964-04:00,01JTM3F5EXKXPGFG06Z0F85FKX,2025-05-06T21:00:22.265964-04:00,01JTM3GHGA0T30F9Z0B52JF1JZ,2025-05-06T21:00:22.265964-04:00,01JTM3NDBCKTE19345BNJQC7BD,2025-05-06T21:00:22.265964-04:00
01JTM47QK6C5QZ7BP07KJWMZ7J,01JTM3F5EB9FXGHPEBSGZBKE4G,2025-05-06T21:02:22.31034-04:00,01JTM3F5EXKXPGFG06Z0F85FKX,2025-05-06T21:02:22.31034-04:00,01JTM3GHGA0T30F9Z0B52JF1JZ,2025-05-06T21:02:22.31034-04:00,01JTM3NDBCKTE19345AC3AAY5P,2025-05-06T21:02:22.31034-04:00
01JTM47QK6C5QZ7BP07ZG8XFJ3,01JTM3F5EB9FXGHPEBSGZBKE4G,2025-05-06T21:02:22.310463-04:00,01JTM3F5EXKXPGFG06Z0F85FKX,2025-05-06T21:02:22.310463-04:00,01JTM3G93DN3GDW47KRHWJFA4J,2025-05-06T21:02:22.310463-04:00,01JTM3NDBCKTE19345AC3AAY5P,2025-05-06T21:02:22.310463-04:00
01JTM3NDDZGQKPG7BX5T1AXDZB,01JTM3F5EB9FXGHPEBSGZBKE4G,2025-05-06T20:52:22.079751-04:00,01JTM3F5EXKXPGFG06Z0F85FKX,2025-05-06T20:52:22.079751-04:00,01JTM3GHGA0T30F9Z0B52JF1JZ,2025-05-06T20:52:22.079751-04:00,01JTM3NDBAJXWKKB0VA007SCSM,2025-05-06T20:52:22.079751-04:00
01JTM3WQX1Q913YA2ENG6EXNT6,01JTM3F5EB9FXGHPEBSGZBKE4G,2025-05-06T20:56:22.177171-04:00,01JTM3F5EXKXPGFG06Z0F85FKX,2025-05-06T20:56:22.177171-04:00,01JTM3G93DN3GDW47KRHWJFA4J,2025-05-06T20:56:22.177171-04:00,01JTM3NDBB8CQK2Q83RC783TP2,2025-05-06T20:56:22.177171-04:00
01JTM40D4EANHT4BNWKBTXKRF7,01JTM3F5EB9FXGHPEBSGZBKE4G,2025-05-06T20:58:22.222977-04:00,01JTM3F5EXKXPGFG06Z0F85FKX,2025-05-06T20:58:22.222977-04:00,01JTM3G93DN3GDW47KRHWJFA4J,2025-05-06T20:58:22.222977-04:00,01JTM3NDBB8CQK2Q83QWHK47V0,2025-05-06T20:58:22.222977-04:00
