id,batchID,batchIDLastChangedAt,gameID,gameIDLastChangedAt,playerID,playerIDLastChangedAt,roundID,roundIDLastChangedAt,stageID,stageIDLastChangedAt
01JTM47QKF117E63DFMRD8ZX3Y,01JTM3F5EB9FXGHPEBSGZBKE4G,2025-05-06T21:02:22.319349-04:00,01JTM3F5EXKXPGFG06Z0F85FKX,2025-05-06T21:02:22.319349-04:00,01JTM3GHGA0T30F9Z0B52JF1JZ,2025-05-06T21:02:22.319349-04:00,01JTM3NDBCKTE19345AC3AAY5P,2025-05-06T21:02:22.319349-04:00,01JTM3NDC6HMYNX2PDKC777QPG,2025-05-06T21:02:22.319349-04:00
01JTM3NDE7N05DJBT29RE7QQFE,01JTM3F5EB9FXGHPEBSGZBKE4G,2025-05-06T20:52:22.087703-04:00,01JTM3F5EXKXPGFG06Z0F85FKX,2025-05-06T20:52:22.087703-04:00,01JTM3G93DN3GDW47KRHWJFA4J,2025-05-06T20:52:22.087703-04:00,01JTM3NDBAJXWKKB0VA007SCSM,2025-05-06T20:52:22.087703-04:00,01JTM3NDBJZRNQD9C4F2SJAC7C,2025-05-06T20:52:22.087703-04:00
01JTM40D4QW593QZPJGPTPE18P,01JTM3F5EB9FXGHPEBSGZBKE4G,2025-05-06T20:58:22.231767-04:00,01JTM3F5EXKXPGFG06Z0F85FKX,2025-05-06T20:58:22.231767-04:00,01JTM3G93DN3GDW47KRHWJFA4J,2025-05-06T20:58:22.231767-04:00,01JTM3NDBB8CQK2Q83QWHK47V0,2025-05-06T20:58:22.231767-04:00,01JTM3NDBZB6YZ8MPF87C8G3YR,2025-05-06T20:58:22.231767-04:00
01JTM40D4QW593QZPJH2EPPCN4,01JTM3F5EB9FXGHPEBSGZBKE4G,2025-05-06T20:58:22.2319-04:00,01JTM3F5EXKXPGFG06Z0F85FKX,2025-05-06T20:58:22.2319-04:00,01JTM3GHGA0T30F9Z0B52JF1JZ,2025-05-06T20:58:22.2319-04:00,01JTM3NDBB8CQK2Q83QWHK47V0,2025-05-06T20:58:22.2319-04:00,01JTM3NDBZB6YZ8MPF87C8G3YR,2025-05-06T20:58:22.2319-04:00
01JTM3WQXAS96PANV9405F5FXJ,01JTM3F5EB9FXGHPEBSGZBKE4G,2025-05-06T20:56:22.186714-04:00,01JTM3F5EXKXPGFG06Z0F85FKX,2025-05-06T20:56:22.186714-04:00,01JTM3G93DN3GDW47KRHWJFA4J,2025-05-06T20:56:22.186714-04:00,01JTM3NDBB8CQK2Q83RC783TP2,2025-05-06T20:56:22.186714-04:00,01JTM3NDBV8DTW3WFN6N996TM8,2025-05-06T20:56:22.186714-04:00
01JTM3WQXAS96PANV949JMB14X,01JTM3F5EB9FXGHPEBSGZBKE4G,2025-05-06T20:56:22.186886-04:00,01JTM3F5EXKXPGFG06Z0F85FKX,2025-05-06T20:56:22.186886-04:00,01JTM3GHGA0T30F9Z0B52JF1JZ,2025-05-06T20:56:22.186886-04:00,01JTM3NDBB8CQK2Q83RC783TP2,2025-05-06T20:56:22.186886-04:00,01JTM3NDBV8DTW3WFN6N996TM8,2025-05-06T20:56:22.186886-04:00
01JTM442C3HW2R95BGX3K4B4N8,01JTM3F5EB9FXGHPEBSGZBKE4G,2025-05-06T21:00:22.275862-04:00,01JTM3F5EXKXPGFG06Z0F85FKX,2025-05-06T21:00:22.275862-04:00,01JTM3G93DN3GDW47KRHWJFA4J,2025-05-06T21:00:22.275862-04:00,01JTM3NDBCKTE19345BNJQC7BD,2025-05-06T21:00:22.275862-04:00,01JTM3NDC295R51222PXB24MDC,2025-05-06T21:00:22.275862-04:00
01JTM442C3HW2R95BGXCDYJQJR,01JTM3F5EB9FXGHPEBSGZBKE4G,2025-05-06T21:00:22.275964-04:00,01JTM3F5EXKXPGFG06Z0F85FKX,2025-05-06T21:00:22.275964-04:00,01JTM3GHGA0T30F9Z0B52JF1JZ,2025-05-06T21:00:22.275964-04:00,01JTM3NDBCKTE19345BNJQC7BD,2025-05-06T21:00:22.275964-04:00,01JTM3NDC295R51222PXB24MDC,2025-05-06T21:00:22.275964-04:00
01JTM47QKF117E63DFN1FQTQJX,01JTM3F5EB9FXGHPEBSGZBKE4G,2025-05-06T21:02:22.319474-04:00,01JTM3F5EXKXPGFG06Z0F85FKX,2025-05-06T21:02:22.319474-04:00,01JTM3G93DN3GDW47KRHWJFA4J,2025-05-06T21:02:22.319474-04:00,01JTM3NDBCKTE19345AC3AAY5P,2025-05-06T21:02:22.319474-04:00,01JTM3NDC6HMYNX2PDKC777QPG,2025-05-06T21:02:22.319474-04:00
01JTM3NDE7N05DJBT2A6407QG0,01JTM3F5EB9FXGHPEBSGZBKE4G,2025-05-06T20:52:22.087798-04:00,01JTM3F5EXKXPGFG06Z0F85FKX,2025-05-06T20:52:22.087798-04:00,01JTM3GHGA0T30F9Z0B52JF1JZ,2025-05-06T20:52:22.087798-04:00,01JTM3NDBAJXWKKB0VA007SCSM,2025-05-06T20:52:22.087798-04:00,01JTM3NDBJZRNQD9C4F2SJAC7C,2025-05-06T20:52:22.087798-04:00
01JTM3S2NTWZH47NJCVX8F6A3Q,01JTM3F5EB9FXGHPEBSGZBKE4G,2025-05-06T20:54:22.138642-04:00,01JTM3F5EXKXPGFG06Z0F85FKX,2025-05-06T20:54:22.138642-04:00,01JTM3G93DN3GDW47KRHWJFA4J,2025-05-06T20:54:22.138642-04:00,01JTM3NDBB8CQK2Q83QGJHFAQS,2025-05-06T20:54:22.138642-04:00,01JTM3NDBQJ8Z3BHSZAS778RAJ,2025-05-06T20:54:22.138642-04:00
01JTM3S2NTWZH47NJCW7XACA39,01JTM3F5EB9FXGHPEBSGZBKE4G,2025-05-06T20:54:22.138755-04:00,01JTM3F5EXKXPGFG06Z0F85FKX,2025-05-06T20:54:22.138755-04:00,01JTM3GHGA0T30F9Z0B52JF1JZ,2025-05-06T20:54:22.138755-04:00,01JTM3NDBB8CQK2Q83QGJHFAQS,2025-05-06T20:54:22.138755-04:00,01JTM3NDBQJ8Z3BHSZAS778RAJ,2025-05-06T20:54:22.138755-04:00
