id,batchID,batchIDLastChangedAt,gameID,gameIDLastChangedAt,playerID,playerIDLastChangedAt,roundID,roundIDLastChangedAt,stageID,stageIDLastChangedAt
01JW0F9WQ3JXFV6FACD7V1H3NG,01JW0F84ZJFRZZVW62ZHTG92RS,2025-05-24T02:22:22.435988-04:00,01JW0F8504F3Z1T6FNY33K8AG8,2025-05-24T02:22:22.435988-04:00,01JW0F9CRAYG32HJ5B7QX0YDCH,2025-05-24T02:22:22.435988-04:00,01JW0F9WMC70SRPPNATMQC1SAA,2025-05-24T02:22:22.435988-04:00,01JW0F9WMMM2SVXCFNPSSA3B00,2025-05-24T02:22:22.435988-04:00
01JW0F9WQ4DH1QSEG3SYT1FQJ1,01JW0F84ZJFRZZVW62ZHTG92RS,2025-05-24T02:22:22.436086-04:00,01JW0F8504F3Z1T6FNY33K8AG8,2025-05-24T02:22:22.436086-04:00,01JW0F8M364MSWZ572TF4WPA66,2025-05-24T02:22:22.436086-04:00,01JW0F9WMC70SRPPNATMQC1SAA,2025-05-24T02:22:22.436086-04:00,01JW0F9WMMM2SVXCFNPSSA3B00,2025-05-24T02:22:22.436086-04:00
01JW0FD4R14TJYHMGBN9NJW8DZ,01JW0F84ZJFRZZVW62ZHTG92RS,2025-05-24T02:24:08.961685-04:00,01JW0F8504F3Z1T6FNY33K8AG8,2025-05-24T02:24:08.961685-04:00,01JW0F9CRAYG32HJ5B7QX0YDCH,2025-05-24T02:24:08.961685-04:00,01JW0F9WMD4AWG4BXCNFAS94TT,2025-05-24T02:24:08.961685-04:00,01JW0F9WMS9ZVVHAHF182X3FYZ,2025-05-24T02:24:08.961685-04:00
01JW0FGSZ931EF3S6F4XB786EC,01JW0F84ZJFRZZVW62ZHTG92RS,2025-05-24T02:26:09.001761-04:00,01JW0F8504F3Z1T6FNY33K8AG8,2025-05-24T02:26:09.001761-04:00,01JW0F9CRAYG32HJ5B7QX0YDCH,2025-05-24T02:26:09.001761-04:00,01JW0F9WMD4AWG4BXCNXZ9KC88,2025-05-24T02:26:09.001761-04:00,01JW0F9WMWR921B7DGZFXWECQG,2025-05-24T02:26:09.001761-04:00
01JW0FVSPMVS984H5Y6JRVP05D,01JW0F84ZJFRZZVW62ZHTG92RS,2025-05-24T02:32:09.172408-04:00,01JW0F8504F3Z1T6FNY33K8AG8,2025-05-24T02:32:09.172408-04:00,01JW0F8M364MSWZ572TF4WPA66,2025-05-24T02:32:09.172408-04:00,01JW0F9WMFY11VGK9ZSAGKBPAK,2025-05-24T02:32:09.172408-04:00,01JW0F9WN6Y05E8PH16AAPNB8F,2025-05-24T02:32:09.172408-04:00
01JW0FVSPMVS984H5Y6XMD887T,01JW0F84ZJFRZZVW62ZHTG92RS,2025-05-24T02:32:09.172549-04:00,01JW0F8504F3Z1T6FNY33K8AG8,2025-05-24T02:32:09.172549-04:00,01JW0F9CRAYG32HJ5B7QX0YDCH,2025-05-24T02:32:09.172549-04:00,01JW0F9WMFY11VGK9ZSAGKBPAK,2025-05-24T02:32:09.172549-04:00,01JW0F9WN6Y05E8PH16AAPNB8F,2025-05-24T02:32:09.172549-04:00
01JW0FD4R14TJYHMGBNMS7M0G9,01JW0F84ZJFRZZVW62ZHTG92RS,2025-05-24T02:24:08.961751-04:00,01JW0F8504F3Z1T6FNY33K8AG8,2025-05-24T02:24:08.961751-04:00,01JW0F8M364MSWZ572TF4WPA66,2025-05-24T02:24:08.961751-04:00,01JW0F9WMD4AWG4BXCNFAS94TT,2025-05-24T02:24:08.961751-04:00,01JW0F9WMS9ZVVHAHF182X3FYZ,2025-05-24T02:24:08.961751-04:00
01JW0FGSZ931EF3S6F5ATB2Z7G,01JW0F84ZJFRZZVW62ZHTG92RS,2025-05-24T02:26:09.001898-04:00,01JW0F8504F3Z1T6FNY33K8AG8,2025-05-24T02:26:09.001898-04:00,01JW0F8M364MSWZ572TF4WPA66,2025-05-24T02:26:09.001898-04:00,01JW0F9WMD4AWG4BXCNXZ9KC88,2025-05-24T02:26:09.001898-04:00,01JW0F9WMWR921B7DGZFXWECQG,2025-05-24T02:26:09.001898-04:00
01JW0FMF6PXN643T4RB0S18ASA,01JW0F84ZJFRZZVW62ZHTG92RS,2025-05-24T02:28:09.046224-04:00,01JW0F8504F3Z1T6FNY33K8AG8,2025-05-24T02:28:09.046224-04:00,01JW0F8M364MSWZ572TF4WPA66,2025-05-24T02:28:09.046224-04:00,01JW0F9WMEQ1WJSC7B2D4FYY8Y,2025-05-24T02:28:09.046224-04:00,01JW0F9WN0A62JWC7Q8W4M5DD7,2025-05-24T02:28:09.046224-04:00
01JW0FMF6PXN643T4RBB0P40X2,01JW0F84ZJFRZZVW62ZHTG92RS,2025-05-24T02:28:09.046361-04:00,01JW0F8504F3Z1T6FNY33K8AG8,2025-05-24T02:28:09.046361-04:00,01JW0F9CRAYG32HJ5B7QX0YDCH,2025-05-24T02:28:09.046361-04:00,01JW0F9WMEQ1WJSC7B2D4FYY8Y,2025-05-24T02:28:09.046361-04:00,01JW0F9WN0A62JWC7Q8W4M5DD7,2025-05-24T02:28:09.046361-04:00
01JW0FR4F4PZ6E5YY8HYH65W18,01JW0F84ZJFRZZVW62ZHTG92RS,2025-05-24T02:30:09.12444-04:00,01JW0F8504F3Z1T6FNY33K8AG8,2025-05-24T02:30:09.12444-04:00,01JW0F9CRAYG32HJ5B7QX0YDCH,2025-05-24T02:30:09.12444-04:00,01JW0F9WMFY11VGK9ZRT9Q57TA,2025-05-24T02:30:09.12444-04:00,01JW0F9WN3G70PHJBSTH227WCE,2025-05-24T02:30:09.12444-04:00
01JW0FR4F4PZ6E5YY8JBY3YKF7,01JW0F84ZJFRZZVW62ZHTG92RS,2025-05-24T02:30:09.124557-04:00,01JW0F8504F3Z1T6FNY33K8AG8,2025-05-24T02:30:09.124557-04:00,01JW0F8M364MSWZ572TF4WPA66,2025-05-24T02:30:09.124557-04:00,01JW0F9WMFY11VGK9ZRT9Q57TA,2025-05-24T02:30:09.124557-04:00,01JW0F9WN3G70PHJBSTH227WCE,2025-05-24T02:30:09.124557-04:00
