id,batchID,batchIDLastChangedAt,gameID,gameIDLastChangedAt,playerID,playerIDLastChangedAt,roundID,roundIDLastChangedAt
01JW0F9WPVW0HJ81SSXHC9559Y,01JW0F84ZJFRZZVW62ZHTG92RS,2025-05-24T02:22:22.427636-04:00,01JW0F8504F3Z1T6FNY33K8AG8,2025-05-24T02:22:22.427636-04:00,01JW0F8M364MSWZ572TF4WPA66,2025-05-24T02:22:22.427636-04:00,01JW0F9WMC70SRPPNATMQC1SAA,2025-05-24T02:22:22.427636-04:00
01JW0F9WPVW0HJ81SSXVZMWS55,01JW0F84ZJFRZZVW62ZHTG92RS,2025-05-24T02:22:22.427723-04:00,01JW0F8504F3Z1T6FNY33K8AG8,2025-05-24T02:22:22.427723-04:00,01JW0F9CRAYG32HJ5B7QX0YDCH,2025-05-24T02:22:22.427723-04:00,01JW0F9WMC70SRPPNATMQC1SAA,2025-05-24T02:22:22.427723-04:00
01JW0FD4QWY5T8KSZW94Z33VPB,01JW0F84ZJFRZZVW62ZHTG92RS,2025-05-24T02:24:08.956429-04:00,01JW0F8504F3Z1T6FNY33K8AG8,2025-05-24T02:24:08.956429-04:00,01JW0F8M364MSWZ572TF4WPA66,2025-05-24T02:24:08.956429-04:00,01JW0F9WMD4AWG4BXCNFAS94TT,2025-05-24T02:24:08.956429-04:00
01JW0FGSZ0JXNX3N0RD3ATAVRW,01JW0F84ZJFRZZVW62ZHTG92RS,2025-05-24T02:26:08.992084-04:00,01JW0F8504F3Z1T6FNY33K8AG8,2025-05-24T02:26:08.992084-04:00,01JW0F8M364MSWZ572TF4WPA66,2025-05-24T02:26:08.992084-04:00,01JW0F9WMD4AWG4BXCNXZ9KC88,2025-05-24T02:26:08.992084-04:00
01JW0FMF6CN6CSN4G8Q03Q5FRH,01JW0F84ZJFRZZVW62ZHTG92RS,2025-05-24T02:28:09.03696-04:00,01JW0F8504F3Z1T6FNY33K8AG8,2025-05-24T02:28:09.03696-04:00,01JW0F8M364MSWZ572TF4WPA66,2025-05-24T02:28:09.03696-04:00,01JW0F9WMEQ1WJSC7B2D4FYY8Y,2025-05-24T02:28:09.03696-04:00
01JW0FR4EW9YD0F4QM1ZFHKQHQ,01JW0F84ZJFRZZVW62ZHTG92RS,2025-05-24T02:30:09.116468-04:00,01JW0F8504F3Z1T6FNY33K8AG8,2025-05-24T02:30:09.116468-04:00,01JW0F9CRAYG32HJ5B7QX0YDCH,2025-05-24T02:30:09.116468-04:00,01JW0F9WMFY11VGK9ZRT9Q57TA,2025-05-24T02:30:09.116468-04:00
01JW0FVSPANXWDJYJ0BNASRE4D,01JW0F84ZJFRZZVW62ZHTG92RS,2025-05-24T02:32:09.162563-04:00,01JW0F8504F3Z1T6FNY33K8AG8,2025-05-24T02:32:09.162563-04:00,01JW0F9CRAYG32HJ5B7QX0YDCH,2025-05-24T02:32:09.162563-04:00,01JW0F9WMFY11VGK9ZSAGKBPAK,2025-05-24T02:32:09.162563-04:00
01JW0FD4QWY5T8KSZW8SKPRKS0,01JW0F84ZJFRZZVW62ZHTG92RS,2025-05-24T02:24:08.956304-04:00,01JW0F8504F3Z1T6FNY33K8AG8,2025-05-24T02:24:08.956304-04:00,01JW0F9CRAYG32HJ5B7QX0YDCH,2025-05-24T02:24:08.956304-04:00,01JW0F9WMD4AWG4BXCNFAS94TT,2025-05-24T02:24:08.956304-04:00
01JW0FGSZ0JXNX3N0RDG2VV26M,01JW0F84ZJFRZZVW62ZHTG92RS,2025-05-24T02:26:08.992208-04:00,01JW0F8504F3Z1T6FNY33K8AG8,2025-05-24T02:26:08.992208-04:00,01JW0F9CRAYG32HJ5B7QX0YDCH,2025-05-24T02:26:08.992208-04:00,01JW0F9WMD4AWG4BXCNXZ9KC88,2025-05-24T02:26:08.992208-04:00
01JW0FMF6CN6CSN4G8PNX742R0,01JW0F84ZJFRZZVW62ZHTG92RS,2025-05-24T02:28:09.036839-04:00,01JW0F8504F3Z1T6FNY33K8AG8,2025-05-24T02:28:09.036839-04:00,01JW0F9CRAYG32HJ5B7QX0YDCH,2025-05-24T02:28:09.036839-04:00,01JW0F9WMEQ1WJSC7B2D4FYY8Y,2025-05-24T02:28:09.036839-04:00
01JW0FR4EW9YD0F4QM1KWRXEQQ,01JW0F84ZJFRZZVW62ZHTG92RS,2025-05-24T02:30:09.116353-04:00,01JW0F8504F3Z1T6FNY33K8AG8,2025-05-24T02:30:09.116353-04:00,01JW0F8M364MSWZ572TF4WPA66,2025-05-24T02:30:09.116353-04:00,01JW0F9WMFY11VGK9ZRT9Q57TA,2025-05-24T02:30:09.116353-04:00
01JW0FVSPANXWDJYJ0BBPQQNH5,01JW0F84ZJFRZZVW62ZHTG92RS,2025-05-24T02:32:09.16246-04:00,01JW0F8504F3Z1T6FNY33K8AG8,2025-05-24T02:32:09.16246-04:00,01JW0F8M364MSWZ572TF4WPA66,2025-05-24T02:32:09.16246-04:00,01JW0F9WMFY11VGK9ZSAGKBPAK,2025-05-24T02:32:09.16246-04:00
