id,batchID,batchIDLastChangedAt,duration,durationLastChangedAt,ended,endedLastChangedAt,endedReason,endedReasonLastChangedAt,gameID,gameIDLastChangedAt,index,indexLastChangedAt,initialized,initializedLastChangedAt,name,nameLastChangedAt,offers,offersLastChangedAt,roundID,roundIDLastChangedAt,start,startLastChangedAt,started,startedLastChangedAt,status,statusLastChangedAt,submit,submitLastChangedAt,timerID,timerIDLastChangedAt
01JW0F9WMMM2SVXCFNPSSA3B00,01JW0F84ZJFRZZVW62ZHTG92RS,2025-05-24T02:22:22.356722-04:00,120,2025-05-24T02:22:22.356722-04:00,true,2025-05-24T02:24:08.944709-04:00,null,2025-05-24T02:24:08.944709-04:00,01JW0F8504F3Z1T6FNY33K8AG8,2025-05-24T02:22:22.356722-04:00,0,2025-05-24T02:22:22.356722-04:00,true,2025-05-24T02:22:22.437181-04:00,Negotiation,2025-05-24T02:22:22.356722-04:00,"{""Hr"":{""salary"":90000,""bonuses"":10000,""stockOptions"":70000,""vacationDays"":12},""Employee"":{""salary"":111000,""bonuses"":15000,""stockOptions"":90000,""vacationDays"":13}}",2025-05-24T02:24:08.768765-04:00,01JW0F9WMC70SRPPNATMQC1SAA,2025-05-24T02:22:22.356722-04:00,true,2025-05-24T02:22:22.430831-04:00,true,2025-05-24T02:22:22.439373-04:00,null,2025-05-24T02:24:08.944709-04:00,,,01JW0F9WMK5P0HZNJ0W9XZV28S,2025-05-24T02:22:22.356722-04:00
01JW0F9WMS9ZVVHAHF182X3FYZ,01JW0F84ZJFRZZVW62ZHTG92RS,2025-05-24T02:22:22.361067-04:00,120,2025-05-24T02:22:22.361067-04:00,true,2025-05-24T02:26:08.973186-04:00,,,01JW0F8504F3Z1T6FNY33K8AG8,2025-05-24T02:22:22.361067-04:00,0,2025-05-24T02:22:22.361067-04:00,true,2025-05-24T02:24:08.962895-04:00,Negotiation,2025-05-24T02:22:22.361067-04:00,"{""Hr"":{""salary"":90000,""bonuses"":10000,""stockOptions"":70000,""vacationDays"":11}}",2025-05-24T02:26:05.14798-04:00,01JW0F9WMD4AWG4BXCNFAS94TT,2025-05-24T02:22:22.361067-04:00,true,2025-05-24T02:24:08.959349-04:00,true,2025-05-24T02:24:08.966272-04:00,,,,,01JW0F9WMQ4MS7NJB8AY8RRB92,2025-05-24T02:22:22.361067-04:00
01JW0F9WMWR921B7DGZFXWECQG,01JW0F84ZJFRZZVW62ZHTG92RS,2025-05-24T02:22:22.364892-04:00,120,2025-05-24T02:22:22.364892-04:00,true,2025-05-24T02:28:09.016261-04:00,,,01JW0F8504F3Z1T6FNY33K8AG8,2025-05-24T02:22:22.364892-04:00,0,2025-05-24T02:22:22.364892-04:00,true,2025-05-24T02:26:09.003349-04:00,Negotiation,2025-05-24T02:22:22.364892-04:00,,,01JW0F9WMD4AWG4BXCNXZ9KC88,2025-05-24T02:22:22.364892-04:00,true,2025-05-24T02:26:08.997423-04:00,true,2025-05-24T02:26:09.007791-04:00,,,,,01JW0F9WMV418NENS1KG2Q50ZG,2025-05-24T02:22:22.364892-04:00
01JW0F9WN0A62JWC7Q8W4M5DD7,01JW0F84ZJFRZZVW62ZHTG92RS,2025-05-24T02:22:22.368379-04:00,120,2025-05-24T02:22:22.368379-04:00,true,2025-05-24T02:30:09.09522-04:00,,,01JW0F8504F3Z1T6FNY33K8AG8,2025-05-24T02:22:22.368379-04:00,0,2025-05-24T02:22:22.368379-04:00,true,2025-05-24T02:28:09.048161-04:00,Negotiation,2025-05-24T02:22:22.368379-04:00,,,01JW0F9WMEQ1WJSC7B2D4FYY8Y,2025-05-24T02:22:22.368379-04:00,true,2025-05-24T02:28:09.041955-04:00,true,2025-05-24T02:28:09.052535-04:00,,,,,01JW0F9WMYE5NK5SKPHR3Q1PX2,2025-05-24T02:22:22.368379-04:00
01JW0F9WN3G70PHJBSTH227WCE,01JW0F84ZJFRZZVW62ZHTG92RS,2025-05-24T02:22:22.371554-04:00,120,2025-05-24T02:22:22.371554-04:00,true,2025-05-24T02:32:09.141652-04:00,,,01JW0F8504F3Z1T6FNY33K8AG8,2025-05-24T02:22:22.371554-04:00,0,2025-05-24T02:22:22.371554-04:00,true,2025-05-24T02:30:09.126947-04:00,Negotiation,2025-05-24T02:22:22.371554-04:00,,,01JW0F9WMFY11VGK9ZRT9Q57TA,2025-05-24T02:22:22.371554-04:00,true,2025-05-24T02:30:09.121048-04:00,true,2025-05-24T02:30:09.131303-04:00,,,,,01JW0F9WN2AK3Z7K4RSMZDQSZM,2025-05-24T02:22:22.371554-04:00
01JW0F9WN6Y05E8PH16AAPNB8F,01JW0F84ZJFRZZVW62ZHTG92RS,2025-05-24T02:22:22.374603-04:00,120,2025-05-24T02:22:22.374603-04:00,true,2025-05-24T02:33:54.343022-04:00,null,2025-05-24T02:33:54.343022-04:00,01JW0F8504F3Z1T6FNY33K8AG8,2025-05-24T02:22:22.374603-04:00,0,2025-05-24T02:22:22.374603-04:00,true,2025-05-24T02:32:09.173961-04:00,Negotiation,2025-05-24T02:22:22.374603-04:00,"{""Hr"":{""salary"":100000,""bonuses"":20000,""stockOptions"":80000,""vacationDays"":12},""Employee"":{""salary"":100000,""bonuses"":20000,""stockOptions"":80000,""vacationDays"":12}}",2025-05-24T02:33:54.083814-04:00,01JW0F9WMFY11VGK9ZSAGKBPAK,2025-05-24T02:22:22.374603-04:00,true,2025-05-24T02:32:09.168632-04:00,true,2025-05-24T02:32:09.178254-04:00,null,2025-05-24T02:33:54.343022-04:00,true,2025-05-24T02:33:54.348058-04:00,01JW0F9WN5PF5S70XWAWN7630Z,2025-05-24T02:22:22.374603-04:00
