id,batchID,batchIDLastChangedAt,gameID,gameIDLastChangedAt,playerID,playerIDLastChangedAt,roundID,roundIDLastChangedAt,stageID,stageIDLastChangedAt
01JVC0H4RARDP692HAKQ57RJJB,01JVC00R1NFWVNPFH69VHEQFNS,2025-05-16T03:39:22.762374-04:00,01JVC00R27VQXFZ206QQC04G5M,2025-05-16T03:39:22.762374-04:00,01JVC011H3STVNGX0RTJW52GE5,2025-05-16T03:39:22.762374-04:00,01JVC02FQRGFW65EG2HF0HKCAR,2025-05-16T03:39:22.762374-04:00,01JVC02FRCVDYVNE9CKYGBTGT7,2025-05-16T03:39:22.762374-04:00
01JVC0H4RARDP692HAM6YWH3W6,01JVC00R1NFWVNPFH69VHEQFNS,2025-05-16T03:39:22.762502-04:00,01JVC00R27VQXFZ206QQC04G5M,2025-05-16T03:39:22.762502-04:00,01JVC01TS74C4B6ZS5BZ6SH911,2025-05-16T03:39:22.762502-04:00,01JVC02FQRGFW65EG2HF0HKCAR,2025-05-16T03:39:22.762502-04:00,01JVC02FRCVDYVNE9CKYGBTGT7,2025-05-16T03:39:22.762502-04:00
01JVC02FTA4V859APDBV7S5QMA,01JVC00R1NFWVNPFH69VHEQFNS,2025-05-16T03:31:22.570948-04:00,01JVC00R27VQXFZ206QQC04G5M,2025-05-16T03:31:22.570948-04:00,01JVC01TS74C4B6ZS5BZ6SH911,2025-05-16T03:31:22.570948-04:00,01JVC02FQPF0ND3KQKTFKWC7CA,2025-05-16T03:31:22.570948-04:00,01JVC02FQYKBPD23WTQHSCR22C,2025-05-16T03:31:22.570948-04:00
01JVC02FTBQZTY4M22EEBZ4YQS,01JVC00R1NFWVNPFH69VHEQFNS,2025-05-16T03:31:22.571029-04:00,01JVC00R27VQXFZ206QQC04G5M,2025-05-16T03:31:22.571029-04:00,01JVC011H3STVNGX0RTJW52GE5,2025-05-16T03:31:22.571029-04:00,01JVC02FQPF0ND3KQKTFKWC7CA,2025-05-16T03:31:22.571029-04:00,01JVC02FQYKBPD23WTQHSCR22C,2025-05-16T03:31:22.571029-04:00
01JVC0651RFE3WEG3JWRKPCD08,01JVC00R1NFWVNPFH69VHEQFNS,2025-05-16T03:33:22.616404-04:00,01JVC00R27VQXFZ206QQC04G5M,2025-05-16T03:33:22.616404-04:00,01JVC01TS74C4B6ZS5BZ6SH911,2025-05-16T03:33:22.616404-04:00,01JVC02FQQHCFYV395K44Z8QWZ,2025-05-16T03:33:22.616404-04:00,01JVC02FR3BEP5RG8PPG5XYQ60,2025-05-16T03:33:22.616404-04:00
01JVC0651RFE3WEG3JX7WXKGSR,01JVC00R1NFWVNPFH69VHEQFNS,2025-05-16T03:33:22.616527-04:00,01JVC00R27VQXFZ206QQC04G5M,2025-05-16T03:33:22.616527-04:00,01JVC011H3STVNGX0RTJW52GE5,2025-05-16T03:33:22.616527-04:00,01JVC02FQQHCFYV395K44Z8QWZ,2025-05-16T03:33:22.616527-04:00,01JVC02FR3BEP5RG8PPG5XYQ60,2025-05-16T03:33:22.616527-04:00
01JVC0DFGQYQXAWXCHW6P08FQZ,01JVC00R1NFWVNPFH69VHEQFNS,2025-05-16T03:37:22.711643-04:00,01JVC00R27VQXFZ206QQC04G5M,2025-05-16T03:37:22.711643-04:00,01JVC01TS74C4B6ZS5BZ6SH911,2025-05-16T03:37:22.711643-04:00,01JVC02FQRGFW65EG2GV6ZCRZG,2025-05-16T03:37:22.711643-04:00,01JVC02FR97PVCKM04HKFBK9W4,2025-05-16T03:37:22.711643-04:00
01JVC0DFGQYQXAWXCHWPHJ2RM5,01JVC00R1NFWVNPFH69VHEQFNS,2025-05-16T03:37:22.711763-04:00,01JVC00R27VQXFZ206QQC04G5M,2025-05-16T03:37:22.711763-04:00,01JVC011H3STVNGX0RTJW52GE5,2025-05-16T03:37:22.711763-04:00,01JVC02FQRGFW65EG2GV6ZCRZG,2025-05-16T03:37:22.711763-04:00,01JVC02FR97PVCKM04HKFBK9W4,2025-05-16T03:37:22.711763-04:00
01JVC0MSZFKDGJTX5YYJW64470,01JVC00R1NFWVNPFH69VHEQFNS,2025-05-16T03:41:22.799302-04:00,01JVC00R27VQXFZ206QQC04G5M,2025-05-16T03:41:22.799302-04:00,01JVC011H3STVNGX0RTJW52GE5,2025-05-16T03:41:22.799302-04:00,01JVC02FQT9TXQGEKGK6GWWRST,2025-05-16T03:41:22.799302-04:00,01JVC02FRF163QAG5ASR0AKHZ5,2025-05-16T03:41:22.799302-04:00
01JVC09T971VAX3Y9DH440HY31,01JVC00R1NFWVNPFH69VHEQFNS,2025-05-16T03:35:22.663072-04:00,01JVC00R27VQXFZ206QQC04G5M,2025-05-16T03:35:22.663072-04:00,01JVC011H3STVNGX0RTJW52GE5,2025-05-16T03:35:22.663072-04:00,01JVC02FQQHCFYV395JKTK11M2,2025-05-16T03:35:22.663072-04:00,01JVC02FR62VMDMX5E4613RX7A,2025-05-16T03:35:22.663072-04:00
01JVC09T971VAX3Y9DHK6JYZ51,01JVC00R1NFWVNPFH69VHEQFNS,2025-05-16T03:35:22.663217-04:00,01JVC00R27VQXFZ206QQC04G5M,2025-05-16T03:35:22.663217-04:00,01JVC01TS74C4B6ZS5BZ6SH911,2025-05-16T03:35:22.663217-04:00,01JVC02FQQHCFYV395JKTK11M2,2025-05-16T03:35:22.663217-04:00,01JVC02FR62VMDMX5E4613RX7A,2025-05-16T03:35:22.663217-04:00
01JVC0MSZFKDGJTX5YY7DC74QE,01JVC00R1NFWVNPFH69VHEQFNS,2025-05-16T03:41:22.799218-04:00,01JVC00R27VQXFZ206QQC04G5M,2025-05-16T03:41:22.799218-04:00,01JVC01TS74C4B6ZS5BZ6SH911,2025-05-16T03:41:22.799218-04:00,01JVC02FQT9TXQGEKGK6GWWRST,2025-05-16T03:41:22.799218-04:00,01JVC02FRF163QAG5ASR0AKHZ5,2025-05-16T03:41:22.799218-04:00
