id,batchID,batchIDLastChangedAt,gameID,gameIDLastChangedAt,playerID,playerIDLastChangedAt,roundID,roundIDLastChangedAt
01JVC02FT2GCK1PZCSBTW54QBB,01JVC00R1NFWVNPFH69VHEQFNS,2025-05-16T03:31:22.562958-04:00,01JVC00R27VQXFZ206QQC04G5M,2025-05-16T03:31:22.562958-04:00,01JVC01TS74C4B6ZS5BZ6SH911,2025-05-16T03:31:22.562958-04:00,01JVC02FQPF0ND3KQKTFKWC7CA,2025-05-16T03:31:22.562958-04:00
01JVC0651FCK0Y10HFVPE9WR6Y,01JVC00R1NFWVNPFH69VHEQFNS,2025-05-16T03:33:22.607886-04:00,01JVC00R27VQXFZ206QQC04G5M,2025-05-16T03:33:22.607886-04:00,01JVC011H3STVNGX0RTJW52GE5,2025-05-16T03:33:22.607886-04:00,01JVC02FQQHCFYV395K44Z8QWZ,2025-05-16T03:33:22.607886-04:00
01JVC09T8WKS6E4VR80YE3C8N4,01JVC00R1NFWVNPFH69VHEQFNS,2025-05-16T03:35:22.652887-04:00,01JVC00R27VQXFZ206QQC04G5M,2025-05-16T03:35:22.652887-04:00,01JVC011H3STVNGX0RTJW52GE5,2025-05-16T03:35:22.652887-04:00,01JVC02FQQHCFYV395JKTK11M2,2025-05-16T03:35:22.652887-04:00
01JVC0DFGEJEF18W4C4H8NB55Z,01JVC00R1NFWVNPFH69VHEQFNS,2025-05-16T03:37:22.702507-04:00,01JVC00R27VQXFZ206QQC04G5M,2025-05-16T03:37:22.702507-04:00,01JVC011H3STVNGX0RTJW52GE5,2025-05-16T03:37:22.702507-04:00,01JVC02FQRGFW65EG2GV6ZCRZG,2025-05-16T03:37:22.702507-04:00
01JVC0DFGEJEF18W4C4TGAAMFG,01JVC00R1NFWVNPFH69VHEQFNS,2025-05-16T03:37:22.702634-04:00,01JVC00R27VQXFZ206QQC04G5M,2025-05-16T03:37:22.702634-04:00,01JVC01TS74C4B6ZS5BZ6SH911,2025-05-16T03:37:22.702634-04:00,01JVC02FQRGFW65EG2GV6ZCRZG,2025-05-16T03:37:22.702634-04:00
01JVC0H4QWW2CWQR6YNDY821B5,01JVC00R1NFWVNPFH69VHEQFNS,2025-05-16T03:39:22.748956-04:00,01JVC00R27VQXFZ206QQC04G5M,2025-05-16T03:39:22.748956-04:00,01JVC01TS74C4B6ZS5BZ6SH911,2025-05-16T03:39:22.748956-04:00,01JVC02FQRGFW65EG2HF0HKCAR,2025-05-16T03:39:22.748956-04:00
01JVC02FT2GCK1PZCSBD55QSWK,01JVC00R1NFWVNPFH69VHEQFNS,2025-05-16T03:31:22.562857-04:00,01JVC00R27VQXFZ206QQC04G5M,2025-05-16T03:31:22.562857-04:00,01JVC011H3STVNGX0RTJW52GE5,2025-05-16T03:31:22.562857-04:00,01JVC02FQPF0ND3KQKTFKWC7CA,2025-05-16T03:31:22.562857-04:00
01JVC0651FCK0Y10HFVAXP40N9,01JVC00R1NFWVNPFH69VHEQFNS,2025-05-16T03:33:22.607749-04:00,01JVC00R27VQXFZ206QQC04G5M,2025-05-16T03:33:22.607749-04:00,01JVC01TS74C4B6ZS5BZ6SH911,2025-05-16T03:33:22.607749-04:00,01JVC02FQQHCFYV395K44Z8QWZ,2025-05-16T03:33:22.607749-04:00
01JVC09T8WKS6E4VR818ZG6079,01JVC00R1NFWVNPFH69VHEQFNS,2025-05-16T03:35:22.653-04:00,01JVC00R27VQXFZ206QQC04G5M,2025-05-16T03:35:22.653-04:00,01JVC01TS74C4B6ZS5BZ6SH911,2025-05-16T03:35:22.653-04:00,01JVC02FQQHCFYV395JKTK11M2,2025-05-16T03:35:22.653-04:00
01JVC0H4QXNJP9AHSYNS4DV3F2,01JVC00R1NFWVNPFH69VHEQFNS,2025-05-16T03:39:22.749083-04:00,01JVC00R27VQXFZ206QQC04G5M,2025-05-16T03:39:22.749083-04:00,01JVC011H3STVNGX0RTJW52GE5,2025-05-16T03:39:22.749083-04:00,01JVC02FQRGFW65EG2HF0HKCAR,2025-05-16T03:39:22.749083-04:00
01JVC0MSZ3ZRNEJ2E4056Z9709,01JVC00R1NFWVNPFH69VHEQFNS,2025-05-16T03:41:22.787208-04:00,01JVC00R27VQXFZ206QQC04G5M,2025-05-16T03:41:22.787208-04:00,01JVC01TS74C4B6ZS5BZ6SH911,2025-05-16T03:41:22.787208-04:00,01JVC02FQT9TXQGEKGK6GWWRST,2025-05-16T03:41:22.787208-04:00
01JVC0MSZ3ZRNEJ2E40HP46QVW,01JVC00R1NFWVNPFH69VHEQFNS,2025-05-16T03:41:22.787316-04:00,01JVC00R27VQXFZ206QQC04G5M,2025-05-16T03:41:22.787316-04:00,01JVC011H3STVNGX0RTJW52GE5,2025-05-16T03:41:22.787316-04:00,01JVC02FQT9TXQGEKGK6GWWRST,2025-05-16T03:41:22.787316-04:00
