id,batchID,batchIDLastChangedAt,gameID,gameIDLastChangedAt,playerID,playerIDLastChangedAt,roundID,roundIDLastChangedAt,stageID,stageIDLastChangedAt,submit,submitLastChangedAt
01JTW73991Z1XQ2TXHHDQ7KGF3,01JTW6N8T2YX3DKMP4RX1JQ17W,2025-05-10T00:26:17.761848-04:00,01JTW6N8TNFW00VEGTNVSEW75K,2025-05-10T00:26:17.761848-04:00,01JTW6PTPMKSBB8MQ7Z39ZS6ZW,2025-05-10T00:26:17.761848-04:00,01JTW6RK8SYF4NPFGN9RBCDGTY,2025-05-10T00:26:17.761848-04:00,01JTW6RK9BTBJW9Z6DHFYWFJ7D,2025-05-10T00:26:17.761848-04:00,,
01JTW73991Z1XQ2TXHHQJB6BN2,01JTW6N8T2YX3DKMP4RX1JQ17W,2025-05-10T00:26:17.761967-04:00,01JTW6N8TNFW00VEGTNVSEW75K,2025-05-10T00:26:17.761967-04:00,01JTW6P179JH5763C6MPK3697W,2025-05-10T00:26:17.761967-04:00,01JTW6RK8SYF4NPFGN9RBCDGTY,2025-05-10T00:26:17.761967-04:00,01JTW6RK9BTBJW9Z6DHFYWFJ7D,2025-05-10T00:26:17.761967-04:00,,
01JTW76YGGA10A0MNKVZTCWJ0G,01JTW6N8T2YX3DKMP4RX1JQ17W,2025-05-10T00:28:17.808518-04:00,01JTW6N8TNFW00VEGTNVSEW75K,2025-05-10T00:28:17.808518-04:00,01JTW6P179JH5763C6MPK3697W,2025-05-10T00:28:17.808518-04:00,01JTW6RK8TKBTC1ZAAS4P0M6GD,2025-05-10T00:28:17.808518-04:00,01JTW6RK9EBESPXT1Q0Y1H714M,2025-05-10T00:28:17.808518-04:00,,
01JTW76YGGA10A0MNKWD0HE8AR,01JTW6N8T2YX3DKMP4RX1JQ17W,2025-05-10T00:28:17.80865-04:00,01JTW6N8TNFW00VEGTNVSEW75K,2025-05-10T00:28:17.80865-04:00,01JTW6PTPMKSBB8MQ7Z39ZS6ZW,2025-05-10T00:28:17.80865-04:00,01JTW6RK8TKBTC1ZAAS4P0M6GD,2025-05-10T00:28:17.80865-04:00,01JTW6RK9EBESPXT1Q0Y1H714M,2025-05-10T00:28:17.80865-04:00,,
01JTW6VYT61P047FYY6N2GS2Z0,01JTW6N8T2YX3DKMP4RX1JQ17W,2025-05-10T00:22:17.670427-04:00,01JTW6N8TNFW00VEGTNVSEW75K,2025-05-10T00:22:17.670427-04:00,01JTW6P179JH5763C6MPK3697W,2025-05-10T00:22:17.670427-04:00,01JTW6RK8SYF4NPFGN97MZTTXN,2025-05-10T00:22:17.670427-04:00,01JTW6RK942826X8BNZNN5FFX5,2025-05-10T00:22:17.670427-04:00,,
01JTW6ZM1HP1M6Z1TMHYYMZ9Q3,01JTW6N8T2YX3DKMP4RX1JQ17W,2025-05-10T00:24:17.713829-04:00,01JTW6N8TNFW00VEGTNVSEW75K,2025-05-10T00:24:17.713829-04:00,01JTW6P179JH5763C6MPK3697W,2025-05-10T00:24:17.713829-04:00,01JTW6RK8SYF4NPFGN8MBHFJGP,2025-05-10T00:24:17.713829-04:00,01JTW6RK984NVXFRQCRXD5AWNW,2025-05-10T00:24:17.713829-04:00,,
01JTW6VYT61P047FYY6CCRFK2K,01JTW6N8T2YX3DKMP4RX1JQ17W,2025-05-10T00:22:17.670316-04:00,01JTW6N8TNFW00VEGTNVSEW75K,2025-05-10T00:22:17.670316-04:00,01JTW6PTPMKSBB8MQ7Z39ZS6ZW,2025-05-10T00:22:17.670316-04:00,01JTW6RK8SYF4NPFGN97MZTTXN,2025-05-10T00:22:17.670316-04:00,01JTW6RK942826X8BNZNN5FFX5,2025-05-10T00:22:17.670316-04:00,,
01JTW6ZM1HP1M6Z1TMJ8FK11B7,01JTW6N8T2YX3DKMP4RX1JQ17W,2025-05-10T00:24:17.713932-04:00,01JTW6N8TNFW00VEGTNVSEW75K,2025-05-10T00:24:17.713932-04:00,01JTW6PTPMKSBB8MQ7Z39ZS6ZW,2025-05-10T00:24:17.713932-04:00,01JTW6RK8SYF4NPFGN8MBHFJGP,2025-05-10T00:24:17.713932-04:00,01JTW6RK984NVXFRQCRXD5AWNW,2025-05-10T00:24:17.713932-04:00,,
01JTW7AKQVBMA7NM5F6NRZ0ZP5,01JTW6N8T2YX3DKMP4RX1JQ17W,2025-05-10T00:30:17.851852-04:00,01JTW6N8TNFW00VEGTNVSEW75K,2025-05-10T00:30:17.851852-04:00,01JTW6PTPMKSBB8MQ7Z39ZS6ZW,2025-05-10T00:30:17.851852-04:00,01JTW6RK8W0D7AFPARS2EH83WY,2025-05-10T00:30:17.851852-04:00,01JTW6RK9HS2B2YTE6FH44ZF4D,2025-05-10T00:30:17.851852-04:00,,
01JTW7AKQVBMA7NM5F6YVXT49X,01JTW6N8T2YX3DKMP4RX1JQ17W,2025-05-10T00:30:17.851999-04:00,01JTW6N8TNFW00VEGTNVSEW75K,2025-05-10T00:30:17.851999-04:00,01JTW6P179JH5763C6MPK3697W,2025-05-10T00:30:17.851999-04:00,01JTW6RK8W0D7AFPARS2EH83WY,2025-05-10T00:30:17.851999-04:00,01JTW6RK9HS2B2YTE6FH44ZF4D,2025-05-10T00:30:17.851999-04:00,,
01JTW6RKBB5HC6CF72Q387VSH8,01JTW6N8T2YX3DKMP4RX1JQ17W,2025-05-10T00:20:27.627627-04:00,01JTW6N8TNFW00VEGTNVSEW75K,2025-05-10T00:20:27.627627-04:00,01JTW6P179JH5763C6MPK3697W,2025-05-10T00:20:27.627627-04:00,01JTW6RK8RPRSV36EVCZMWYY1W,2025-05-10T00:20:27.627627-04:00,01JTW6RK90W3Z771Y919FR1797,2025-05-10T00:20:27.627627-04:00,true,2025-05-10T00:22:17.63515-04:00
01JTW6RKBB5HC6CF72QES3MV9Y,01JTW6N8T2YX3DKMP4RX1JQ17W,2025-05-10T00:20:27.627722-04:00,01JTW6N8TNFW00VEGTNVSEW75K,2025-05-10T00:20:27.627722-04:00,01JTW6PTPMKSBB8MQ7Z39ZS6ZW,2025-05-10T00:20:27.627722-04:00,01JTW6RK8RPRSV36EVCZMWYY1W,2025-05-10T00:20:27.627722-04:00,01JTW6RK90W3Z771Y919FR1797,2025-05-10T00:20:27.627722-04:00,true,2025-05-10T00:22:08.308937-04:00
