id,batchID,batchIDLastChangedAt,gameID,gameIDLastChangedAt,playerID,playerIDLastChangedAt,roundID,roundIDLastChangedAt
01JTW7398S6YMYM9JBHA0C8WF3,01JTW6N8T2YX3DKMP4RX1JQ17W,2025-05-10T00:26:17.753401-04:00,01JTW6N8TNFW00VEGTNVSEW75K,2025-05-10T00:26:17.753401-04:00,01JTW6PTPMKSBB8MQ7Z39ZS6ZW,2025-05-10T00:26:17.753401-04:00,01JTW6RK8SYF4NPFGN9RBCDGTY,2025-05-10T00:26:17.753401-04:00
01JTW7398S6YMYM9JBHPFNB10Y,01JTW6N8T2YX3DKMP4RX1JQ17W,2025-05-10T00:26:17.753533-04:00,01JTW6N8TNFW00VEGTNVSEW75K,2025-05-10T00:26:17.753533-04:00,01JTW6P179JH5763C6MPK3697W,2025-05-10T00:26:17.753533-04:00,01JTW6RK8SYF4NPFGN9RBCDGTY,2025-05-10T00:26:17.753533-04:00
01JTW76YG7A8RJ25WNDQ1TN4S8,01JTW6N8T2YX3DKMP4RX1JQ17W,2025-05-10T00:28:17.79931-04:00,01JTW6N8TNFW00VEGTNVSEW75K,2025-05-10T00:28:17.79931-04:00,01JTW6PTPMKSBB8MQ7Z39ZS6ZW,2025-05-10T00:28:17.79931-04:00,01JTW6RK8TKBTC1ZAAS4P0M6GD,2025-05-10T00:28:17.79931-04:00
01JTW6RKB3B7A9HDVY3HB39Y8Q,01JTW6N8T2YX3DKMP4RX1JQ17W,2025-05-10T00:20:27.619226-04:00,01JTW6N8TNFW00VEGTNVSEW75K,2025-05-10T00:20:27.619226-04:00,01JTW6P179JH5763C6MPK3697W,2025-05-10T00:20:27.619226-04:00,01JTW6RK8RPRSV36EVCZMWYY1W,2025-05-10T00:20:27.619226-04:00
01JTW6RKB3B7A9HDVY3S7AVV2E,01JTW6N8T2YX3DKMP4RX1JQ17W,2025-05-10T00:20:27.619307-04:00,01JTW6N8TNFW00VEGTNVSEW75K,2025-05-10T00:20:27.619307-04:00,01JTW6PTPMKSBB8MQ7Z39ZS6ZW,2025-05-10T00:20:27.619307-04:00,01JTW6RK8RPRSV36EVCZMWYY1W,2025-05-10T00:20:27.619307-04:00
01JTW6VYSXHBT4BC8W7KWN19HA,01JTW6N8T2YX3DKMP4RX1JQ17W,2025-05-10T00:22:17.661458-04:00,01JTW6N8TNFW00VEGTNVSEW75K,2025-05-10T00:22:17.661458-04:00,01JTW6P179JH5763C6MPK3697W,2025-05-10T00:22:17.661458-04:00,01JTW6RK8SYF4NPFGN97MZTTXN,2025-05-10T00:22:17.661458-04:00
01JTW6VYSXHBT4BC8W7XYFZWYJ,01JTW6N8T2YX3DKMP4RX1JQ17W,2025-05-10T00:22:17.661579-04:00,01JTW6N8TNFW00VEGTNVSEW75K,2025-05-10T00:22:17.661579-04:00,01JTW6PTPMKSBB8MQ7Z39ZS6ZW,2025-05-10T00:22:17.661579-04:00,01JTW6RK8SYF4NPFGN97MZTTXN,2025-05-10T00:22:17.661579-04:00
01JTW6ZM18BZ18EB0E4010YPF5,01JTW6N8T2YX3DKMP4RX1JQ17W,2025-05-10T00:24:17.704435-04:00,01JTW6N8TNFW00VEGTNVSEW75K,2025-05-10T00:24:17.704435-04:00,01JTW6P179JH5763C6MPK3697W,2025-05-10T00:24:17.704435-04:00,01JTW6RK8SYF4NPFGN8MBHFJGP,2025-05-10T00:24:17.704435-04:00
01JTW76YG7A8RJ25WNE3HSPY92,01JTW6N8T2YX3DKMP4RX1JQ17W,2025-05-10T00:28:17.799454-04:00,01JTW6N8TNFW00VEGTNVSEW75K,2025-05-10T00:28:17.799454-04:00,01JTW6P179JH5763C6MPK3697W,2025-05-10T00:28:17.799454-04:00,01JTW6RK8TKBTC1ZAAS4P0M6GD,2025-05-10T00:28:17.799454-04:00
01JTW7AKQJK1BS2Y9DBV7DYRK3,01JTW6N8T2YX3DKMP4RX1JQ17W,2025-05-10T00:30:17.842052-04:00,01JTW6N8TNFW00VEGTNVSEW75K,2025-05-10T00:30:17.842052-04:00,01JTW6PTPMKSBB8MQ7Z39ZS6ZW,2025-05-10T00:30:17.842052-04:00,01JTW6RK8W0D7AFPARS2EH83WY,2025-05-10T00:30:17.842052-04:00
01JTW7AKQJK1BS2Y9DC2T9Y3NT,01JTW6N8T2YX3DKMP4RX1JQ17W,2025-05-10T00:30:17.842178-04:00,01JTW6N8TNFW00VEGTNVSEW75K,2025-05-10T00:30:17.842178-04:00,01JTW6P179JH5763C6MPK3697W,2025-05-10T00:30:17.842178-04:00,01JTW6RK8W0D7AFPARS2EH83WY,2025-05-10T00:30:17.842178-04:00
01JTW6ZM18BZ18EB0E3ME2Q0RE,01JTW6N8T2YX3DKMP4RX1JQ17W,2025-05-10T00:24:17.70433-04:00,01JTW6N8TNFW00VEGTNVSEW75K,2025-05-10T00:24:17.70433-04:00,01JTW6PTPMKSBB8MQ7Z39ZS6ZW,2025-05-10T00:24:17.70433-04:00,01JTW6RK8SYF4NPFGN8MBHFJGP,2025-05-10T00:24:17.70433-04:00
