id,batchID,batchIDLastChangedAt,duration,durationLastChangedAt,ended,endedLastChangedAt,gameID,gameIDLastChangedAt,index,indexLastChangedAt,initialized,initializedLastChangedAt,name,nameLastChangedAt,offers,offersLastChangedAt,roundID,roundIDLastChangedAt,start,startLastChangedAt,started,startedLastChangedAt,timerID,timerIDLastChangedAt
01JTW6RK9EBESPXT1Q0Y1H714M,01JTW6N8T2YX3DKMP4RX1JQ17W,2025-05-10T00:20:27.566318-04:00,120,2025-05-10T00:20:27.566318-04:00,true,2025-05-10T00:30:17.822263-04:00,01JTW6N8TNFW00VEGTNVSEW75K,2025-05-10T00:20:27.566318-04:00,0,2025-05-10T00:20:27.566318-04:00,true,2025-05-10T00:28:17.810146-04:00,Negotiation,2025-05-10T00:20:27.566318-04:00,"{""Hr"":{""salary"":89000,""bonuses"":10000,""stockOptions"":60000,""vacationDays"":13},""Employee"":{""salary"":104000,""bonuses"":15000,""stockOptions"":80000,""vacationDays"":14}}",2025-05-10T00:30:01.737592-04:00,01JTW6RK8TKBTC1ZAAS4P0M6GD,2025-05-10T00:20:27.566318-04:00,true,2025-05-10T00:28:17.804706-04:00,true,2025-05-10T00:28:17.814367-04:00,01JTW6RK9DTP6E1Y6Q6SDP74M8,2025-05-10T00:20:27.566318-04:00
01JTW6RK9HS2B2YTE6FH44ZF4D,01JTW6N8T2YX3DKMP4RX1JQ17W,2025-05-10T00:20:27.569151-04:00,120,2025-05-10T00:20:27.569151-04:00,true,2025-05-10T00:32:17.874935-04:00,01JTW6N8TNFW00VEGTNVSEW75K,2025-05-10T00:20:27.569151-04:00,0,2025-05-10T00:20:27.569151-04:00,true,2025-05-10T00:30:17.853449-04:00,Negotiation,2025-05-10T00:20:27.569151-04:00,,,01JTW6RK8W0D7AFPARS2EH83WY,2025-05-10T00:20:27.569151-04:00,true,2025-05-10T00:30:17.848266-04:00,true,2025-05-10T00:30:17.858059-04:00,01JTW6RK9G3Y3AMM2TXDCJB4MB,2025-05-10T00:20:27.569151-04:00
01JTW6RK90W3Z771Y919FR1797,01JTW6N8T2YX3DKMP4RX1JQ17W,2025-05-10T00:20:27.552196-04:00,120,2025-05-10T00:20:27.552196-04:00,true,2025-05-10T00:22:17.643613-04:00,01JTW6N8TNFW00VEGTNVSEW75K,2025-05-10T00:20:27.552196-04:00,0,2025-05-10T00:20:27.552196-04:00,true,2025-05-10T00:20:27.628732-04:00,Negotiation,2025-05-10T00:20:27.552196-04:00,"{""Employee"":{""salary"":106000,""bonuses"":15000,""stockOptions"":70000,""vacationDays"":17},""Hr"":{""salary"":84000,""bonuses"":5000,""stockOptions"":70000,""vacationDays"":14}}",2025-05-10T00:22:17.6356-04:00,01JTW6RK8RPRSV36EVCZMWYY1W,2025-05-10T00:20:27.552196-04:00,true,2025-05-10T00:20:27.623151-04:00,true,2025-05-10T00:20:27.63204-04:00,01JTW6RK8YFAG238AZ2RK0CP91,2025-05-10T00:20:27.552196-04:00
01JTW6RK942826X8BNZNN5FFX5,01JTW6N8T2YX3DKMP4RX1JQ17W,2025-05-10T00:20:27.556654-04:00,120,2025-05-10T00:20:27.556654-04:00,true,2025-05-10T00:24:17.687451-04:00,01JTW6N8TNFW00VEGTNVSEW75K,2025-05-10T00:20:27.556654-04:00,0,2025-05-10T00:20:27.556654-04:00,true,2025-05-10T00:22:17.671687-04:00,Negotiation,2025-05-10T00:20:27.556654-04:00,,,01JTW6RK8SYF4NPFGN97MZTTXN,2025-05-10T00:20:27.556654-04:00,true,2025-05-10T00:22:17.666955-04:00,true,2025-05-10T00:22:17.675751-04:00,01JTW6RK93303H775VHZVX9W6C,2025-05-10T00:20:27.556654-04:00
01JTW6RK984NVXFRQCRXD5AWNW,01JTW6N8T2YX3DKMP4RX1JQ17W,2025-05-10T00:20:27.56007-04:00,120,2025-05-10T00:20:27.56007-04:00,true,2025-05-10T00:26:17.727203-04:00,01JTW6N8TNFW00VEGTNVSEW75K,2025-05-10T00:20:27.56007-04:00,0,2025-05-10T00:20:27.56007-04:00,true,2025-05-10T00:24:17.715323-04:00,Negotiation,2025-05-10T00:20:27.56007-04:00,,,01JTW6RK8SYF4NPFGN8MBHFJGP,2025-05-10T00:20:27.56007-04:00,true,2025-05-10T00:24:17.709748-04:00,true,2025-05-10T00:24:17.720047-04:00,01JTW6RK97KE9X49MA43MFHJWQ,2025-05-10T00:20:27.56007-04:00
01JTW6RK9BTBJW9Z6DHFYWFJ7D,01JTW6N8T2YX3DKMP4RX1JQ17W,2025-05-10T00:20:27.563408-04:00,120,2025-05-10T00:20:27.563408-04:00,true,2025-05-10T00:28:17.779198-04:00,01JTW6N8TNFW00VEGTNVSEW75K,2025-05-10T00:20:27.563408-04:00,0,2025-05-10T00:20:27.563408-04:00,true,2025-05-10T00:26:17.763739-04:00,Negotiation,2025-05-10T00:20:27.563408-04:00,"{""Hr"":{""salary"":81000,""bonuses"":5000,""stockOptions"":70000,""vacationDays"":14},""Employee"":{""salary"":101000,""bonuses"":15000,""stockOptions"":70000,""vacationDays"":15}}",2025-05-10T00:28:14.217044-04:00,01JTW6RK8SYF4NPFGN9RBCDGTY,2025-05-10T00:20:27.563408-04:00,true,2025-05-10T00:26:17.758484-04:00,true,2025-05-10T00:26:17.767877-04:00,01JTW6RK9AQC072XC6FDBRZPXX,2025-05-10T00:20:27.563408-04:00
