id,batchID,batchIDLastChangedAt,gameID,gameIDLastChangedAt,playerID,playerIDLastChangedAt,roundID,roundIDLastChangedAt,stageID,stageIDLastChangedAt
01JSJ3PMJY648B9HQG96TWT03V,01JSJ3JMSG3E7SG9GRBX3T6JSN,2025-04-23T15:58:51.48617-04:00,01JSJ3JMT2XNMDVTCNBTP7GT73,2025-04-23T15:58:51.48617-04:00,01JSJ3KSAVETP4MDD649DY0TKA,2025-04-23T15:58:51.48617-04:00,01JSJ3PMG7VJH2WXSYAHTSZJ3M,2025-04-23T15:58:51.48617-04:00,01JSJ3PMGFZAYV0Y6G79H5NZDE,2025-04-23T15:58:51.48617-04:00
01JSJ3QHXWKV8DDB1J1E8MSFXM,01JSJ3JMSG3E7SG9GRBX3T6JSN,2025-04-23T15:59:21.532876-04:00,01JSJ3JMT2XNMDVTCNBTP7GT73,2025-04-23T15:59:21.532876-04:00,01JSJ3KSAVETP4MDD649DY0TKA,2025-04-23T15:59:21.532876-04:00,01JSJ3PMG89W3G1N4ZCDPEZR0A,2025-04-23T15:59:21.532876-04:00,01JSJ3PMGMD6BHBTG75KS41SJK,2025-04-23T15:59:21.532876-04:00
01JSJ3QHXWKV8DDB1J1V2E1KFC,01JSJ3JMSG3E7SG9GRBX3T6JSN,2025-04-23T15:59:21.532997-04:00,01JSJ3JMT2XNMDVTCNBTP7GT73,2025-04-23T15:59:21.532997-04:00,01JSJ3KA0884PX0A6S1GH1MA9G,2025-04-23T15:59:21.532997-04:00,01JSJ3PMG89W3G1N4ZCDPEZR0A,2025-04-23T15:59:21.532997-04:00,01JSJ3PMGMD6BHBTG75KS41SJK,2025-04-23T15:59:21.532997-04:00
01JSJ3RF8N1S942J4T33ZY2ZQS,01JSJ3JMSG3E7SG9GRBX3T6JSN,2025-04-23T15:59:51.573701-04:00,01JSJ3JMT2XNMDVTCNBTP7GT73,2025-04-23T15:59:51.573701-04:00,01JSJ3KSAVETP4MDD649DY0TKA,2025-04-23T15:59:51.573701-04:00,01JSJ3PMG89W3G1N4ZCZA8EFM1,2025-04-23T15:59:51.573701-04:00,01JSJ3PMGQSXGTEGYG9A60XCA1,2025-04-23T15:59:51.573701-04:00
01JSJ3SCKNPXYTPZ2F4H4B954F,01JSJ3JMSG3E7SG9GRBX3T6JSN,2025-04-23T16:00:21.621343-04:00,01JSJ3JMT2XNMDVTCNBTP7GT73,2025-04-23T16:00:21.621343-04:00,01JSJ3KA0884PX0A6S1GH1MA9G,2025-04-23T16:00:21.621343-04:00,01JSJ3PMG9DRQJEJ6DHG2BR1V8,2025-04-23T16:00:21.621343-04:00,01JSJ3PMGTE9H92PEHK2EF0JXD,2025-04-23T16:00:21.621343-04:00
01JSJ3T9YTADXR6DHCDARFTWPA,01JSJ3JMSG3E7SG9GRBX3T6JSN,2025-04-23T16:00:51.674631-04:00,01JSJ3JMT2XNMDVTCNBTP7GT73,2025-04-23T16:00:51.674631-04:00,01JSJ3KSAVETP4MDD649DY0TKA,2025-04-23T16:00:51.674631-04:00,01JSJ3PMGA2DAB9V8P8VFEC34D,2025-04-23T16:00:51.674631-04:00,01JSJ3PMGZ276TNZNAA2VC4DAG,2025-04-23T16:00:51.674631-04:00
01JSJ3T9YTADXR6DHCDTK3BQBR,01JSJ3JMSG3E7SG9GRBX3T6JSN,2025-04-23T16:00:51.674744-04:00,01JSJ3JMT2XNMDVTCNBTP7GT73,2025-04-23T16:00:51.674744-04:00,01JSJ3KA0884PX0A6S1GH1MA9G,2025-04-23T16:00:51.674744-04:00,01JSJ3PMGA2DAB9V8P8VFEC34D,2025-04-23T16:00:51.674744-04:00,01JSJ3PMGZ276TNZNAA2VC4DAG,2025-04-23T16:00:51.674744-04:00
01JSJ3PMJY648B9HQG8THTW1WN,01JSJ3JMSG3E7SG9GRBX3T6JSN,2025-04-23T15:58:51.486079-04:00,01JSJ3JMT2XNMDVTCNBTP7GT73,2025-04-23T15:58:51.486079-04:00,01JSJ3KA0884PX0A6S1GH1MA9G,2025-04-23T15:58:51.486079-04:00,01JSJ3PMG7VJH2WXSYAHTSZJ3M,2025-04-23T15:58:51.486079-04:00,01JSJ3PMGFZAYV0Y6G79H5NZDE,2025-04-23T15:58:51.486079-04:00
01JSJ3RF8N1S942J4T2NE15E75,01JSJ3JMSG3E7SG9GRBX3T6JSN,2025-04-23T15:59:51.573548-04:00,01JSJ3JMT2XNMDVTCNBTP7GT73,2025-04-23T15:59:51.573548-04:00,01JSJ3KA0884PX0A6S1GH1MA9G,2025-04-23T15:59:51.573548-04:00,01JSJ3PMG89W3G1N4ZCZA8EFM1,2025-04-23T15:59:51.573548-04:00,01JSJ3PMGQSXGTEGYG9A60XCA1,2025-04-23T15:59:51.573548-04:00
01JSJ3SCKNPXYTPZ2F41BRGDNJ,01JSJ3JMSG3E7SG9GRBX3T6JSN,2025-04-23T16:00:21.621222-04:00,01JSJ3JMT2XNMDVTCNBTP7GT73,2025-04-23T16:00:21.621222-04:00,01JSJ3KSAVETP4MDD649DY0TKA,2025-04-23T16:00:21.621222-04:00,01JSJ3PMG9DRQJEJ6DHG2BR1V8,2025-04-23T16:00:21.621222-04:00,01JSJ3PMGTE9H92PEHK2EF0JXD,2025-04-23T16:00:21.621222-04:00
01JSJ3V79QTS42HMFQDFXCXB6M,01JSJ3JMSG3E7SG9GRBX3T6JSN,2025-04-23T16:01:21.719791-04:00,01JSJ3JMT2XNMDVTCNBTP7GT73,2025-04-23T16:01:21.719791-04:00,01JSJ3KSAVETP4MDD649DY0TKA,2025-04-23T16:01:21.719791-04:00,01JSJ3PMGBTXAZWY1WZA939RR7,2025-04-23T16:01:21.719791-04:00,01JSJ3PMH2R1D2WSQ2JNMP8SPY,2025-04-23T16:01:21.719791-04:00
01JSJ3V79QTS42HMFQDTG1PH52,01JSJ3JMSG3E7SG9GRBX3T6JSN,2025-04-23T16:01:21.719889-04:00,01JSJ3JMT2XNMDVTCNBTP7GT73,2025-04-23T16:01:21.719889-04:00,01JSJ3KA0884PX0A6S1GH1MA9G,2025-04-23T16:01:21.719889-04:00,01JSJ3PMGBTXAZWY1WZA939RR7,2025-04-23T16:01:21.719889-04:00,01JSJ3PMH2R1D2WSQ2JNMP8SPY,2025-04-23T16:01:21.719889-04:00
