id,batchID,batchIDLastChangedAt,gameID,gameIDLastChangedAt,playerID,playerIDLastChangedAt,roundID,roundIDLastChangedAt
01JSJ3PMJP2BH7WDP7G98S4YBW,01JSJ3JMSG3E7SG9GRBX3T6JSN,2025-04-23T15:58:51.478358-04:00,01JSJ3JMT2XNMDVTCNBTP7GT73,2025-04-23T15:58:51.478358-04:00,01JSJ3KA0884PX0A6S1GH1MA9G,2025-04-23T15:58:51.478358-04:00,01JSJ3PMG7VJH2WXSYAHTSZJ3M,2025-04-23T15:58:51.478358-04:00
01JSJ3PMJP2BH7WDP7GM4K1024,01JSJ3JMSG3E7SG9GRBX3T6JSN,2025-04-23T15:58:51.478449-04:00,01JSJ3JMT2XNMDVTCNBTP7GT73,2025-04-23T15:58:51.478449-04:00,01JSJ3KSAVETP4MDD649DY0TKA,2025-04-23T15:58:51.478449-04:00,01JSJ3PMG7VJH2WXSYAHTSZJ3M,2025-04-23T15:58:51.478449-04:00
01JSJ3QHXMA89JDQ7AKB9J6Q37,01JSJ3JMSG3E7SG9GRBX3T6JSN,2025-04-23T15:59:21.524369-04:00,01JSJ3JMT2XNMDVTCNBTP7GT73,2025-04-23T15:59:21.524369-04:00,01JSJ3KA0884PX0A6S1GH1MA9G,2025-04-23T15:59:21.524369-04:00,01JSJ3PMG89W3G1N4ZCDPEZR0A,2025-04-23T15:59:21.524369-04:00
01JSJ3SCKDQST060M9VG6TZYP4,01JSJ3JMSG3E7SG9GRBX3T6JSN,2025-04-23T16:00:21.613528-04:00,01JSJ3JMT2XNMDVTCNBTP7GT73,2025-04-23T16:00:21.613528-04:00,01JSJ3KSAVETP4MDD649DY0TKA,2025-04-23T16:00:21.613528-04:00,01JSJ3PMG9DRQJEJ6DHG2BR1V8,2025-04-23T16:00:21.613528-04:00
01JSJ3T9YDZ4AQP5QCBBR4E6YX,01JSJ3JMSG3E7SG9GRBX3T6JSN,2025-04-23T16:00:51.661219-04:00,01JSJ3JMT2XNMDVTCNBTP7GT73,2025-04-23T16:00:51.661219-04:00,01JSJ3KA0884PX0A6S1GH1MA9G,2025-04-23T16:00:51.661219-04:00,01JSJ3PMGA2DAB9V8P8VFEC34D,2025-04-23T16:00:51.661219-04:00
01JSJ3T9YDZ4AQP5QCBNBEAM72,01JSJ3JMSG3E7SG9GRBX3T6JSN,2025-04-23T16:00:51.661332-04:00,01JSJ3JMT2XNMDVTCNBTP7GT73,2025-04-23T16:00:51.661332-04:00,01JSJ3KSAVETP4MDD649DY0TKA,2025-04-23T16:00:51.661332-04:00,01JSJ3PMGA2DAB9V8P8VFEC34D,2025-04-23T16:00:51.661332-04:00
01JSJ3V79E87VH1BZD9ERHFN4A,01JSJ3JMSG3E7SG9GRBX3T6JSN,2025-04-23T16:01:21.710599-04:00,01JSJ3JMT2XNMDVTCNBTP7GT73,2025-04-23T16:01:21.710599-04:00,01JSJ3KA0884PX0A6S1GH1MA9G,2025-04-23T16:01:21.710599-04:00,01JSJ3PMGBTXAZWY1WZA939RR7,2025-04-23T16:01:21.710599-04:00
01JSJ3QHXMA89JDQ7AJYHJMJWQ,01JSJ3JMSG3E7SG9GRBX3T6JSN,2025-04-23T15:59:21.524235-04:00,01JSJ3JMT2XNMDVTCNBTP7GT73,2025-04-23T15:59:21.524235-04:00,01JSJ3KSAVETP4MDD649DY0TKA,2025-04-23T15:59:21.524235-04:00,01JSJ3PMG89W3G1N4ZCDPEZR0A,2025-04-23T15:59:21.524235-04:00
01JSJ3RF8ASBPJ55ECN37PX6Z9,01JSJ3JMSG3E7SG9GRBX3T6JSN,2025-04-23T15:59:51.56243-04:00,01JSJ3JMT2XNMDVTCNBTP7GT73,2025-04-23T15:59:51.56243-04:00,01JSJ3KA0884PX0A6S1GH1MA9G,2025-04-23T15:59:51.56243-04:00,01JSJ3PMG89W3G1N4ZCZA8EFM1,2025-04-23T15:59:51.56243-04:00
01JSJ3RF8ASBPJ55ECNHCZFAS8,01JSJ3JMSG3E7SG9GRBX3T6JSN,2025-04-23T15:59:51.562578-04:00,01JSJ3JMT2XNMDVTCNBTP7GT73,2025-04-23T15:59:51.562578-04:00,01JSJ3KSAVETP4MDD649DY0TKA,2025-04-23T15:59:51.562578-04:00,01JSJ3PMG89W3G1N4ZCZA8EFM1,2025-04-23T15:59:51.562578-04:00
01JSJ3SCKDQST060M9V777HFA9,01JSJ3JMSG3E7SG9GRBX3T6JSN,2025-04-23T16:00:21.613378-04:00,01JSJ3JMT2XNMDVTCNBTP7GT73,2025-04-23T16:00:21.613378-04:00,01JSJ3KA0884PX0A6S1GH1MA9G,2025-04-23T16:00:21.613378-04:00,01JSJ3PMG9DRQJEJ6DHG2BR1V8,2025-04-23T16:00:21.613378-04:00
01JSJ3V79E87VH1BZD9X4F6JQE,01JSJ3JMSG3E7SG9GRBX3T6JSN,2025-04-23T16:01:21.710723-04:00,01JSJ3JMT2XNMDVTCNBTP7GT73,2025-04-23T16:01:21.710723-04:00,01JSJ3KSAVETP4MDD649DY0TKA,2025-04-23T16:01:21.710723-04:00,01JSJ3PMGBTXAZWY1WZA939RR7,2025-04-23T16:01:21.710723-04:00
