id,batchID,batchIDLastChangedAt,gameID,gameIDLastChangedAt,playerID,playerIDLastChangedAt,roundID,roundIDLastChangedAt
01JN0BB74DPAWZS0YJQWQ4A0M9,01JN0B6JFGPSWQTZ19W57Q28C6,2025-02-26T00:23:18.797505-05:00,01JN0B6JG5M9M3EB8ENJD0746Z,2025-02-26T00:23:18.797505-05:00,01JN0B6P79TEMD3DFZZAZJ8EJT,2025-02-26T00:23:18.797505-05:00,01JN0B6S70HKSZB9HQ7MQYC5Z3,2025-02-26T00:23:18.797505-05:00
01JN0BB74DPAWZS0YJRA2KZHMW,01JN0B6JFGPSWQTZ19W57Q28C6,2025-02-26T00:23:18.797625-05:00,01JN0B6JG5M9M3EB8ENJD0746Z,2025-02-26T00:23:18.797625-05:00,01JN0B6RX1J3EK28BV4WGWSV9P,2025-02-26T00:23:18.797625-05:00,01JN0B6S70HKSZB9HQ7MQYC5Z3,2025-02-26T00:23:18.797625-05:00
01JN0BP6RKBD7F8Y7CAAKM18QG,01JN0B6JFGPSWQTZ19W57Q28C6,2025-02-26T00:29:18.867866-05:00,01JN0B6JG5M9M3EB8ENJD0746Z,2025-02-26T00:29:18.867866-05:00,01JN0B6RX1J3EK28BV4WGWSV9P,2025-02-26T00:29:18.867866-05:00,01JN0B6S70HKSZB9HQ73FKCEYD,2025-02-26T00:29:18.867866-05:00
01JN0B6SA34JNT69GERGZ5JXZP,01JN0B6JFGPSWQTZ19W57Q28C6,2025-02-26T00:20:53.571636-05:00,01JN0B6JG5M9M3EB8ENJD0746Z,2025-02-26T00:20:53.571636-05:00,01JN0B6P79TEMD3DFZZAZJ8EJT,2025-02-26T00:20:53.571636-05:00,01JN0B6S6YDAS0FTZ8QRKBATZ9,2025-02-26T00:20:53.571636-05:00
01JN0B6SA34JNT69GERX9GQGDJ,01JN0B6JFGPSWQTZ19W57Q28C6,2025-02-26T00:20:53.5717-05:00,01JN0B6JG5M9M3EB8ENJD0746Z,2025-02-26T00:20:53.5717-05:00,01JN0B6RX1J3EK28BV4WGWSV9P,2025-02-26T00:20:53.5717-05:00,01JN0B6S6YDAS0FTZ8QRKBATZ9,2025-02-26T00:20:53.5717-05:00
01JN0B8ZXYE9TAPFK191K6MXGS,01JN0B6JFGPSWQTZ19W57Q28C6,2025-02-26T00:22:05.886515-05:00,01JN0B6JG5M9M3EB8ENJD0746Z,2025-02-26T00:22:05.886515-05:00,01JN0B6P79TEMD3DFZZAZJ8EJT,2025-02-26T00:22:05.886515-05:00,01JN0B6S6YDAS0FTZ8R1MFT0AY,2025-02-26T00:22:05.886515-05:00
01JN0B8ZXYE9TAPFK19CQMQ0ET,01JN0B6JFGPSWQTZ19W57Q28C6,2025-02-26T00:22:05.886621-05:00,01JN0B6JG5M9M3EB8ENJD0746Z,2025-02-26T00:22:05.886621-05:00,01JN0B6RX1J3EK28BV4WGWSV9P,2025-02-26T00:22:05.886621-05:00,01JN0B6S6YDAS0FTZ8R1MFT0AY,2025-02-26T00:22:05.886621-05:00
01JN0C3NWEN7V4DD4EB3636JC7,01JN0B6JFGPSWQTZ19W57Q28C6,2025-02-26T00:36:40.33486-05:00,01JN0B6JG5M9M3EB8ENJD0746Z,2025-02-26T00:36:40.33486-05:00,01JN0B6RX1J3EK28BV4WGWSV9P,2025-02-26T00:36:40.33486-05:00,01JN0B6S71JKYP8EZZKE267S48,2025-02-26T00:36:40.33486-05:00
01JN0BP6RKBD7F8Y7CA2Q5VYEW,01JN0B6JFGPSWQTZ19W57Q28C6,2025-02-26T00:29:18.867575-05:00,01JN0B6JG5M9M3EB8ENJD0746Z,2025-02-26T00:29:18.867575-05:00,01JN0B6P79TEMD3DFZZAZJ8EJT,2025-02-26T00:29:18.867575-05:00,01JN0B6S70HKSZB9HQ73FKCEYD,2025-02-26T00:29:18.867575-05:00
01JN0C16CWJJM23WAK2X5PRSRE,01JN0B6JFGPSWQTZ19W57Q28C6,2025-02-26T00:35:18.94005-05:00,01JN0B6JG5M9M3EB8ENJD0746Z,2025-02-26T00:35:18.94005-05:00,01JN0B6RX1J3EK28BV4WGWSV9P,2025-02-26T00:35:18.94005-05:00,01JN0B6S70HKSZB9HQ866S9MB4,2025-02-26T00:35:18.94005-05:00
01JN0C16CWJJM23WAK39FWAATS,01JN0B6JFGPSWQTZ19W57Q28C6,2025-02-26T00:35:18.940219-05:00,01JN0B6JG5M9M3EB8ENJD0746Z,2025-02-26T00:35:18.940219-05:00,01JN0B6P79TEMD3DFZZAZJ8EJT,2025-02-26T00:35:18.940219-05:00,01JN0B6S70HKSZB9HQ866S9MB4,2025-02-26T00:35:18.940219-05:00
01JN0C3NWEN7V4DD4EAQY4QK7M,01JN0B6JFGPSWQTZ19W57Q28C6,2025-02-26T00:36:40.334577-05:00,01JN0B6JG5M9M3EB8ENJD0746Z,2025-02-26T00:36:40.334577-05:00,01JN0B6P79TEMD3DFZZAZJ8EJT,2025-02-26T00:36:40.334577-05:00,01JN0B6S71JKYP8EZZKE267S48,2025-02-26T00:36:40.334577-05:00
