id,batchID,batchIDLastChangedAt,gameID,gameIDLastChangedAt,playerID,playerIDLastChangedAt,roundID,roundIDLastChangedAt
01JV8DCD8MYSVX0B10WV60EQXV,01JV8CZRZTY32TX09S6MN5GAGM,2025-05-14T18:07:01.396139-04:00,01JV8CZS039R2W9ZBPYMD1Y9BD,2025-05-14T18:07:01.396139-04:00,01JV8D02115TAEK8AMX7F3XDF7,2025-05-14T18:07:01.396139-04:00,01JV8D1T9BYS1SD6X7WBP317S4,2025-05-14T18:07:01.396139-04:00
01JV8DCD8MYSVX0B10X2FRZ92J,01JV8CZRZTY32TX09S6MN5GAGM,2025-05-14T18:07:01.396267-04:00,01JV8CZS039R2W9ZBPYMD1Y9BD,2025-05-14T18:07:01.396267-04:00,01JV8D1342B75HW4N9DJFVF45A,2025-05-14T18:07:01.396267-04:00,01JV8D1T9BYS1SD6X7WBP317S4,2025-05-14T18:07:01.396267-04:00
01JV8DKQP5WJ2YNZYVKQTXFMR7,01JV8CZRZTY32TX09S6MN5GAGM,2025-05-14T18:11:01.445236-04:00,01JV8CZS039R2W9ZBPYMD1Y9BD,2025-05-14T18:11:01.445236-04:00,01JV8D1342B75HW4N9DJFVF45A,2025-05-14T18:11:01.445236-04:00,01JV8D1T9CRD115XQA4CXMDHRC,2025-05-14T18:11:01.445236-04:00
01JV8D1TBD3XXYPKYXDBEW4VA1,01JV8CZRZTY32TX09S6MN5GAGM,2025-05-14T18:01:14.349402-04:00,01JV8CZS039R2W9ZBPYMD1Y9BD,2025-05-14T18:01:14.349402-04:00,01JV8D02115TAEK8AMX7F3XDF7,2025-05-14T18:01:14.349402-04:00,01JV8D1T9AN3EAGPDBCW7MJYNZ,2025-05-14T18:01:14.349402-04:00
01JV8D5FJCKZTPNXKB9Y91S58H,01JV8CZRZTY32TX09S6MN5GAGM,2025-05-14T18:03:14.3809-04:00,01JV8CZS039R2W9ZBPYMD1Y9BD,2025-05-14T18:03:14.3809-04:00,01JV8D02115TAEK8AMX7F3XDF7,2025-05-14T18:03:14.3809-04:00,01JV8D1T9AN3EAGPDBDG7SD61H,2025-05-14T18:03:14.3809-04:00
01JV8D5FJCKZTPNXKBAAKM2HEP,01JV8CZRZTY32TX09S6MN5GAGM,2025-05-14T18:03:14.380994-04:00,01JV8CZS039R2W9ZBPYMD1Y9BD,2025-05-14T18:03:14.380994-04:00,01JV8D1342B75HW4N9DJFVF45A,2025-05-14T18:03:14.380994-04:00,01JV8D1T9AN3EAGPDBDG7SD61H,2025-05-14T18:03:14.380994-04:00
01JV8D8R1W0Q05X58QRNN582WN,01JV8CZRZTY32TX09S6MN5GAGM,2025-05-14T18:05:01.372843-04:00,01JV8CZS039R2W9ZBPYMD1Y9BD,2025-05-14T18:05:01.372843-04:00,01JV8D02115TAEK8AMX7F3XDF7,2025-05-14T18:05:01.372843-04:00,01JV8D1T9BYS1SD6X7VG86DGN5,2025-05-14T18:05:01.372843-04:00
01JV8D8R1W0Q05X58QS0G1Z0EC,01JV8CZRZTY32TX09S6MN5GAGM,2025-05-14T18:05:01.372915-04:00,01JV8CZS039R2W9ZBPYMD1Y9BD,2025-05-14T18:05:01.372915-04:00,01JV8D1342B75HW4N9DJFVF45A,2025-05-14T18:05:01.372915-04:00,01JV8D1T9BYS1SD6X7VG86DGN5,2025-05-14T18:05:01.372915-04:00
01JV8DG2FEAX4C66QRP1TK5DCF,01JV8CZRZTY32TX09S6MN5GAGM,2025-05-14T18:09:01.42217-04:00,01JV8CZS039R2W9ZBPYMD1Y9BD,2025-05-14T18:09:01.42217-04:00,01JV8D1342B75HW4N9DJFVF45A,2025-05-14T18:09:01.42217-04:00,01JV8D1T9BYS1SD6X7VTC0VTAA,2025-05-14T18:09:01.42217-04:00
01JV8DG2FEAX4C66QRPCZ274YX,01JV8CZRZTY32TX09S6MN5GAGM,2025-05-14T18:09:01.422261-04:00,01JV8CZS039R2W9ZBPYMD1Y9BD,2025-05-14T18:09:01.422261-04:00,01JV8D02115TAEK8AMX7F3XDF7,2025-05-14T18:09:01.422261-04:00,01JV8D1T9BYS1SD6X7VTC0VTAA,2025-05-14T18:09:01.422261-04:00
01JV8DKQP5WJ2YNZYVKJBCP1J1,01JV8CZRZTY32TX09S6MN5GAGM,2025-05-14T18:11:01.445144-04:00,01JV8CZS039R2W9ZBPYMD1Y9BD,2025-05-14T18:11:01.445144-04:00,01JV8D02115TAEK8AMX7F3XDF7,2025-05-14T18:11:01.445144-04:00,01JV8D1T9CRD115XQA4CXMDHRC,2025-05-14T18:11:01.445144-04:00
01JV8D1TBD3XXYPKYXCZ2G308B,01JV8CZRZTY32TX09S6MN5GAGM,2025-05-14T18:01:14.349322-04:00,01JV8CZS039R2W9ZBPYMD1Y9BD,2025-05-14T18:01:14.349322-04:00,01JV8D1342B75HW4N9DJFVF45A,2025-05-14T18:01:14.349322-04:00,01JV8D1T9AN3EAGPDBCW7MJYNZ,2025-05-14T18:01:14.349322-04:00
