id,batchID,batchIDLastChangedAt,gameID,gameIDLastChangedAt,playerID,playerIDLastChangedAt,roundID,roundIDLastChangedAt,stageID,stageIDLastChangedAt
01JV8D5FJKM114C4NJNTRHCJK0,01JV8CZRZTY32TX09S6MN5GAGM,2025-05-14T18:03:14.387821-04:00,01JV8CZS039R2W9ZBPYMD1Y9BD,2025-05-14T18:03:14.387821-04:00,01JV8D1342B75HW4N9DJFVF45A,2025-05-14T18:03:14.387821-04:00,01JV8D1T9AN3EAGPDBDG7SD61H,2025-05-14T18:03:14.387821-04:00,01JV8D1T9J6C8WZX1PB4A7YJ7N,2025-05-14T18:03:14.387821-04:00
01JV8DCD8VZ06WPZCZP9JTPRNK,01JV8CZRZTY32TX09S6MN5GAGM,2025-05-14T18:07:01.403804-04:00,01JV8CZS039R2W9ZBPYMD1Y9BD,2025-05-14T18:07:01.403804-04:00,01JV8D02115TAEK8AMX7F3XDF7,2025-05-14T18:07:01.403804-04:00,01JV8D1T9BYS1SD6X7WBP317S4,2025-05-14T18:07:01.403804-04:00,01JV8D1T9RFAS9S324MQ5DAAS0,2025-05-14T18:07:01.403804-04:00
01JV8DG2FNDG6DED629GNKRWNZ,01JV8CZRZTY32TX09S6MN5GAGM,2025-05-14T18:09:01.429335-04:00,01JV8CZS039R2W9ZBPYMD1Y9BD,2025-05-14T18:09:01.429335-04:00,01JV8D02115TAEK8AMX7F3XDF7,2025-05-14T18:09:01.429335-04:00,01JV8D1T9BYS1SD6X7VTC0VTAA,2025-05-14T18:09:01.429335-04:00,01JV8D1T9VKDGBQMKNVFJJQ0WE,2025-05-14T18:09:01.429335-04:00
01JV8D1TBNMF2K40X156J0WR0K,01JV8CZRZTY32TX09S6MN5GAGM,2025-05-14T18:01:14.35723-04:00,01JV8CZS039R2W9ZBPYMD1Y9BD,2025-05-14T18:01:14.35723-04:00,01JV8D02115TAEK8AMX7F3XDF7,2025-05-14T18:01:14.35723-04:00,01JV8D1T9AN3EAGPDBCW7MJYNZ,2025-05-14T18:01:14.35723-04:00,01JV8D1T9F6X9Y2SRB25TM6FTD,2025-05-14T18:01:14.35723-04:00
01JV8D1TBNMF2K40X15G6K705M,01JV8CZRZTY32TX09S6MN5GAGM,2025-05-14T18:01:14.35731-04:00,01JV8CZS039R2W9ZBPYMD1Y9BD,2025-05-14T18:01:14.35731-04:00,01JV8D1342B75HW4N9DJFVF45A,2025-05-14T18:01:14.35731-04:00,01JV8D1T9AN3EAGPDBCW7MJYNZ,2025-05-14T18:01:14.35731-04:00,01JV8D1T9F6X9Y2SRB25TM6FTD,2025-05-14T18:01:14.35731-04:00
01JV8D5FJKM114C4NJNEZ166B2,01JV8CZRZTY32TX09S6MN5GAGM,2025-05-14T18:03:14.387731-04:00,01JV8CZS039R2W9ZBPYMD1Y9BD,2025-05-14T18:03:14.387731-04:00,01JV8D02115TAEK8AMX7F3XDF7,2025-05-14T18:03:14.387731-04:00,01JV8D1T9AN3EAGPDBDG7SD61H,2025-05-14T18:03:14.387731-04:00,01JV8D1T9J6C8WZX1PB4A7YJ7N,2025-05-14T18:03:14.387731-04:00
01JV8D8R22KHVX41PJWDDM6P99,01JV8CZRZTY32TX09S6MN5GAGM,2025-05-14T18:05:01.37822-04:00,01JV8CZS039R2W9ZBPYMD1Y9BD,2025-05-14T18:05:01.37822-04:00,01JV8D1342B75HW4N9DJFVF45A,2025-05-14T18:05:01.37822-04:00,01JV8D1T9BYS1SD6X7VG86DGN5,2025-05-14T18:05:01.37822-04:00,01JV8D1T9PAHC8G4V1M0A7M067,2025-05-14T18:05:01.37822-04:00
01JV8D8R22KHVX41PJWY6D8NMT,01JV8CZRZTY32TX09S6MN5GAGM,2025-05-14T18:05:01.378322-04:00,01JV8CZS039R2W9ZBPYMD1Y9BD,2025-05-14T18:05:01.378322-04:00,01JV8D02115TAEK8AMX7F3XDF7,2025-05-14T18:05:01.378322-04:00,01JV8D1T9BYS1SD6X7VG86DGN5,2025-05-14T18:05:01.378322-04:00,01JV8D1T9PAHC8G4V1M0A7M067,2025-05-14T18:05:01.378322-04:00
01JV8DCD8VZ06WPZCZPKYJ5KXR,01JV8CZRZTY32TX09S6MN5GAGM,2025-05-14T18:07:01.403901-04:00,01JV8CZS039R2W9ZBPYMD1Y9BD,2025-05-14T18:07:01.403901-04:00,01JV8D1342B75HW4N9DJFVF45A,2025-05-14T18:07:01.403901-04:00,01JV8D1T9BYS1SD6X7WBP317S4,2025-05-14T18:07:01.403901-04:00,01JV8D1T9RFAS9S324MQ5DAAS0,2025-05-14T18:07:01.403901-04:00
01JV8DG2FNDG6DED629VCV5NTF,01JV8CZRZTY32TX09S6MN5GAGM,2025-05-14T18:09:01.429454-04:00,01JV8CZS039R2W9ZBPYMD1Y9BD,2025-05-14T18:09:01.429454-04:00,01JV8D1342B75HW4N9DJFVF45A,2025-05-14T18:09:01.429454-04:00,01JV8D1T9BYS1SD6X7VTC0VTAA,2025-05-14T18:09:01.429454-04:00,01JV8D1T9VKDGBQMKNVFJJQ0WE,2025-05-14T18:09:01.429454-04:00
01JV8DKQPAEG2MH8Q29K21W6QN,01JV8CZRZTY32TX09S6MN5GAGM,2025-05-14T18:11:01.450399-04:00,01JV8CZS039R2W9ZBPYMD1Y9BD,2025-05-14T18:11:01.450399-04:00,01JV8D1342B75HW4N9DJFVF45A,2025-05-14T18:11:01.450399-04:00,01JV8D1T9CRD115XQA4CXMDHRC,2025-05-14T18:11:01.450399-04:00,01JV8D1T9X6QTSNJ0F8TT8DXNH,2025-05-14T18:11:01.450399-04:00
01JV8DKQPAEG2MH8Q2A1J2A04C,01JV8CZRZTY32TX09S6MN5GAGM,2025-05-14T18:11:01.450526-04:00,01JV8CZS039R2W9ZBPYMD1Y9BD,2025-05-14T18:11:01.450526-04:00,01JV8D02115TAEK8AMX7F3XDF7,2025-05-14T18:11:01.450526-04:00,01JV8D1T9CRD115XQA4CXMDHRC,2025-05-14T18:11:01.450526-04:00,01JV8D1T9X6QTSNJ0F8TT8DXNH,2025-05-14T18:11:01.450526-04:00
