id,batchID,batchIDLastChangedAt,gameID,gameIDLastChangedAt,playerID,playerIDLastChangedAt,roundID,roundIDLastChangedAt,stageID,stageIDLastChangedAt
01JVD1CYZMERGJ9W9XAGC6M8JD,01JVD12DXJ9CQ00ETVCTCJ94FR,2025-05-16T13:13:48.788083-04:00,01JVD12DY2RC4DJA9B5W9QKYQB,2025-05-16T13:13:48.788083-04:00,01JVD14ZK689H2Q9SAW0GQK08P,2025-05-16T13:13:48.788083-04:00,01JVD15MDVJB10JT8GBGPR71V7,2025-05-16T13:13:48.788083-04:00,01JVD15MECWQ1K5S1WV1FCEPVG,2025-05-16T13:13:48.788083-04:00
01JVD15MGQQGMTCMKR12DAA3MD,01JVD12DXJ9CQ00ETVCTCJ94FR,2025-05-16T13:09:48.69527-04:00,01JVD12DY2RC4DJA9B5W9QKYQB,2025-05-16T13:09:48.69527-04:00,01JVD12KS34RZ7W6FYCCVH1GTT,2025-05-16T13:09:48.69527-04:00,01JVD15MDVJB10JT8GB3HKWVJ5,2025-05-16T13:09:48.69527-04:00,01JVD15ME4Z18YWY1T0ZD2HRNY,2025-05-16T13:09:48.69527-04:00
01JVD15MGQQGMTCMKR1BTCQ003,01JVD12DXJ9CQ00ETVCTCJ94FR,2025-05-16T13:09:48.695384-04:00,01JVD12DY2RC4DJA9B5W9QKYQB,2025-05-16T13:09:48.695384-04:00,01JVD14ZK689H2Q9SAW0GQK08P,2025-05-16T13:09:48.695384-04:00,01JVD15MDVJB10JT8GB3HKWVJ5,2025-05-16T13:09:48.695384-04:00,01JVD15ME4Z18YWY1T0ZD2HRNY,2025-05-16T13:09:48.695384-04:00
01JVD199R6393869BG85Y8FJB1,01JVD12DXJ9CQ00ETVCTCJ94FR,2025-05-16T13:11:48.742928-04:00,01JVD12DY2RC4DJA9B5W9QKYQB,2025-05-16T13:11:48.742928-04:00,01JVD14ZK689H2Q9SAW0GQK08P,2025-05-16T13:11:48.742928-04:00,01JVD15MDWA6GZB1H5CZYRJPR3,2025-05-16T13:11:48.742928-04:00,01JVD15ME848784ZC1A0S9GSFP,2025-05-16T13:11:48.742928-04:00
01JVD199R7F7J56HZ22VTENMS5,01JVD12DXJ9CQ00ETVCTCJ94FR,2025-05-16T13:11:48.743073-04:00,01JVD12DY2RC4DJA9B5W9QKYQB,2025-05-16T13:11:48.743073-04:00,01JVD12KS34RZ7W6FYCCVH1GTT,2025-05-16T13:11:48.743073-04:00,01JVD15MDWA6GZB1H5CZYRJPR3,2025-05-16T13:11:48.743073-04:00,01JVD15ME848784ZC1A0S9GSFP,2025-05-16T13:11:48.743073-04:00
01JVD1CYZMERGJ9W9XAXW85JF9,01JVD12DXJ9CQ00ETVCTCJ94FR,2025-05-16T13:13:48.788362-04:00,01JVD12DY2RC4DJA9B5W9QKYQB,2025-05-16T13:13:48.788362-04:00,01JVD12KS34RZ7W6FYCCVH1GTT,2025-05-16T13:13:48.788362-04:00,01JVD15MDVJB10JT8GBGPR71V7,2025-05-16T13:13:48.788362-04:00,01JVD15MECWQ1K5S1WV1FCEPVG,2025-05-16T13:13:48.788362-04:00
01JVD1GM706MWDE4TFAFEQJDYV,01JVD12DXJ9CQ00ETVCTCJ94FR,2025-05-16T13:15:48.832199-04:00,01JVD12DY2RC4DJA9B5W9QKYQB,2025-05-16T13:15:48.832199-04:00,01JVD14ZK689H2Q9SAW0GQK08P,2025-05-16T13:15:48.832199-04:00,01JVD15MDWA6GZB1H5DDJV6WHT,2025-05-16T13:15:48.832199-04:00,01JVD15MEGTE7N9QXVBHWP2X2Z,2025-05-16T13:15:48.832199-04:00
01JVD1GM706MWDE4TFAT125HEN,01JVD12DXJ9CQ00ETVCTCJ94FR,2025-05-16T13:15:48.832357-04:00,01JVD12DY2RC4DJA9B5W9QKYQB,2025-05-16T13:15:48.832357-04:00,01JVD12KS34RZ7W6FYCCVH1GTT,2025-05-16T13:15:48.832357-04:00,01JVD15MDWA6GZB1H5DDJV6WHT,2025-05-16T13:15:48.832357-04:00,01JVD15MEGTE7N9QXVBHWP2X2Z,2025-05-16T13:15:48.832357-04:00
01JVD1M9E8XF5JZYNBJA1YP0Z1,01JVD12DXJ9CQ00ETVCTCJ94FR,2025-05-16T13:17:48.872947-04:00,01JVD12DY2RC4DJA9B5W9QKYQB,2025-05-16T13:17:48.872947-04:00,01JVD12KS34RZ7W6FYCCVH1GTT,2025-05-16T13:17:48.872947-04:00,01JVD15MDWA6GZB1H5E0KFMFB1,2025-05-16T13:17:48.872947-04:00,01JVD15MEMRSCWCFEFBA87DEFA,2025-05-16T13:17:48.872947-04:00
01JVD1M9E9QZ0J2P0Y8FE5SY4B,01JVD12DXJ9CQ00ETVCTCJ94FR,2025-05-16T13:17:48.873079-04:00,01JVD12DY2RC4DJA9B5W9QKYQB,2025-05-16T13:17:48.873079-04:00,01JVD14ZK689H2Q9SAW0GQK08P,2025-05-16T13:17:48.873079-04:00,01JVD15MDWA6GZB1H5E0KFMFB1,2025-05-16T13:17:48.873079-04:00,01JVD15MEMRSCWCFEFBA87DEFA,2025-05-16T13:17:48.873079-04:00
01JVD1QYNJXD816R8CET4KHHDT,01JVD12DXJ9CQ00ETVCTCJ94FR,2025-05-16T13:19:48.914115-04:00,01JVD12DY2RC4DJA9B5W9QKYQB,2025-05-16T13:19:48.914115-04:00,01JVD12KS34RZ7W6FYCCVH1GTT,2025-05-16T13:19:48.914115-04:00,01JVD15MDY4JMQ2T22J6EV8EB0,2025-05-16T13:19:48.914115-04:00,01JVD15MEQE4DCQCNSXYMACHYA,2025-05-16T13:19:48.914115-04:00
01JVD1QYNJXD816R8CF63VCXZ6,01JVD12DXJ9CQ00ETVCTCJ94FR,2025-05-16T13:19:48.914246-04:00,01JVD12DY2RC4DJA9B5W9QKYQB,2025-05-16T13:19:48.914246-04:00,01JVD14ZK689H2Q9SAW0GQK08P,2025-05-16T13:19:48.914246-04:00,01JVD15MDY4JMQ2T22J6EV8EB0,2025-05-16T13:19:48.914246-04:00,01JVD15MEQE4DCQCNSXYMACHYA,2025-05-16T13:19:48.914246-04:00
