id,batchID,batchIDLastChangedAt,gameID,gameIDLastChangedAt,playerID,playerIDLastChangedAt
01JVN8WMPJ097DBTP5H21HA4KW,01JVN8VJ35PJD341YQ0J66MCYY,2025-05-19T17:58:38.034804-04:00,01JVN8VJ3PQ3S4BWSDKDQD5RHY,2025-05-19T17:58:38.034804-04:00,01JVN8VZXVX892MFJ7A9JC8PF9,2025-05-19T17:58:38.034804-04:00
01JVN8WMPJ097DBTP5H8NYZ8E4,01JVN8VJ35PJD341YQ0J66MCYY,2025-05-19T17:58:38.034897-04:00,01JVN8VJ3PQ3S4BWSDKDQD5RHY,2025-05-19T17:58:38.034897-04:00,01JVN8WG635566VH9KHQ4E19EH,2025-05-19T17:58:38.034897-04:00
01JVN90W4FT879NYRN3K8MYQ7K,01JVN8Z88S67YAE05FDNQCM3KZ,2025-05-19T18:00:56.719519-04:00,01JVN8Z8970RRQBCQ4NHXCA40B,2025-05-19T18:00:56.719519-04:00,01JVN8ZRQVQ8YAJ4AQ4K8YX4M8,2025-05-19T18:00:56.719519-04:00
01JVN90W4FT879NYRN3SJ8ZTQQ,01JVN8Z88S67YAE05FDNQCM3KZ,2025-05-19T18:00:56.719677-04:00,01JVN8Z8970RRQBCQ4NHXCA40B,2025-05-19T18:00:56.719677-04:00,01JVN90R2MFPH7EJ8DBKJMSJ85,2025-05-19T18:00:56.719677-04:00
