id,batchID,batchIDLastChangedAt,gameID,gameIDLastChangedAt,playerID,playerIDLastChangedAt,roundID,roundIDLastChangedAt,stageID,stageIDLastChangedAt
01JTRHVVYSST0FXZ9Y6GGXQY85,01JTRH2NA06E2Q1MCM3RJEVV89,2025-05-08T14:17:31.353137-04:00,01JTRH2NAJ9JNXGSBSGYM1BTQB,2025-05-08T14:17:31.353137-04:00,01JTRHCDGCZH7JDAFD4TAK60XB,2025-05-08T14:17:31.353137-04:00,01JTRHD6XYZ0FABW9PH73Y0GYH,2025-05-08T14:17:31.353137-04:00,01JTRHD6YMZAQ3PAFQT3KENCZY,2025-05-08T14:17:31.353137-04:00
01JTRHZH640JQQ7QWCHGTGHZ87,01JTRH2NA06E2Q1MCM3RJEVV89,2025-05-08T14:19:31.396474-04:00,01JTRH2NAJ9JNXGSBSGYM1BTQB,2025-05-08T14:19:31.396474-04:00,01JTRHCDGCZH7JDAFD4TAK60XB,2025-05-08T14:19:31.396474-04:00,01JTRHD6XZCMESHPHC4WAB216X,2025-05-08T14:19:31.396474-04:00,01JTRHD6YQNNSASZSHD1GTBMEN,2025-05-08T14:19:31.396474-04:00
01JTRHD70WMSAXZ6AMRH8N1S7A,01JTRH2NA06E2Q1MCM3RJEVV89,2025-05-08T14:09:31.164291-04:00,01JTRH2NAJ9JNXGSBSGYM1BTQB,2025-05-08T14:09:31.164291-04:00,01JTRHCDGCZH7JDAFD4TAK60XB,2025-05-08T14:09:31.164291-04:00,01JTRHD6XXSZ1HCTRYRDM37XYJ,2025-05-08T14:09:31.164291-04:00,01JTRHD6Y5B5NRMG4DGHBFQ09W,2025-05-08T14:09:31.164291-04:00
01JTRHGW8DXSS8T96D06055D68,01JTRH2NA06E2Q1MCM3RJEVV89,2025-05-08T14:11:31.213072-04:00,01JTRH2NAJ9JNXGSBSGYM1BTQB,2025-05-08T14:11:31.213072-04:00,01JTRHCDGCZH7JDAFD4TAK60XB,2025-05-08T14:11:31.213072-04:00,01JTRHD6XYZ0FABW9PFGZ25542,2025-05-08T14:11:31.213072-04:00,01JTRHD6Y9PN8TV7T83N8H2PY2,2025-05-08T14:11:31.213072-04:00
01JTRHMHFV9JPCJPF2PW6STQQZ,01JTRH2NA06E2Q1MCM3RJEVV89,2025-05-08T14:13:31.259366-04:00,01JTRH2NAJ9JNXGSBSGYM1BTQB,2025-05-08T14:13:31.259366-04:00,01JTRH3QAM83Y4RTF5EPW1HG52,2025-05-08T14:13:31.259366-04:00,01JTRHD6XYZ0FABW9PG1XY8E06,2025-05-08T14:13:31.259366-04:00,01JTRHD6YCJRPXVD5FGMJN54E4,2025-05-08T14:13:31.259366-04:00
01JTRHR6QA69VF73M9VSMKK105,01JTRH2NA06E2Q1MCM3RJEVV89,2025-05-08T14:15:31.306026-04:00,01JTRH2NAJ9JNXGSBSGYM1BTQB,2025-05-08T14:15:31.306026-04:00,01JTRH3QAM83Y4RTF5EPW1HG52,2025-05-08T14:15:31.306026-04:00,01JTRHD6XYZ0FABW9PGGHD1ZJV,2025-05-08T14:15:31.306026-04:00,01JTRHD6YGBQVAXEKZMT1DF763,2025-05-08T14:15:31.306026-04:00
01JTRHVVYSST0FXZ9Y66PCX370,01JTRH2NA06E2Q1MCM3RJEVV89,2025-05-08T14:17:31.35302-04:00,01JTRH2NAJ9JNXGSBSGYM1BTQB,2025-05-08T14:17:31.35302-04:00,01JTRH3QAM83Y4RTF5EPW1HG52,2025-05-08T14:17:31.35302-04:00,01JTRHD6XYZ0FABW9PH73Y0GYH,2025-05-08T14:17:31.35302-04:00,01JTRHD6YMZAQ3PAFQT3KENCZY,2025-05-08T14:17:31.35302-04:00
01JTRHZH640JQQ7QWCHXA14RKV,01JTRH2NA06E2Q1MCM3RJEVV89,2025-05-08T14:19:31.396619-04:00,01JTRH2NAJ9JNXGSBSGYM1BTQB,2025-05-08T14:19:31.396619-04:00,01JTRH3QAM83Y4RTF5EPW1HG52,2025-05-08T14:19:31.396619-04:00,01JTRHD6XZCMESHPHC4WAB216X,2025-05-08T14:19:31.396619-04:00,01JTRHD6YQNNSASZSHD1GTBMEN,2025-05-08T14:19:31.396619-04:00
01JTRHD70WMSAXZ6AMRV1C19YK,01JTRH2NA06E2Q1MCM3RJEVV89,2025-05-08T14:09:31.164398-04:00,01JTRH2NAJ9JNXGSBSGYM1BTQB,2025-05-08T14:09:31.164398-04:00,01JTRH3QAM83Y4RTF5EPW1HG52,2025-05-08T14:09:31.164398-04:00,01JTRHD6XXSZ1HCTRYRDM37XYJ,2025-05-08T14:09:31.164398-04:00,01JTRHD6Y5B5NRMG4DGHBFQ09W,2025-05-08T14:09:31.164398-04:00
01JTRHGW8DXSS8T96D0FHAM3F8,01JTRH2NA06E2Q1MCM3RJEVV89,2025-05-08T14:11:31.213182-04:00,01JTRH2NAJ9JNXGSBSGYM1BTQB,2025-05-08T14:11:31.213182-04:00,01JTRH3QAM83Y4RTF5EPW1HG52,2025-05-08T14:11:31.213182-04:00,01JTRHD6XYZ0FABW9PFGZ25542,2025-05-08T14:11:31.213182-04:00,01JTRHD6Y9PN8TV7T83N8H2PY2,2025-05-08T14:11:31.213182-04:00
01JTRHMHFV9JPCJPF2QBHCQJNV,01JTRH2NA06E2Q1MCM3RJEVV89,2025-05-08T14:13:31.259502-04:00,01JTRH2NAJ9JNXGSBSGYM1BTQB,2025-05-08T14:13:31.259502-04:00,01JTRHCDGCZH7JDAFD4TAK60XB,2025-05-08T14:13:31.259502-04:00,01JTRHD6XYZ0FABW9PG1XY8E06,2025-05-08T14:13:31.259502-04:00,01JTRHD6YCJRPXVD5FGMJN54E4,2025-05-08T14:13:31.259502-04:00
01JTRHR6Q9N336XMAR2D5AA2CX,01JTRH2NA06E2Q1MCM3RJEVV89,2025-05-08T14:15:31.305857-04:00,01JTRH2NAJ9JNXGSBSGYM1BTQB,2025-05-08T14:15:31.305857-04:00,01JTRHCDGCZH7JDAFD4TAK60XB,2025-05-08T14:15:31.305857-04:00,01JTRHD6XYZ0FABW9PGGHD1ZJV,2025-05-08T14:15:31.305857-04:00,01JTRHD6YGBQVAXEKZMT1DF763,2025-05-08T14:15:31.305857-04:00
