id,batchID,batchIDLastChangedAt,gameID,gameIDLastChangedAt,playerID,playerIDLastChangedAt,roundID,roundIDLastChangedAt
01JTRHGW83BXRC9GZRMSF2Q593,01JTRH2NA06E2Q1MCM3RJEVV89,2025-05-08T14:11:31.203428-04:00,01JTRH2NAJ9JNXGSBSGYM1BTQB,2025-05-08T14:11:31.203428-04:00,01JTRHCDGCZH7JDAFD4TAK60XB,2025-05-08T14:11:31.203428-04:00,01JTRHD6XYZ0FABW9PFGZ25542,2025-05-08T14:11:31.203428-04:00
01JTRHMHFJF2FZDZN5M0FV8CN6,01JTRH2NA06E2Q1MCM3RJEVV89,2025-05-08T14:13:31.250222-04:00,01JTRH2NAJ9JNXGSBSGYM1BTQB,2025-05-08T14:13:31.250222-04:00,01JTRHCDGCZH7JDAFD4TAK60XB,2025-05-08T14:13:31.250222-04:00,01JTRHD6XYZ0FABW9PG1XY8E06,2025-05-08T14:13:31.250222-04:00
01JTRHR6Q0H8HH5SE3B7CQP6NZ,01JTRH2NA06E2Q1MCM3RJEVV89,2025-05-08T14:15:31.296881-04:00,01JTRH2NAJ9JNXGSBSGYM1BTQB,2025-05-08T14:15:31.296881-04:00,01JTRHCDGCZH7JDAFD4TAK60XB,2025-05-08T14:15:31.296881-04:00,01JTRHD6XYZ0FABW9PGGHD1ZJV,2025-05-08T14:15:31.296881-04:00
01JTRHVVYFZY0E70RSXA1S82XJ,01JTRH2NA06E2Q1MCM3RJEVV89,2025-05-08T14:17:31.343375-04:00,01JTRH2NAJ9JNXGSBSGYM1BTQB,2025-05-08T14:17:31.343375-04:00,01JTRH3QAM83Y4RTF5EPW1HG52,2025-05-08T14:17:31.343375-04:00,01JTRHD6XYZ0FABW9PH73Y0GYH,2025-05-08T14:17:31.343375-04:00
01JTRHZH5WKSN7C8A3B6X24S71,01JTRH2NA06E2Q1MCM3RJEVV89,2025-05-08T14:19:31.388056-04:00,01JTRH2NAJ9JNXGSBSGYM1BTQB,2025-05-08T14:19:31.388056-04:00,01JTRH3QAM83Y4RTF5EPW1HG52,2025-05-08T14:19:31.388056-04:00,01JTRHD6XZCMESHPHC4WAB216X,2025-05-08T14:19:31.388056-04:00
01JTRHD70K2WQJZ87CW8CGB5RE,01JTRH2NA06E2Q1MCM3RJEVV89,2025-05-08T14:09:31.155807-04:00,01JTRH2NAJ9JNXGSBSGYM1BTQB,2025-05-08T14:09:31.155807-04:00,01JTRH3QAM83Y4RTF5EPW1HG52,2025-05-08T14:09:31.155807-04:00,01JTRHD6XXSZ1HCTRYRDM37XYJ,2025-05-08T14:09:31.155807-04:00
01JTRHD70K2WQJZ87CWMT4NWQ9,01JTRH2NA06E2Q1MCM3RJEVV89,2025-05-08T14:09:31.15591-04:00,01JTRH2NAJ9JNXGSBSGYM1BTQB,2025-05-08T14:09:31.15591-04:00,01JTRHCDGCZH7JDAFD4TAK60XB,2025-05-08T14:09:31.15591-04:00,01JTRHD6XXSZ1HCTRYRDM37XYJ,2025-05-08T14:09:31.15591-04:00
01JTRHGW83BXRC9GZRN41KDTRN,01JTRH2NA06E2Q1MCM3RJEVV89,2025-05-08T14:11:31.203544-04:00,01JTRH2NAJ9JNXGSBSGYM1BTQB,2025-05-08T14:11:31.203544-04:00,01JTRH3QAM83Y4RTF5EPW1HG52,2025-05-08T14:11:31.203544-04:00,01JTRHD6XYZ0FABW9PFGZ25542,2025-05-08T14:11:31.203544-04:00
01JTRHMHFJF2FZDZN5MBDY9YAK,01JTRH2NA06E2Q1MCM3RJEVV89,2025-05-08T14:13:31.250324-04:00,01JTRH2NAJ9JNXGSBSGYM1BTQB,2025-05-08T14:13:31.250324-04:00,01JTRH3QAM83Y4RTF5EPW1HG52,2025-05-08T14:13:31.250324-04:00,01JTRHD6XYZ0FABW9PG1XY8E06,2025-05-08T14:13:31.250324-04:00
01JTRHR6Q0H8HH5SE3AZ00S813,01JTRH2NA06E2Q1MCM3RJEVV89,2025-05-08T14:15:31.29676-04:00,01JTRH2NAJ9JNXGSBSGYM1BTQB,2025-05-08T14:15:31.29676-04:00,01JTRH3QAM83Y4RTF5EPW1HG52,2025-05-08T14:15:31.29676-04:00,01JTRHD6XYZ0FABW9PGGHD1ZJV,2025-05-08T14:15:31.29676-04:00
01JTRHVVYFZY0E70RSXFFBCHBB,01JTRH2NA06E2Q1MCM3RJEVV89,2025-05-08T14:17:31.343507-04:00,01JTRH2NAJ9JNXGSBSGYM1BTQB,2025-05-08T14:17:31.343507-04:00,01JTRHCDGCZH7JDAFD4TAK60XB,2025-05-08T14:17:31.343507-04:00,01JTRHD6XYZ0FABW9PH73Y0GYH,2025-05-08T14:17:31.343507-04:00
01JTRHZH5WKSN7C8A3BJY3J59K,01JTRH2NA06E2Q1MCM3RJEVV89,2025-05-08T14:19:31.388199-04:00,01JTRH2NAJ9JNXGSBSGYM1BTQB,2025-05-08T14:19:31.388199-04:00,01JTRHCDGCZH7JDAFD4TAK60XB,2025-05-08T14:19:31.388199-04:00,01JTRHD6XZCMESHPHC4WAB216X,2025-05-08T14:19:31.388199-04:00
