id,batchID,batchIDLastChangedAt,duration,durationLastChangedAt,ended,endedLastChangedAt,gameID,gameIDLastChangedAt,index,indexLastChangedAt,initialized,initializedLastChangedAt,name,nameLastChangedAt,roundID,roundIDLastChangedAt,start,startLastChangedAt,started,startedLastChangedAt,timerID,timerIDLastChangedAt
01JTRHD6Y5B5NRMG4DGHBFQ09W,01JTRH2NA06E2Q1MCM3RJEVV89,2025-05-08T14:09:31.077677-04:00,120,2025-05-08T14:09:31.077677-04:00,true,2025-05-08T14:11:31.184205-04:00,01JTRH2NAJ9JNXGSBSGYM1BTQB,2025-05-08T14:09:31.077677-04:00,0,2025-05-08T14:09:31.077677-04:00,true,2025-05-08T14:09:31.165723-04:00,Negotiation,2025-05-08T14:09:31.077677-04:00,01JTRHD6XXSZ1HCTRYRDM37XYJ,2025-05-08T14:09:31.077677-04:00,true,2025-05-08T14:09:31.159507-04:00,true,2025-05-08T14:09:31.1683-04:00,01JTRHD6Y334N1QM904FYSKP8V,2025-05-08T14:09:31.077677-04:00
01JTRHD6Y9PN8TV7T83N8H2PY2,01JTRH2NA06E2Q1MCM3RJEVV89,2025-05-08T14:09:31.081442-04:00,120,2025-05-08T14:09:31.081442-04:00,true,2025-05-08T14:13:31.232701-04:00,01JTRH2NAJ9JNXGSBSGYM1BTQB,2025-05-08T14:09:31.081442-04:00,0,2025-05-08T14:09:31.081442-04:00,true,2025-05-08T14:11:31.214588-04:00,Negotiation,2025-05-08T14:09:31.081442-04:00,01JTRHD6XYZ0FABW9PFGZ25542,2025-05-08T14:09:31.081442-04:00,true,2025-05-08T14:11:31.208819-04:00,true,2025-05-08T14:11:31.219126-04:00,01JTRHD6Y8K5FB1QAC2V38PZM1,2025-05-08T14:09:31.081442-04:00
01JTRHD6YCJRPXVD5FGMJN54E4,01JTRH2NA06E2Q1MCM3RJEVV89,2025-05-08T14:09:31.084791-04:00,120,2025-05-08T14:09:31.084791-04:00,true,2025-05-08T14:15:31.278099-04:00,01JTRH2NAJ9JNXGSBSGYM1BTQB,2025-05-08T14:09:31.084791-04:00,0,2025-05-08T14:09:31.084791-04:00,true,2025-05-08T14:13:31.261022-04:00,Negotiation,2025-05-08T14:09:31.084791-04:00,01JTRHD6XYZ0FABW9PG1XY8E06,2025-05-08T14:09:31.084791-04:00,true,2025-05-08T14:13:31.255445-04:00,true,2025-05-08T14:13:31.265653-04:00,01JTRHD6YBV8RB6HQVEFJVC7ND,2025-05-08T14:09:31.084791-04:00
01JTRHD6YGBQVAXEKZMT1DF763,01JTRH2NA06E2Q1MCM3RJEVV89,2025-05-08T14:09:31.088076-04:00,120,2025-05-08T14:09:31.088076-04:00,true,2025-05-08T14:17:31.320355-04:00,01JTRH2NAJ9JNXGSBSGYM1BTQB,2025-05-08T14:09:31.088076-04:00,0,2025-05-08T14:09:31.088076-04:00,true,2025-05-08T14:15:31.307786-04:00,Negotiation,2025-05-08T14:09:31.088076-04:00,01JTRHD6XYZ0FABW9PGGHD1ZJV,2025-05-08T14:09:31.088076-04:00,true,2025-05-08T14:15:31.301999-04:00,true,2025-05-08T14:15:31.312037-04:00,01JTRHD6YEJPJSY9ZFZVAJ3M35,2025-05-08T14:09:31.088076-04:00
01JTRHD6YMZAQ3PAFQT3KENCZY,01JTRH2NA06E2Q1MCM3RJEVV89,2025-05-08T14:09:31.092259-04:00,120,2025-05-08T14:09:31.092259-04:00,true,2025-05-08T14:19:31.36889-04:00,01JTRH2NAJ9JNXGSBSGYM1BTQB,2025-05-08T14:09:31.092259-04:00,0,2025-05-08T14:09:31.092259-04:00,true,2025-05-08T14:17:31.354556-04:00,Negotiation,2025-05-08T14:09:31.092259-04:00,01JTRHD6XYZ0FABW9PH73Y0GYH,2025-05-08T14:09:31.092259-04:00,true,2025-05-08T14:17:31.349015-04:00,true,2025-05-08T14:17:31.358864-04:00,01JTRHD6YJAPG6DWAYRRJD1F27,2025-05-08T14:09:31.092259-04:00
01JTRHD6YQNNSASZSHD1GTBMEN,01JTRH2NA06E2Q1MCM3RJEVV89,2025-05-08T14:09:31.095767-04:00,120,2025-05-08T14:09:31.095767-04:00,true,2025-05-08T14:21:31.413008-04:00,01JTRH2NAJ9JNXGSBSGYM1BTQB,2025-05-08T14:09:31.095767-04:00,0,2025-05-08T14:09:31.095767-04:00,true,2025-05-08T14:19:31.397747-04:00,Negotiation,2025-05-08T14:09:31.095767-04:00,01JTRHD6XZCMESHPHC4WAB216X,2025-05-08T14:09:31.095767-04:00,true,2025-05-08T14:19:31.392413-04:00,true,2025-05-08T14:19:31.402566-04:00,01JTRHD6YP0CS24WNMGE629RMG,2025-05-08T14:09:31.095767-04:00
