id,batchID,batchIDLastChangedAt,gameID,gameIDLastChangedAt,playerID,playerIDLastChangedAt,roundID,roundIDLastChangedAt
01JVC48N0PX66X5PX1M4TW7W6C,01JVC3R6JDABC6Q4T4KJWDFD3T,2025-05-16T04:44:38.806461-04:00,01JVC3R6K06614Y63M7YNCEZTH,2025-05-16T04:44:38.806461-04:00,01JVC3SAEQGY5SCXKN4K1PNHAV,2025-05-16T04:44:38.806461-04:00,01JVC3T00PMEBN2YBFPRW7QJBR,2025-05-16T04:44:38.806461-04:00
01JVC41AHKHZAJFFAZ0MFW4411,01JVC3R6JDABC6Q4T4KJWDFD3T,2025-05-16T04:40:38.70709-04:00,01JVC3R6K06614Y63M7YNCEZTH,2025-05-16T04:40:38.70709-04:00,01JVC3SAEQGY5SCXKN4K1PNHAV,2025-05-16T04:40:38.70709-04:00,01JVC3T00PMEBN2YBFP7MGPSS9,2025-05-16T04:40:38.70709-04:00
01JVC44ZRTG1X1QEE04R4QVHHB,01JVC3R6JDABC6Q4T4KJWDFD3T,2025-05-16T04:42:38.7464-04:00,01JVC3R6K06614Y63M7YNCEZTH,2025-05-16T04:42:38.7464-04:00,01JVC3RG6NCHEMC0M5F9SPADYE,2025-05-16T04:42:38.7464-04:00,01JVC3T00PMEBN2YBFQ70QKREV,2025-05-16T04:42:38.7464-04:00
01JVC44ZRTG1X1QEE055EF0BJC,01JVC3R6JDABC6Q4T4KJWDFD3T,2025-05-16T04:42:38.746565-04:00,01JVC3R6K06614Y63M7YNCEZTH,2025-05-16T04:42:38.746565-04:00,01JVC3SAEQGY5SCXKN4K1PNHAV,2025-05-16T04:42:38.746565-04:00,01JVC3T00PMEBN2YBFQ70QKREV,2025-05-16T04:42:38.746565-04:00
01JVC3XNA3MVJVGY0T6BEKYX7T,01JVC3R6JDABC6Q4T4KJWDFD3T,2025-05-16T04:38:38.659738-04:00,01JVC3R6K06614Y63M7YNCEZTH,2025-05-16T04:38:38.659738-04:00,01JVC3SAEQGY5SCXKN4K1PNHAV,2025-05-16T04:38:38.659738-04:00,01JVC3T00PMEBN2YBFNS7J28M5,2025-05-16T04:38:38.659738-04:00
01JVC41AHJ456TA3ZDJ14TYEW0,01JVC3R6JDABC6Q4T4KJWDFD3T,2025-05-16T04:40:38.706914-04:00,01JVC3R6K06614Y63M7YNCEZTH,2025-05-16T04:40:38.706914-04:00,01JVC3RG6NCHEMC0M5F9SPADYE,2025-05-16T04:40:38.706914-04:00,01JVC3T00PMEBN2YBFP7MGPSS9,2025-05-16T04:40:38.706914-04:00
01JVC48N0PX66X5PX1MEYCT21T,01JVC3R6JDABC6Q4T4KJWDFD3T,2025-05-16T04:44:38.806565-04:00,01JVC3R6K06614Y63M7YNCEZTH,2025-05-16T04:44:38.806565-04:00,01JVC3RG6NCHEMC0M5F9SPADYE,2025-05-16T04:44:38.806565-04:00,01JVC3T00PMEBN2YBFPRW7QJBR,2025-05-16T04:44:38.806565-04:00
01JVC4CA8BKQMEJPYM06W3ZF4W,01JVC3R6JDABC6Q4T4KJWDFD3T,2025-05-16T04:46:38.859622-04:00,01JVC3R6K06614Y63M7YNCEZTH,2025-05-16T04:46:38.859622-04:00,01JVC3RG6NCHEMC0M5F9SPADYE,2025-05-16T04:46:38.859622-04:00,01JVC3T00QSZ3VEFFA8BSMD3BH,2025-05-16T04:46:38.859622-04:00
01JVC4CA8BKQMEJPYM0KZXERSG,01JVC3R6JDABC6Q4T4KJWDFD3T,2025-05-16T04:46:38.859721-04:00,01JVC3R6K06614Y63M7YNCEZTH,2025-05-16T04:46:38.859721-04:00,01JVC3SAEQGY5SCXKN4K1PNHAV,2025-05-16T04:46:38.859721-04:00,01JVC3T00QSZ3VEFFA8BSMD3BH,2025-05-16T04:46:38.859721-04:00
01JVC3T033ZVYRHW2QA2QRD6FS,01JVC3R6JDABC6Q4T4KJWDFD3T,2025-05-16T04:36:38.627528-04:00,01JVC3R6K06614Y63M7YNCEZTH,2025-05-16T04:36:38.627528-04:00,01JVC3RG6NCHEMC0M5F9SPADYE,2025-05-16T04:36:38.627528-04:00,01JVC3T00NMQ98Z1R2GJ13T4QZ,2025-05-16T04:36:38.627528-04:00
01JVC3T033ZVYRHW2QAD6BC7EW,01JVC3R6JDABC6Q4T4KJWDFD3T,2025-05-16T04:36:38.627621-04:00,01JVC3R6K06614Y63M7YNCEZTH,2025-05-16T04:36:38.627621-04:00,01JVC3SAEQGY5SCXKN4K1PNHAV,2025-05-16T04:36:38.627621-04:00,01JVC3T00NMQ98Z1R2GJ13T4QZ,2025-05-16T04:36:38.627621-04:00
01JVC3XNA3MVJVGY0T6042YA4K,01JVC3R6JDABC6Q4T4KJWDFD3T,2025-05-16T04:38:38.659653-04:00,01JVC3R6K06614Y63M7YNCEZTH,2025-05-16T04:38:38.659653-04:00,01JVC3RG6NCHEMC0M5F9SPADYE,2025-05-16T04:38:38.659653-04:00,01JVC3T00PMEBN2YBFNS7J28M5,2025-05-16T04:38:38.659653-04:00
