id,batchID,batchIDLastChangedAt,gameID,gameIDLastChangedAt,playerID,playerIDLastChangedAt,roundID,roundIDLastChangedAt,stageID,stageIDLastChangedAt
01JVC3T03BYQ3G0AQYDYBQX4JP,01JVC3R6JDABC6Q4T4KJWDFD3T,2025-05-16T04:36:38.635986-04:00,01JVC3R6K06614Y63M7YNCEZTH,2025-05-16T04:36:38.635986-04:00,01JVC3RG6NCHEMC0M5F9SPADYE,2025-05-16T04:36:38.635986-04:00,01JVC3T00NMQ98Z1R2GJ13T4QZ,2025-05-16T04:36:38.635986-04:00,01JVC3T00XYFEBZ2D8JGNKZ7W2,2025-05-16T04:36:38.635986-04:00
01JVC3XNABBSJWFXBZY3R8GQF5,01JVC3R6JDABC6Q4T4KJWDFD3T,2025-05-16T04:38:38.667561-04:00,01JVC3R6K06614Y63M7YNCEZTH,2025-05-16T04:38:38.667561-04:00,01JVC3SAEQGY5SCXKN4K1PNHAV,2025-05-16T04:38:38.667561-04:00,01JVC3T00PMEBN2YBFNS7J28M5,2025-05-16T04:38:38.667561-04:00,01JVC3T012AR1RJ6E28CV9AENC,2025-05-16T04:38:38.667561-04:00
01JVC3XNABBSJWFXBZYDRN6Q9M,01JVC3R6JDABC6Q4T4KJWDFD3T,2025-05-16T04:38:38.667655-04:00,01JVC3R6K06614Y63M7YNCEZTH,2025-05-16T04:38:38.667655-04:00,01JVC3RG6NCHEMC0M5F9SPADYE,2025-05-16T04:38:38.667655-04:00,01JVC3T00PMEBN2YBFNS7J28M5,2025-05-16T04:38:38.667655-04:00,01JVC3T012AR1RJ6E28CV9AENC,2025-05-16T04:38:38.667655-04:00
01JVC44ZS35NRS34S2BCF747JF,01JVC3R6JDABC6Q4T4KJWDFD3T,2025-05-16T04:42:38.755505-04:00,01JVC3R6K06614Y63M7YNCEZTH,2025-05-16T04:42:38.755505-04:00,01JVC3SAEQGY5SCXKN4K1PNHAV,2025-05-16T04:42:38.755505-04:00,01JVC3T00PMEBN2YBFQ70QKREV,2025-05-16T04:42:38.755505-04:00,01JVC3T019AX08NVG4K4C0R4BK,2025-05-16T04:42:38.755505-04:00
01JVC4CA8MRYSFDJFC4CM08PH3,01JVC3R6JDABC6Q4T4KJWDFD3T,2025-05-16T04:46:38.868641-04:00,01JVC3R6K06614Y63M7YNCEZTH,2025-05-16T04:46:38.868641-04:00,01JVC3RG6NCHEMC0M5F9SPADYE,2025-05-16T04:46:38.868641-04:00,01JVC3T00QSZ3VEFFA8BSMD3BH,2025-05-16T04:46:38.868641-04:00,01JVC3T01FYVDHZ26JQPRK0EZ4,2025-05-16T04:46:38.868641-04:00
01JVC4CA8MRYSFDJFC4XFTAYSV,01JVC3R6JDABC6Q4T4KJWDFD3T,2025-05-16T04:46:38.86876-04:00,01JVC3R6K06614Y63M7YNCEZTH,2025-05-16T04:46:38.86876-04:00,01JVC3SAEQGY5SCXKN4K1PNHAV,2025-05-16T04:46:38.86876-04:00,01JVC3T00QSZ3VEFFA8BSMD3BH,2025-05-16T04:46:38.86876-04:00,01JVC3T01FYVDHZ26JQPRK0EZ4,2025-05-16T04:46:38.86876-04:00
01JVC3T03C53HZ7E5FSWNVAC13,01JVC3R6JDABC6Q4T4KJWDFD3T,2025-05-16T04:36:38.636082-04:00,01JVC3R6K06614Y63M7YNCEZTH,2025-05-16T04:36:38.636082-04:00,01JVC3SAEQGY5SCXKN4K1PNHAV,2025-05-16T04:36:38.636082-04:00,01JVC3T00NMQ98Z1R2GJ13T4QZ,2025-05-16T04:36:38.636082-04:00,01JVC3T00XYFEBZ2D8JGNKZ7W2,2025-05-16T04:36:38.636082-04:00
01JVC41AHVQ76PVGAAA6XGDXNN,01JVC3R6JDABC6Q4T4KJWDFD3T,2025-05-16T04:40:38.71591-04:00,01JVC3R6K06614Y63M7YNCEZTH,2025-05-16T04:40:38.71591-04:00,01JVC3SAEQGY5SCXKN4K1PNHAV,2025-05-16T04:40:38.71591-04:00,01JVC3T00PMEBN2YBFP7MGPSS9,2025-05-16T04:40:38.71591-04:00,01JVC3T0160SJDBDBG5BH29GGM,2025-05-16T04:40:38.71591-04:00
01JVC41AHW9HWHB6QBVYWE916B,01JVC3R6JDABC6Q4T4KJWDFD3T,2025-05-16T04:40:38.71605-04:00,01JVC3R6K06614Y63M7YNCEZTH,2025-05-16T04:40:38.71605-04:00,01JVC3RG6NCHEMC0M5F9SPADYE,2025-05-16T04:40:38.71605-04:00,01JVC3T00PMEBN2YBFP7MGPSS9,2025-05-16T04:40:38.71605-04:00,01JVC3T0160SJDBDBG5BH29GGM,2025-05-16T04:40:38.71605-04:00
01JVC44ZS35NRS34S2BV57PS1Y,01JVC3R6JDABC6Q4T4KJWDFD3T,2025-05-16T04:42:38.75562-04:00,01JVC3R6K06614Y63M7YNCEZTH,2025-05-16T04:42:38.75562-04:00,01JVC3RG6NCHEMC0M5F9SPADYE,2025-05-16T04:42:38.75562-04:00,01JVC3T00PMEBN2YBFQ70QKREV,2025-05-16T04:42:38.75562-04:00,01JVC3T019AX08NVG4K4C0R4BK,2025-05-16T04:42:38.75562-04:00
01JVC48N0Z7TN78A6V0JKQV6NX,01JVC3R6JDABC6Q4T4KJWDFD3T,2025-05-16T04:44:38.815343-04:00,01JVC3R6K06614Y63M7YNCEZTH,2025-05-16T04:44:38.815343-04:00,01JVC3RG6NCHEMC0M5F9SPADYE,2025-05-16T04:44:38.815343-04:00,01JVC3T00PMEBN2YBFPRW7QJBR,2025-05-16T04:44:38.815343-04:00,01JVC3T01CKQEFYVW2AY5JGHGQ,2025-05-16T04:44:38.815343-04:00
01JVC48N0Z7TN78A6V169PS3ET,01JVC3R6JDABC6Q4T4KJWDFD3T,2025-05-16T04:44:38.815462-04:00,01JVC3R6K06614Y63M7YNCEZTH,2025-05-16T04:44:38.815462-04:00,01JVC3SAEQGY5SCXKN4K1PNHAV,2025-05-16T04:44:38.815462-04:00,01JVC3T00PMEBN2YBFPRW7QJBR,2025-05-16T04:44:38.815462-04:00,01JVC3T01CKQEFYVW2AY5JGHGQ,2025-05-16T04:44:38.815462-04:00
