id,batchID,batchIDLastChangedAt,gameID,gameIDLastChangedAt,playerID,playerIDLastChangedAt,roundID,roundIDLastChangedAt,stageID,stageIDLastChangedAt
01JTMRRBM9KMNE8S4WMGYH9TAN,01JTMRHQNKN02AEHSM508FCW7T,2025-05-07T03:00:58.633944-04:00,01JTMRHQP5313PPP06JM9T0VFY,2025-05-07T03:00:58.633944-04:00,01JTMRNS3ZP2TK6YN8TMZ8AXMB,2025-05-07T03:00:58.633944-04:00,01JTMRRBHDEW0X05T7FXQ1PK2T,2025-05-07T03:00:58.633944-04:00,01JTMRRBHQGDNGKQ7TRHTNCPXV,2025-05-07T03:00:58.633944-04:00
01JTMRW0VVZSYGZ8MC4XJ6S1C2,01JTMRHQNKN02AEHSM508FCW7T,2025-05-07T03:02:58.683334-04:00,01JTMRHQP5313PPP06JM9T0VFY,2025-05-07T03:02:58.683334-04:00,01JTMRNS3ZP2TK6YN8TMZ8AXMB,2025-05-07T03:02:58.683334-04:00,01JTMRRBHEAD372T9V20TRYJX6,2025-05-07T03:02:58.683334-04:00,01JTMRRBHTPHJ2VR26H421MBQ7,2025-05-07T03:02:58.683334-04:00
01JTMRZP370Y9JENF8JKA4A6FM,01JTMRHQNKN02AEHSM508FCW7T,2025-05-07T03:04:58.727624-04:00,01JTMRHQP5313PPP06JM9T0VFY,2025-05-07T03:04:58.727624-04:00,01JTMRNS3ZP2TK6YN8TMZ8AXMB,2025-05-07T03:04:58.727624-04:00,01JTMRRBHFKMJ6D68GBWRB9CSG,2025-05-07T03:04:58.727624-04:00,01JTMRRBHYK6CWG9S2BKQ1QWSP,2025-05-07T03:04:58.727624-04:00
01JTMS3BA8HYS832A7ND3535CZ,01JTMRHQNKN02AEHSM508FCW7T,2025-05-07T03:06:58.760795-04:00,01JTMRHQP5313PPP06JM9T0VFY,2025-05-07T03:06:58.760795-04:00,01JTMRNS3ZP2TK6YN8TMZ8AXMB,2025-05-07T03:06:58.760795-04:00,01JTMRRBHFKMJ6D68GCH3882SH,2025-05-07T03:06:58.760795-04:00,01JTMRRBJ1594YVFSBGTMTSQ5E,2025-05-07T03:06:58.760795-04:00
01JTMS3BA8HYS832A7NS3A6961,01JTMRHQNKN02AEHSM508FCW7T,2025-05-07T03:06:58.760898-04:00,01JTMRHQP5313PPP06JM9T0VFY,2025-05-07T03:06:58.760898-04:00,01JTMRJS74Z2FMS5X1N17NNJFV,2025-05-07T03:06:58.760898-04:00,01JTMRRBHFKMJ6D68GCH3882SH,2025-05-07T03:06:58.760898-04:00,01JTMRRBJ1594YVFSBGTMTSQ5E,2025-05-07T03:06:58.760898-04:00
01JTMS70HE2BRKRWENP50G2PJD,01JTMRHQNKN02AEHSM508FCW7T,2025-05-07T03:08:58.798129-04:00,01JTMRHQP5313PPP06JM9T0VFY,2025-05-07T03:08:58.798129-04:00,01JTMRJS74Z2FMS5X1N17NNJFV,2025-05-07T03:08:58.798129-04:00,01JTMRRBHGKXB154WD10K64EAJ,2025-05-07T03:08:58.798129-04:00,01JTMRRBJ4XWCWRQ368F7FMZKE,2025-05-07T03:08:58.798129-04:00
01JTMSANRHBTBSQD04M8JSY8D8,01JTMRHQNKN02AEHSM508FCW7T,2025-05-07T03:10:58.833146-04:00,01JTMRHQP5313PPP06JM9T0VFY,2025-05-07T03:10:58.833146-04:00,01JTMRNS3ZP2TK6YN8TMZ8AXMB,2025-05-07T03:10:58.833146-04:00,01JTMRRBHGKXB154WD1JFMPFS4,2025-05-07T03:10:58.833146-04:00,01JTMRRBJ8SX4PN3F907VAA0JR,2025-05-07T03:10:58.833146-04:00
01JTMSANRHBTBSQD04MRMS1VJV,01JTMRHQNKN02AEHSM508FCW7T,2025-05-07T03:10:58.833306-04:00,01JTMRHQP5313PPP06JM9T0VFY,2025-05-07T03:10:58.833306-04:00,01JTMRJS74Z2FMS5X1N17NNJFV,2025-05-07T03:10:58.833306-04:00,01JTMRRBHGKXB154WD1JFMPFS4,2025-05-07T03:10:58.833306-04:00,01JTMRRBJ8SX4PN3F907VAA0JR,2025-05-07T03:10:58.833306-04:00
01JTMRRBMA9R2BMHYDX61477P9,01JTMRHQNKN02AEHSM508FCW7T,2025-05-07T03:00:58.63405-04:00,01JTMRHQP5313PPP06JM9T0VFY,2025-05-07T03:00:58.63405-04:00,01JTMRJS74Z2FMS5X1N17NNJFV,2025-05-07T03:00:58.63405-04:00,01JTMRRBHDEW0X05T7FXQ1PK2T,2025-05-07T03:00:58.63405-04:00,01JTMRRBHQGDNGKQ7TRHTNCPXV,2025-05-07T03:00:58.63405-04:00
01JTMRW0VVZSYGZ8MC5BG33CQQ,01JTMRHQNKN02AEHSM508FCW7T,2025-05-07T03:02:58.683449-04:00,01JTMRHQP5313PPP06JM9T0VFY,2025-05-07T03:02:58.683449-04:00,01JTMRJS74Z2FMS5X1N17NNJFV,2025-05-07T03:02:58.683449-04:00,01JTMRRBHEAD372T9V20TRYJX6,2025-05-07T03:02:58.683449-04:00,01JTMRRBHTPHJ2VR26H421MBQ7,2025-05-07T03:02:58.683449-04:00
01JTMRZP370Y9JENF8JZYF6SCJ,01JTMRHQNKN02AEHSM508FCW7T,2025-05-07T03:04:58.727748-04:00,01JTMRHQP5313PPP06JM9T0VFY,2025-05-07T03:04:58.727748-04:00,01JTMRJS74Z2FMS5X1N17NNJFV,2025-05-07T03:04:58.727748-04:00,01JTMRRBHFKMJ6D68GBWRB9CSG,2025-05-07T03:04:58.727748-04:00,01JTMRRBHYK6CWG9S2BKQ1QWSP,2025-05-07T03:04:58.727748-04:00
01JTMS70HE2BRKRWENPG1TSDHK,01JTMRHQNKN02AEHSM508FCW7T,2025-05-07T03:08:58.798216-04:00,01JTMRHQP5313PPP06JM9T0VFY,2025-05-07T03:08:58.798216-04:00,01JTMRNS3ZP2TK6YN8TMZ8AXMB,2025-05-07T03:08:58.798216-04:00,01JTMRRBHGKXB154WD10K64EAJ,2025-05-07T03:08:58.798216-04:00,01JTMRRBJ4XWCWRQ368F7FMZKE,2025-05-07T03:08:58.798216-04:00
