id,batchID,batchIDLastChangedAt,gameID,gameIDLastChangedAt,playerID,playerIDLastChangedAt,roundID,roundIDLastChangedAt
01JTMS3BA009W2ZF58T5PZ6TRC,01JTMRHQNKN02AEHSM508FCW7T,2025-05-07T03:06:58.752361-04:00,01JTMRHQP5313PPP06JM9T0VFY,2025-05-07T03:06:58.752361-04:00,01JTMRNS3ZP2TK6YN8TMZ8AXMB,2025-05-07T03:06:58.752361-04:00,01JTMRRBHFKMJ6D68GCH3882SH,2025-05-07T03:06:58.752361-04:00
01JTMS70H6VQZR2QR1G8611QQ2,01JTMRHQNKN02AEHSM508FCW7T,2025-05-07T03:08:58.790248-04:00,01JTMRHQP5313PPP06JM9T0VFY,2025-05-07T03:08:58.790248-04:00,01JTMRJS74Z2FMS5X1N17NNJFV,2025-05-07T03:08:58.790248-04:00,01JTMRRBHGKXB154WD10K64EAJ,2025-05-07T03:08:58.790248-04:00
01JTMRRBM1KKQZJKYWVK2JE709,01JTMRHQNKN02AEHSM508FCW7T,2025-05-07T03:00:58.625521-04:00,01JTMRHQP5313PPP06JM9T0VFY,2025-05-07T03:00:58.625521-04:00,01JTMRJS74Z2FMS5X1N17NNJFV,2025-05-07T03:00:58.625521-04:00,01JTMRRBHDEW0X05T7FXQ1PK2T,2025-05-07T03:00:58.625521-04:00
01JTMRZP2Y48NPF37XK9MHQ1VG,01JTMRHQNKN02AEHSM508FCW7T,2025-05-07T03:04:58.718441-04:00,01JTMRHQP5313PPP06JM9T0VFY,2025-05-07T03:04:58.718441-04:00,01JTMRNS3ZP2TK6YN8TMZ8AXMB,2025-05-07T03:04:58.718441-04:00,01JTMRRBHFKMJ6D68GBWRB9CSG,2025-05-07T03:04:58.718441-04:00
01JTMRZP2Y48NPF37XKKY50J9Z,01JTMRHQNKN02AEHSM508FCW7T,2025-05-07T03:04:58.718563-04:00,01JTMRHQP5313PPP06JM9T0VFY,2025-05-07T03:04:58.718563-04:00,01JTMRJS74Z2FMS5X1N17NNJFV,2025-05-07T03:04:58.718563-04:00,01JTMRRBHFKMJ6D68GBWRB9CSG,2025-05-07T03:04:58.718563-04:00
01JTMS3BA009W2ZF58TD1FV1C1,01JTMRHQNKN02AEHSM508FCW7T,2025-05-07T03:06:58.752474-04:00,01JTMRHQP5313PPP06JM9T0VFY,2025-05-07T03:06:58.752474-04:00,01JTMRJS74Z2FMS5X1N17NNJFV,2025-05-07T03:06:58.752474-04:00,01JTMRRBHFKMJ6D68GCH3882SH,2025-05-07T03:06:58.752474-04:00
01JTMS70H6VQZR2QR1FY058VMA,01JTMRHQNKN02AEHSM508FCW7T,2025-05-07T03:08:58.790138-04:00,01JTMRHQP5313PPP06JM9T0VFY,2025-05-07T03:08:58.790138-04:00,01JTMRNS3ZP2TK6YN8TMZ8AXMB,2025-05-07T03:08:58.790138-04:00,01JTMRRBHGKXB154WD10K64EAJ,2025-05-07T03:08:58.790138-04:00
01JTMSANR93Z6NAETTJKEMYCYT,01JTMRHQNKN02AEHSM508FCW7T,2025-05-07T03:10:58.825679-04:00,01JTMRHQP5313PPP06JM9T0VFY,2025-05-07T03:10:58.825679-04:00,01JTMRNS3ZP2TK6YN8TMZ8AXMB,2025-05-07T03:10:58.825679-04:00,01JTMRRBHGKXB154WD1JFMPFS4,2025-05-07T03:10:58.825679-04:00
01JTMSANR93Z6NAETTJVQ6EXSF,01JTMRHQNKN02AEHSM508FCW7T,2025-05-07T03:10:58.825807-04:00,01JTMRHQP5313PPP06JM9T0VFY,2025-05-07T03:10:58.825807-04:00,01JTMRJS74Z2FMS5X1N17NNJFV,2025-05-07T03:10:58.825807-04:00,01JTMRRBHGKXB154WD1JFMPFS4,2025-05-07T03:10:58.825807-04:00
01JTMRRBM1KKQZJKYWVVRDG9PB,01JTMRHQNKN02AEHSM508FCW7T,2025-05-07T03:00:58.625612-04:00,01JTMRHQP5313PPP06JM9T0VFY,2025-05-07T03:00:58.625612-04:00,01JTMRNS3ZP2TK6YN8TMZ8AXMB,2025-05-07T03:00:58.625612-04:00,01JTMRRBHDEW0X05T7FXQ1PK2T,2025-05-07T03:00:58.625612-04:00
01JTMRW0VHQF5PWZGEJWGGMQAF,01JTMRHQNKN02AEHSM508FCW7T,2025-05-07T03:02:58.673757-04:00,01JTMRHQP5313PPP06JM9T0VFY,2025-05-07T03:02:58.673757-04:00,01JTMRNS3ZP2TK6YN8TMZ8AXMB,2025-05-07T03:02:58.673757-04:00,01JTMRRBHEAD372T9V20TRYJX6,2025-05-07T03:02:58.673757-04:00
01JTMRW0VHQF5PWZGEK4MHVP62,01JTMRHQNKN02AEHSM508FCW7T,2025-05-07T03:02:58.673884-04:00,01JTMRHQP5313PPP06JM9T0VFY,2025-05-07T03:02:58.673884-04:00,01JTMRJS74Z2FMS5X1N17NNJFV,2025-05-07T03:02:58.673884-04:00,01JTMRRBHEAD372T9V20TRYJX6,2025-05-07T03:02:58.673884-04:00
