id,batchID,batchIDLastChangedAt,gameID,gameIDLastChangedAt,playerID,playerIDLastChangedAt,roundID,roundIDLastChangedAt
01JV3WXEME5GX9GNXA6QW472HP,01JV3WVQHGKWRE08H904501QJF,2025-05-13T00:02:16.334888-04:00,01JV3WVQHSJE59XV591BSKFKK7,2025-05-13T00:02:16.334888-04:00,01JV3WWRQM7G4FH9QFZREYZHR4,2025-05-13T00:02:16.334888-04:00,01JV3WXEJB88FJFTNGH8F57NM0,2025-05-13T00:02:16.334888-04:00
01JV3X13VD74MMXNF5WS6K7GTA,01JV3WVQHGKWRE08H904501QJF,2025-05-13T00:04:16.365339-04:00,01JV3WVQHSJE59XV591BSKFKK7,2025-05-13T00:04:16.365339-04:00,01JV3WVY013XW15KHJ4VW7Z5SC,2025-05-13T00:04:16.365339-04:00,01JV3WXEJB88FJFTNGHSZTT8GQ,2025-05-13T00:04:16.365339-04:00
01JV3X13VD74MMXNF5X1MEFCBM,01JV3WVQHGKWRE08H904501QJF,2025-05-13T00:04:16.36557-04:00,01JV3WVQHSJE59XV591BSKFKK7,2025-05-13T00:04:16.36557-04:00,01JV3WWRQM7G4FH9QFZREYZHR4,2025-05-13T00:04:16.36557-04:00,01JV3WXEJB88FJFTNGHSZTT8GQ,2025-05-13T00:04:16.36557-04:00
01JV3X4S27A1NYM3A4A7MJ0DXV,01JV3WVQHGKWRE08H904501QJF,2025-05-13T00:06:16.391026-04:00,01JV3WVQHSJE59XV591BSKFKK7,2025-05-13T00:06:16.391026-04:00,01JV3WWRQM7G4FH9QFZREYZHR4,2025-05-13T00:06:16.391026-04:00,01JV3WXEJB88FJFTNGJYC1HF3W,2025-05-13T00:06:16.391026-04:00
01JV3X4S27A1NYM3A4AM4HBK2W,01JV3WVQHGKWRE08H904501QJF,2025-05-13T00:06:16.391128-04:00,01JV3WVQHSJE59XV591BSKFKK7,2025-05-13T00:06:16.391128-04:00,01JV3WVY013XW15KHJ4VW7Z5SC,2025-05-13T00:06:16.391128-04:00,01JV3WXEJB88FJFTNGJYC1HF3W,2025-05-13T00:06:16.391128-04:00
01JV3X8E8ZJYMZ9XJ4F4B4VM35,01JV3WVQHGKWRE08H904501QJF,2025-05-13T00:08:16.415039-04:00,01JV3WVQHSJE59XV591BSKFKK7,2025-05-13T00:08:16.415039-04:00,01JV3WVY013XW15KHJ4VW7Z5SC,2025-05-13T00:08:16.415039-04:00,01JV3WXEJB88FJFTNGJD02J8EJ,2025-05-13T00:08:16.415039-04:00
01JV3XFRPGPMYET1NN6TBTHWBM,01JV3WVQHGKWRE08H904501QJF,2025-05-13T00:12:16.464923-04:00,01JV3WVQHSJE59XV591BSKFKK7,2025-05-13T00:12:16.464923-04:00,01JV3WWRQM7G4FH9QFZREYZHR4,2025-05-13T00:12:16.464923-04:00,01JV3WXEJCB1S0G6GMG76Z7E5Y,2025-05-13T00:12:16.464923-04:00
01JV3WXEME5GX9GNXA6B6FQ8JE,01JV3WVQHGKWRE08H904501QJF,2025-05-13T00:02:16.334799-04:00,01JV3WVQHSJE59XV591BSKFKK7,2025-05-13T00:02:16.334799-04:00,01JV3WVY013XW15KHJ4VW7Z5SC,2025-05-13T00:02:16.334799-04:00,01JV3WXEJB88FJFTNGH8F57NM0,2025-05-13T00:02:16.334799-04:00
01JV3XC3FPBEA9M0E5T6VWC96P,01JV3WVQHGKWRE08H904501QJF,2025-05-13T00:10:16.438345-04:00,01JV3WVQHSJE59XV591BSKFKK7,2025-05-13T00:10:16.438345-04:00,01JV3WWRQM7G4FH9QFZREYZHR4,2025-05-13T00:10:16.438345-04:00,01JV3WXEJCB1S0G6GMFMGATEP5,2025-05-13T00:10:16.438345-04:00
01JV3XC3FPBEA9M0E5TANWXKEP,01JV3WVQHGKWRE08H904501QJF,2025-05-13T00:10:16.438465-04:00,01JV3WVQHSJE59XV591BSKFKK7,2025-05-13T00:10:16.438465-04:00,01JV3WVY013XW15KHJ4VW7Z5SC,2025-05-13T00:10:16.438465-04:00,01JV3WXEJCB1S0G6GMFMGATEP5,2025-05-13T00:10:16.438465-04:00
01JV3XFRPGPMYET1NN6JMCX106,01JV3WVQHGKWRE08H904501QJF,2025-05-13T00:12:16.464856-04:00,01JV3WVQHSJE59XV591BSKFKK7,2025-05-13T00:12:16.464856-04:00,01JV3WVY013XW15KHJ4VW7Z5SC,2025-05-13T00:12:16.464856-04:00,01JV3WXEJCB1S0G6GMG76Z7E5Y,2025-05-13T00:12:16.464856-04:00
01JV3X8E8ZJYMZ9XJ4FB2ZPKNG,01JV3WVQHGKWRE08H904501QJF,2025-05-13T00:08:16.415146-04:00,01JV3WVQHSJE59XV591BSKFKK7,2025-05-13T00:08:16.415146-04:00,01JV3WWRQM7G4FH9QFZREYZHR4,2025-05-13T00:08:16.415146-04:00,01JV3WXEJB88FJFTNGJD02J8EJ,2025-05-13T00:08:16.415146-04:00
