id,batchID,batchIDLastChangedAt,gameID,gameIDLastChangedAt,playerID,playerIDLastChangedAt,roundID,roundIDLastChangedAt,stageID,stageIDLastChangedAt
01JV3X4S2D9VKZR5DT8TZ24G3W,01JV3WVQHGKWRE08H904501QJF,2025-05-13T00:06:16.397068-04:00,01JV3WVQHSJE59XV591BSKFKK7,2025-05-13T00:06:16.397068-04:00,01JV3WVY013XW15KHJ4VW7Z5SC,2025-05-13T00:06:16.397068-04:00,01JV3WXEJB88FJFTNGJYC1HF3W,2025-05-13T00:06:16.397068-04:00,01JV3WXEJPW3399VBAZES273SY,2025-05-13T00:06:16.397068-04:00
01JV3X8E95EHRFYPR3A5Y579FW,01JV3WVQHGKWRE08H904501QJF,2025-05-13T00:08:16.421031-04:00,01JV3WVQHSJE59XV591BSKFKK7,2025-05-13T00:08:16.421031-04:00,01JV3WWRQM7G4FH9QFZREYZHR4,2025-05-13T00:08:16.421031-04:00,01JV3WXEJB88FJFTNGJD02J8EJ,2025-05-13T00:08:16.421031-04:00,01JV3WXEJSHQMYKQBAEKPJJB39,2025-05-13T00:08:16.421031-04:00
01JV3X8E95EHRFYPR3AM29GSNP,01JV3WVQHGKWRE08H904501QJF,2025-05-13T00:08:16.421145-04:00,01JV3WVQHSJE59XV591BSKFKK7,2025-05-13T00:08:16.421145-04:00,01JV3WVY013XW15KHJ4VW7Z5SC,2025-05-13T00:08:16.421145-04:00,01JV3WXEJB88FJFTNGJD02J8EJ,2025-05-13T00:08:16.421145-04:00,01JV3WXEJSHQMYKQBAEKPJJB39,2025-05-13T00:08:16.421145-04:00
01JV3X13VMPV6E8EF1989R480B,01JV3WVQHGKWRE08H904501QJF,2025-05-13T00:04:16.372603-04:00,01JV3WVQHSJE59XV591BSKFKK7,2025-05-13T00:04:16.372603-04:00,01JV3WVY013XW15KHJ4VW7Z5SC,2025-05-13T00:04:16.372603-04:00,01JV3WXEJB88FJFTNGHSZTT8GQ,2025-05-13T00:04:16.372603-04:00,01JV3WXEJK6185GBY9J4RD4JCN,2025-05-13T00:04:16.372603-04:00
01JV3WXEMPD7A9MATVP3EX5Z6K,01JV3WVQHGKWRE08H904501QJF,2025-05-13T00:02:16.342785-04:00,01JV3WVQHSJE59XV591BSKFKK7,2025-05-13T00:02:16.342785-04:00,01JV3WVY013XW15KHJ4VW7Z5SC,2025-05-13T00:02:16.342785-04:00,01JV3WXEJB88FJFTNGH8F57NM0,2025-05-13T00:02:16.342785-04:00,01JV3WXEJG7QZ8YVN0HB30G2YC,2025-05-13T00:02:16.342785-04:00
01JV3X13VMPV6E8EF19GBT5MYH,01JV3WVQHGKWRE08H904501QJF,2025-05-13T00:04:16.372691-04:00,01JV3WVQHSJE59XV591BSKFKK7,2025-05-13T00:04:16.372691-04:00,01JV3WWRQM7G4FH9QFZREYZHR4,2025-05-13T00:04:16.372691-04:00,01JV3WXEJB88FJFTNGHSZTT8GQ,2025-05-13T00:04:16.372691-04:00,01JV3WXEJK6185GBY9J4RD4JCN,2025-05-13T00:04:16.372691-04:00
01JV3X4S2CP978DAMVYCHYB2EZ,01JV3WVQHGKWRE08H904501QJF,2025-05-13T00:06:16.396983-04:00,01JV3WVQHSJE59XV591BSKFKK7,2025-05-13T00:06:16.396983-04:00,01JV3WWRQM7G4FH9QFZREYZHR4,2025-05-13T00:06:16.396983-04:00,01JV3WXEJB88FJFTNGJYC1HF3W,2025-05-13T00:06:16.396983-04:00,01JV3WXEJPW3399VBAZES273SY,2025-05-13T00:06:16.396983-04:00
01JV3XC3FWDNPQT1BW9GAFVM8T,01JV3WVQHGKWRE08H904501QJF,2025-05-13T00:10:16.444426-04:00,01JV3WVQHSJE59XV591BSKFKK7,2025-05-13T00:10:16.444426-04:00,01JV3WVY013XW15KHJ4VW7Z5SC,2025-05-13T00:10:16.444426-04:00,01JV3WXEJCB1S0G6GMFMGATEP5,2025-05-13T00:10:16.444426-04:00,01JV3WXEJWG45MPMD55EQZ2SV5,2025-05-13T00:10:16.444426-04:00
01JV3XC3FWDNPQT1BW9WP46YCM,01JV3WVQHGKWRE08H904501QJF,2025-05-13T00:10:16.444525-04:00,01JV3WVQHSJE59XV591BSKFKK7,2025-05-13T00:10:16.444525-04:00,01JV3WWRQM7G4FH9QFZREYZHR4,2025-05-13T00:10:16.444525-04:00,01JV3WXEJCB1S0G6GMFMGATEP5,2025-05-13T00:10:16.444525-04:00,01JV3WXEJWG45MPMD55EQZ2SV5,2025-05-13T00:10:16.444525-04:00
01JV3XFRPPNJF4GETE7962AJ5P,01JV3WVQHGKWRE08H904501QJF,2025-05-13T00:12:16.470423-04:00,01JV3WVQHSJE59XV591BSKFKK7,2025-05-13T00:12:16.470423-04:00,01JV3WVY013XW15KHJ4VW7Z5SC,2025-05-13T00:12:16.470423-04:00,01JV3WXEJCB1S0G6GMG76Z7E5Y,2025-05-13T00:12:16.470423-04:00,01JV3WXEJZK073KZ7VFEK3S4HY,2025-05-13T00:12:16.470423-04:00
01JV3XFRPPNJF4GETE7MJW9XXT,01JV3WVQHGKWRE08H904501QJF,2025-05-13T00:12:16.470504-04:00,01JV3WVQHSJE59XV591BSKFKK7,2025-05-13T00:12:16.470504-04:00,01JV3WWRQM7G4FH9QFZREYZHR4,2025-05-13T00:12:16.470504-04:00,01JV3WXEJCB1S0G6GMG76Z7E5Y,2025-05-13T00:12:16.470504-04:00,01JV3WXEJZK073KZ7VFEK3S4HY,2025-05-13T00:12:16.470504-04:00
01JV3WXEMPD7A9MATVNKE89A43,01JV3WVQHGKWRE08H904501QJF,2025-05-13T00:02:16.342681-04:00,01JV3WVQHSJE59XV591BSKFKK7,2025-05-13T00:02:16.342681-04:00,01JV3WWRQM7G4FH9QFZREYZHR4,2025-05-13T00:02:16.342681-04:00,01JV3WXEJB88FJFTNGH8F57NM0,2025-05-13T00:02:16.342681-04:00,01JV3WXEJG7QZ8YVN0HB30G2YC,2025-05-13T00:02:16.342681-04:00
