id,batchID,batchIDLastChangedAt,gameID,gameIDLastChangedAt,playerID,playerIDLastChangedAt,roundID,roundIDLastChangedAt
01JTW2SZSWD91SRD3GKGFQNCJ3,01JTW2AAG2JKF6VB1BW1A5P8R8,2025-05-09T23:11:18.844084-04:00,01JTW2AAGJW2X3S5QPS3FEEJQW,2025-05-09T23:11:18.844084-04:00,01JTW2CS3DJZD8QKW7XCKZQD09,2025-05-09T23:11:18.844084-04:00,01JTW2F01D9935Q8PG7ZGSAVYR,2025-05-09T23:11:18.844084-04:00
01JTW2XN177R09W095ACPSPD9A,01JTW2AAG2JKF6VB1BW1A5P8R8,2025-05-09T23:13:18.887077-04:00,01JTW2AAGJW2X3S5QPS3FEEJQW,2025-05-09T23:13:18.887077-04:00,01JTW2CS3DJZD8QKW7XCKZQD09,2025-05-09T23:13:18.887077-04:00,01JTW2F01D9935Q8PG8G05EK6Y,2025-05-09T23:13:18.887077-04:00
01JTW2F03ZBP72V1C5ZSVVVZD3,01JTW2AAG2JKF6VB1BW1A5P8R8,2025-05-09T23:05:18.719661-04:00,01JTW2AAGJW2X3S5QPS3FEEJQW,2025-05-09T23:05:18.719661-04:00,01JTW2CS3DJZD8QKW7XCKZQD09,2025-05-09T23:05:18.719661-04:00,01JTW2F01CQ9HWYXHTYN4V4YJS,2025-05-09T23:05:18.719661-04:00
01JTW2PAJK8ZFT04WSVM04BE4E,01JTW2AAG2JKF6VB1BW1A5P8R8,2025-05-09T23:09:18.803489-04:00,01JTW2AAGJW2X3S5QPS3FEEJQW,2025-05-09T23:09:18.803489-04:00,01JTW2CS3DJZD8QKW7XCKZQD09,2025-05-09T23:09:18.803489-04:00,01JTW2F01D9935Q8PG7BTFQF87,2025-05-09T23:09:18.803489-04:00
01JTW2JNB90B6W042Z67ED63SH,01JTW2AAG2JKF6VB1BW1A5P8R8,2025-05-09T23:07:18.761334-04:00,01JTW2AAGJW2X3S5QPS3FEEJQW,2025-05-09T23:07:18.761334-04:00,01JTW2CS3DJZD8QKW7XCKZQD09,2025-05-09T23:07:18.761334-04:00,01JTW2F01CQ9HWYXHTZ8Y9E5NZ,2025-05-09T23:07:18.761334-04:00
01JTW2PAJK8ZFT04WSV9SCJ5KA,01JTW2AAG2JKF6VB1BW1A5P8R8,2025-05-09T23:09:18.803356-04:00,01JTW2AAGJW2X3S5QPS3FEEJQW,2025-05-09T23:09:18.803356-04:00,01JTW2CHAFPG22P5BRR29B5K3F,2025-05-09T23:09:18.803356-04:00,01JTW2F01D9935Q8PG7BTFQF87,2025-05-09T23:09:18.803356-04:00
01JTW2SZSVG77VXFX2DPJRK8F6,01JTW2AAG2JKF6VB1BW1A5P8R8,2025-05-09T23:11:18.843961-04:00,01JTW2AAGJW2X3S5QPS3FEEJQW,2025-05-09T23:11:18.843961-04:00,01JTW2CHAFPG22P5BRR29B5K3F,2025-05-09T23:11:18.843961-04:00,01JTW2F01D9935Q8PG7ZGSAVYR,2025-05-09T23:11:18.843961-04:00
01JTW2XN177R09W095AJCKQ7YZ,01JTW2AAG2JKF6VB1BW1A5P8R8,2025-05-09T23:13:18.887186-04:00,01JTW2AAGJW2X3S5QPS3FEEJQW,2025-05-09T23:13:18.887186-04:00,01JTW2CHAFPG22P5BRR29B5K3F,2025-05-09T23:13:18.887186-04:00,01JTW2F01D9935Q8PG8G05EK6Y,2025-05-09T23:13:18.887186-04:00
01JTW31A8EDB17EPKEAR7GYM27,01JTW2AAG2JKF6VB1BW1A5P8R8,2025-05-09T23:15:18.926386-04:00,01JTW2AAGJW2X3S5QPS3FEEJQW,2025-05-09T23:15:18.926386-04:00,01JTW2CHAFPG22P5BRR29B5K3F,2025-05-09T23:15:18.926386-04:00,01JTW2F01EDTWKCWXFJ5RV6XGK,2025-05-09T23:15:18.926386-04:00
01JTW31A8EDB17EPKEAX43ERN9,01JTW2AAG2JKF6VB1BW1A5P8R8,2025-05-09T23:15:18.926519-04:00,01JTW2AAGJW2X3S5QPS3FEEJQW,2025-05-09T23:15:18.926519-04:00,01JTW2CS3DJZD8QKW7XCKZQD09,2025-05-09T23:15:18.926519-04:00,01JTW2F01EDTWKCWXFJ5RV6XGK,2025-05-09T23:15:18.926519-04:00
01JTW2F03ZBP72V1C5ZXGD3JFY,01JTW2AAG2JKF6VB1BW1A5P8R8,2025-05-09T23:05:18.719762-04:00,01JTW2AAGJW2X3S5QPS3FEEJQW,2025-05-09T23:05:18.719762-04:00,01JTW2CHAFPG22P5BRR29B5K3F,2025-05-09T23:05:18.719762-04:00,01JTW2F01CQ9HWYXHTYN4V4YJS,2025-05-09T23:05:18.719762-04:00
01JTW2JNB90B6W042Z61ZGXNWV,01JTW2AAG2JKF6VB1BW1A5P8R8,2025-05-09T23:07:18.76123-04:00,01JTW2AAGJW2X3S5QPS3FEEJQW,2025-05-09T23:07:18.76123-04:00,01JTW2CHAFPG22P5BRR29B5K3F,2025-05-09T23:07:18.76123-04:00,01JTW2F01CQ9HWYXHTZ8Y9E5NZ,2025-05-09T23:07:18.76123-04:00
