id,batchID,batchIDLastChangedAt,gameID,gameIDLastChangedAt,playerID,playerIDLastChangedAt,roundID,roundIDLastChangedAt,stageID,stageIDLastChangedAt
01JTW2JNBH7K9M4C6Z2WW6NWVP,01JTW2AAG2JKF6VB1BW1A5P8R8,2025-05-09T23:07:18.769093-04:00,01JTW2AAGJW2X3S5QPS3FEEJQW,2025-05-09T23:07:18.769093-04:00,01JTW2CHAFPG22P5BRR29B5K3F,2025-05-09T23:07:18.769093-04:00,01JTW2F01CQ9HWYXHTZ8Y9E5NZ,2025-05-09T23:07:18.769093-04:00,01JTW2F01QQ3GT8RMVAA6WG58X,2025-05-09T23:07:18.769093-04:00
01JTW2JNBH7K9M4C6Z3AQNHJ44,01JTW2AAG2JKF6VB1BW1A5P8R8,2025-05-09T23:07:18.769194-04:00,01JTW2AAGJW2X3S5QPS3FEEJQW,2025-05-09T23:07:18.769194-04:00,01JTW2CS3DJZD8QKW7XCKZQD09,2025-05-09T23:07:18.769194-04:00,01JTW2F01CQ9HWYXHTZ8Y9E5NZ,2025-05-09T23:07:18.769194-04:00,01JTW2F01QQ3GT8RMVAA6WG58X,2025-05-09T23:07:18.769194-04:00
01JTW2SZT4YHCR8PZW1HQHHGY3,01JTW2AAG2JKF6VB1BW1A5P8R8,2025-05-09T23:11:18.852502-04:00,01JTW2AAGJW2X3S5QPS3FEEJQW,2025-05-09T23:11:18.852502-04:00,01JTW2CS3DJZD8QKW7XCKZQD09,2025-05-09T23:11:18.852502-04:00,01JTW2F01D9935Q8PG7ZGSAVYR,2025-05-09T23:11:18.852502-04:00,01JTW2F01YCV8MW96J83T74TYQ,2025-05-09T23:11:18.852502-04:00
01JTW2XN1G5KMT92TNND73ER2M,01JTW2AAG2JKF6VB1BW1A5P8R8,2025-05-09T23:13:18.896117-04:00,01JTW2AAGJW2X3S5QPS3FEEJQW,2025-05-09T23:13:18.896117-04:00,01JTW2CHAFPG22P5BRR29B5K3F,2025-05-09T23:13:18.896117-04:00,01JTW2F01D9935Q8PG8G05EK6Y,2025-05-09T23:13:18.896117-04:00,01JTW2F022XGTGXR2PKNKNEAJ3,2025-05-09T23:13:18.896117-04:00
01JTW31A8PZTE1CJ2WSF20B4JR,01JTW2AAG2JKF6VB1BW1A5P8R8,2025-05-09T23:15:18.934756-04:00,01JTW2AAGJW2X3S5QPS3FEEJQW,2025-05-09T23:15:18.934756-04:00,01JTW2CS3DJZD8QKW7XCKZQD09,2025-05-09T23:15:18.934756-04:00,01JTW2F01EDTWKCWXFJ5RV6XGK,2025-05-09T23:15:18.934756-04:00,01JTW2F0251MNH33HRS1GFQW1Z,2025-05-09T23:15:18.934756-04:00
01JTW31A8PZTE1CJ2WSZGW9QJD,01JTW2AAG2JKF6VB1BW1A5P8R8,2025-05-09T23:15:18.934858-04:00,01JTW2AAGJW2X3S5QPS3FEEJQW,2025-05-09T23:15:18.934858-04:00,01JTW2CHAFPG22P5BRR29B5K3F,2025-05-09T23:15:18.934858-04:00,01JTW2F01EDTWKCWXFJ5RV6XGK,2025-05-09T23:15:18.934858-04:00,01JTW2F0251MNH33HRS1GFQW1Z,2025-05-09T23:15:18.934858-04:00
01JTW2F048EXBKTD0E1R31FEVZ,01JTW2AAG2JKF6VB1BW1A5P8R8,2025-05-09T23:05:18.728216-04:00,01JTW2AAGJW2X3S5QPS3FEEJQW,2025-05-09T23:05:18.728216-04:00,01JTW2CS3DJZD8QKW7XCKZQD09,2025-05-09T23:05:18.728216-04:00,01JTW2F01CQ9HWYXHTYN4V4YJS,2025-05-09T23:05:18.728216-04:00,01JTW2F01MJP46FZ88A8ARFJQ4,2025-05-09T23:05:18.728216-04:00
01JTW2F048EXBKTD0E22SBMGJF,01JTW2AAG2JKF6VB1BW1A5P8R8,2025-05-09T23:05:18.728309-04:00,01JTW2AAGJW2X3S5QPS3FEEJQW,2025-05-09T23:05:18.728309-04:00,01JTW2CHAFPG22P5BRR29B5K3F,2025-05-09T23:05:18.728309-04:00,01JTW2F01CQ9HWYXHTYN4V4YJS,2025-05-09T23:05:18.728309-04:00,01JTW2F01MJP46FZ88A8ARFJQ4,2025-05-09T23:05:18.728309-04:00
01JTW2PAJWGDNMVTE532QFN7K7,01JTW2AAG2JKF6VB1BW1A5P8R8,2025-05-09T23:09:18.812038-04:00,01JTW2AAGJW2X3S5QPS3FEEJQW,2025-05-09T23:09:18.812038-04:00,01JTW2CS3DJZD8QKW7XCKZQD09,2025-05-09T23:09:18.812038-04:00,01JTW2F01D9935Q8PG7BTFQF87,2025-05-09T23:09:18.812038-04:00,01JTW2F01VVV7YYNKYF6DTWY63,2025-05-09T23:09:18.812038-04:00
01JTW2PAJWGDNMVTE53E9P0T23,01JTW2AAG2JKF6VB1BW1A5P8R8,2025-05-09T23:09:18.812133-04:00,01JTW2AAGJW2X3S5QPS3FEEJQW,2025-05-09T23:09:18.812133-04:00,01JTW2CHAFPG22P5BRR29B5K3F,2025-05-09T23:09:18.812133-04:00,01JTW2F01D9935Q8PG7BTFQF87,2025-05-09T23:09:18.812133-04:00,01JTW2F01VVV7YYNKYF6DTWY63,2025-05-09T23:09:18.812133-04:00
01JTW2SZT4YHCR8PZW1RVRFF7P,01JTW2AAG2JKF6VB1BW1A5P8R8,2025-05-09T23:11:18.852617-04:00,01JTW2AAGJW2X3S5QPS3FEEJQW,2025-05-09T23:11:18.852617-04:00,01JTW2CHAFPG22P5BRR29B5K3F,2025-05-09T23:11:18.852617-04:00,01JTW2F01D9935Q8PG7ZGSAVYR,2025-05-09T23:11:18.852617-04:00,01JTW2F01YCV8MW96J83T74TYQ,2025-05-09T23:11:18.852617-04:00
01JTW2XN1G5KMT92TNMZV61M3Q,01JTW2AAG2JKF6VB1BW1A5P8R8,2025-05-09T23:13:18.89602-04:00,01JTW2AAGJW2X3S5QPS3FEEJQW,2025-05-09T23:13:18.89602-04:00,01JTW2CS3DJZD8QKW7XCKZQD09,2025-05-09T23:13:18.89602-04:00,01JTW2F01D9935Q8PG8G05EK6Y,2025-05-09T23:13:18.89602-04:00,01JTW2F022XGTGXR2PKNKNEAJ3,2025-05-09T23:13:18.89602-04:00
