id,batchID,batchIDLastChangedAt,gameID,gameIDLastChangedAt,playerID,playerIDLastChangedAt,roundID,roundIDLastChangedAt,stageID,stageIDLastChangedAt,submit,submitLastChangedAt
01JV44WT8EMQB5N85S55PRG6VA,01JV44AAE2RMZXJY4V4CJABG0P,2025-05-13T02:21:44.078433-04:00,01JV44AAECQKT1382C1X6BMZHH,2025-05-13T02:21:44.078433-04:00,01JV44CCJNDN93BGYED4AVGS8C,2025-05-13T02:21:44.078433-04:00,01JV44HTHXAQ6MQDR1YMFYXMVV,2025-05-13T02:21:44.078433-04:00,01JV44HTJB47DS70FWMJX1JK40,2025-05-13T02:21:44.078433-04:00,,
01JV450FFC2NJ6S9Y53NY6M6NG,01JV44AAE2RMZXJY4V4CJABG0P,2025-05-13T02:23:44.108503-04:00,01JV44AAECQKT1382C1X6BMZHH,2025-05-13T02:23:44.108503-04:00,01JV44CCJNDN93BGYED4AVGS8C,2025-05-13T02:23:44.108503-04:00,01JV44HTHXAQ6MQDR1Y9Z7DE5Y,2025-05-13T02:23:44.108503-04:00,01JV44HTJDDC68JRFHXAS7H4AF,2025-05-13T02:23:44.108503-04:00,,
01JV450FFC2NJ6S9Y5410CXG8A,01JV44AAE2RMZXJY4V4CJABG0P,2025-05-13T02:23:44.108587-04:00,01JV44AAECQKT1382C1X6BMZHH,2025-05-13T02:23:44.108587-04:00,01JV44H5TQYZXWEP6GCGYCV8QW,2025-05-13T02:23:44.108587-04:00,01JV44HTHXAQ6MQDR1Y9Z7DE5Y,2025-05-13T02:23:44.108587-04:00,01JV44HTJDDC68JRFHXAS7H4AF,2025-05-13T02:23:44.108587-04:00,,
01JV4544P30ZF284B5FH143475,01JV44AAE2RMZXJY4V4CJABG0P,2025-05-13T02:25:44.131339-04:00,01JV44AAECQKT1382C1X6BMZHH,2025-05-13T02:25:44.131339-04:00,01JV44H5TQYZXWEP6GCGYCV8QW,2025-05-13T02:25:44.131339-04:00,01JV44HTHZF7Z1XDE9J6N0ZV4P,2025-05-13T02:25:44.131339-04:00,01JV44HTJG3DC3G93EZ3G2MZ4A,2025-05-13T02:25:44.131339-04:00,,
01JV4544P30ZF284B5FVA05AVS,01JV44AAE2RMZXJY4V4CJABG0P,2025-05-13T02:25:44.131413-04:00,01JV44AAECQKT1382C1X6BMZHH,2025-05-13T02:25:44.131413-04:00,01JV44CCJNDN93BGYED4AVGS8C,2025-05-13T02:25:44.131413-04:00,01JV44HTHZF7Z1XDE9J6N0ZV4P,2025-05-13T02:25:44.131413-04:00,01JV44HTJG3DC3G93EZ3G2MZ4A,2025-05-13T02:25:44.131413-04:00,,
01JV44HTM6KVGJFRRC93M5972B,01JV44AAE2RMZXJY4V4CJABG0P,2025-05-13T02:15:44.006902-04:00,01JV44AAECQKT1382C1X6BMZHH,2025-05-13T02:15:44.006902-04:00,01JV44H5TQYZXWEP6GCGYCV8QW,2025-05-13T02:15:44.006902-04:00,01JV44HTHXAQ6MQDR1WGMQKC80,2025-05-13T02:15:44.006902-04:00,01JV44HTJ22WVDV3S4GF8VRMD4,2025-05-13T02:15:44.006902-04:00,,
01JV44NFV2KS4CRJTSRXM67JQT,01JV44AAE2RMZXJY4V4CJABG0P,2025-05-13T02:17:44.034338-04:00,01JV44AAECQKT1382C1X6BMZHH,2025-05-13T02:17:44.034338-04:00,01JV44H5TQYZXWEP6GCGYCV8QW,2025-05-13T02:17:44.034338-04:00,01JV44HTHXAQ6MQDR1X03QAPZF,2025-05-13T02:17:44.034338-04:00,01JV44HTJ53DQQZ7PTR6KG5VJW,2025-05-13T02:17:44.034338-04:00,,
01JV44S51RK1TGBCXKZP1HAJ7P,01JV44AAE2RMZXJY4V4CJABG0P,2025-05-13T02:19:44.056689-04:00,01JV44AAECQKT1382C1X6BMZHH,2025-05-13T02:19:44.056689-04:00,01JV44H5TQYZXWEP6GCGYCV8QW,2025-05-13T02:19:44.056689-04:00,01JV44HTHXAQ6MQDR1XK984R5V,2025-05-13T02:19:44.056689-04:00,01JV44HTJ8NEZNEB0QKF2FY059,2025-05-13T02:19:44.056689-04:00,,
01JV44WT8EMQB5N85S4R5B2SGK,01JV44AAE2RMZXJY4V4CJABG0P,2025-05-13T02:21:44.078328-04:00,01JV44AAECQKT1382C1X6BMZHH,2025-05-13T02:21:44.078328-04:00,01JV44H5TQYZXWEP6GCGYCV8QW,2025-05-13T02:21:44.078328-04:00,01JV44HTHXAQ6MQDR1YMFYXMVV,2025-05-13T02:21:44.078328-04:00,01JV44HTJB47DS70FWMJX1JK40,2025-05-13T02:21:44.078328-04:00,,
01JV44HTM6KVGJFRRC9K6DXT9W,01JV44AAE2RMZXJY4V4CJABG0P,2025-05-13T02:15:44.007001-04:00,01JV44AAECQKT1382C1X6BMZHH,2025-05-13T02:15:44.007001-04:00,01JV44CCJNDN93BGYED4AVGS8C,2025-05-13T02:15:44.007001-04:00,01JV44HTHXAQ6MQDR1WGMQKC80,2025-05-13T02:15:44.007001-04:00,01JV44HTJ22WVDV3S4GF8VRMD4,2025-05-13T02:15:44.007001-04:00,true,2025-05-13T02:17:25.699158-04:00
01JV44NFV2KS4CRJTSRF1TQJPV,01JV44AAE2RMZXJY4V4CJABG0P,2025-05-13T02:17:44.03426-04:00,01JV44AAECQKT1382C1X6BMZHH,2025-05-13T02:17:44.03426-04:00,01JV44CCJNDN93BGYED4AVGS8C,2025-05-13T02:17:44.03426-04:00,01JV44HTHXAQ6MQDR1X03QAPZF,2025-05-13T02:17:44.03426-04:00,01JV44HTJ53DQQZ7PTR6KG5VJW,2025-05-13T02:17:44.03426-04:00,,
01JV44S51RK1TGBCXKZA40QCZP,01JV44AAE2RMZXJY4V4CJABG0P,2025-05-13T02:19:44.056603-04:00,01JV44AAECQKT1382C1X6BMZHH,2025-05-13T02:19:44.056603-04:00,01JV44CCJNDN93BGYED4AVGS8C,2025-05-13T02:19:44.056603-04:00,01JV44HTHXAQ6MQDR1XK984R5V,2025-05-13T02:19:44.056603-04:00,01JV44HTJ8NEZNEB0QKF2FY059,2025-05-13T02:19:44.056603-04:00,,
