id,batchID,batchIDLastChangedAt,gameID,gameIDLastChangedAt,playerID,playerIDLastChangedAt,roundID,roundIDLastChangedAt
01JV44S51JCS8W1KYCNR77R4FA,01JV44AAE2RMZXJY4V4CJABG0P,2025-05-13T02:19:44.050819-04:00,01JV44AAECQKT1382C1X6BMZHH,2025-05-13T02:19:44.050819-04:00,01JV44H5TQYZXWEP6GCGYCV8QW,2025-05-13T02:19:44.050819-04:00,01JV44HTHXAQ6MQDR1XK984R5V,2025-05-13T02:19:44.050819-04:00
01JV44S51JCS8W1KYCNYR8V1T0,01JV44AAE2RMZXJY4V4CJABG0P,2025-05-13T02:19:44.050906-04:00,01JV44AAECQKT1382C1X6BMZHH,2025-05-13T02:19:44.050906-04:00,01JV44CCJNDN93BGYED4AVGS8C,2025-05-13T02:19:44.050906-04:00,01JV44HTHXAQ6MQDR1XK984R5V,2025-05-13T02:19:44.050906-04:00
01JV44WT87Y9203PFKX4CTXTYW,01JV44AAE2RMZXJY4V4CJABG0P,2025-05-13T02:21:44.071614-04:00,01JV44AAECQKT1382C1X6BMZHH,2025-05-13T02:21:44.071614-04:00,01JV44CCJNDN93BGYED4AVGS8C,2025-05-13T02:21:44.071614-04:00,01JV44HTHXAQ6MQDR1YMFYXMVV,2025-05-13T02:21:44.071614-04:00
01JV450FF6ZD1S8KYG3W87AVQ2,01JV44AAE2RMZXJY4V4CJABG0P,2025-05-13T02:23:44.102739-04:00,01JV44AAECQKT1382C1X6BMZHH,2025-05-13T02:23:44.102739-04:00,01JV44CCJNDN93BGYED4AVGS8C,2025-05-13T02:23:44.102739-04:00,01JV44HTHXAQ6MQDR1Y9Z7DE5Y,2025-05-13T02:23:44.102739-04:00
01JV4544NXXXXYNX6QVQBM6TRK,01JV44AAE2RMZXJY4V4CJABG0P,2025-05-13T02:25:44.125355-04:00,01JV44AAECQKT1382C1X6BMZHH,2025-05-13T02:25:44.125355-04:00,01JV44H5TQYZXWEP6GCGYCV8QW,2025-05-13T02:25:44.125355-04:00,01JV44HTHZF7Z1XDE9J6N0ZV4P,2025-05-13T02:25:44.125355-04:00
01JV44HTKZM1PRC8PCNTGMH2KV,01JV44AAE2RMZXJY4V4CJABG0P,2025-05-13T02:15:43.999187-04:00,01JV44AAECQKT1382C1X6BMZHH,2025-05-13T02:15:43.999187-04:00,01JV44H5TQYZXWEP6GCGYCV8QW,2025-05-13T02:15:43.999187-04:00,01JV44HTHXAQ6MQDR1WGMQKC80,2025-05-13T02:15:43.999187-04:00
01JV44NFTVHGWCZW6B1NBQ8AV1,01JV44AAE2RMZXJY4V4CJABG0P,2025-05-13T02:17:44.027467-04:00,01JV44AAECQKT1382C1X6BMZHH,2025-05-13T02:17:44.027467-04:00,01JV44H5TQYZXWEP6GCGYCV8QW,2025-05-13T02:17:44.027467-04:00,01JV44HTHXAQ6MQDR1X03QAPZF,2025-05-13T02:17:44.027467-04:00
01JV44NFTVHGWCZW6B1VSWD38G,01JV44AAE2RMZXJY4V4CJABG0P,2025-05-13T02:17:44.027542-04:00,01JV44AAECQKT1382C1X6BMZHH,2025-05-13T02:17:44.027542-04:00,01JV44CCJNDN93BGYED4AVGS8C,2025-05-13T02:17:44.027542-04:00,01JV44HTHXAQ6MQDR1X03QAPZF,2025-05-13T02:17:44.027542-04:00
01JV4544NXXXXYNX6QVCT3ZZT6,01JV44AAE2RMZXJY4V4CJABG0P,2025-05-13T02:25:44.125236-04:00,01JV44AAECQKT1382C1X6BMZHH,2025-05-13T02:25:44.125236-04:00,01JV44CCJNDN93BGYED4AVGS8C,2025-05-13T02:25:44.125236-04:00,01JV44HTHZF7Z1XDE9J6N0ZV4P,2025-05-13T02:25:44.125236-04:00
01JV44HTKZM1PRC8PCP5Y0HJD8,01JV44AAE2RMZXJY4V4CJABG0P,2025-05-13T02:15:43.999247-04:00,01JV44AAECQKT1382C1X6BMZHH,2025-05-13T02:15:43.999247-04:00,01JV44CCJNDN93BGYED4AVGS8C,2025-05-13T02:15:43.999247-04:00,01JV44HTHXAQ6MQDR1WGMQKC80,2025-05-13T02:15:43.999247-04:00
01JV44WT87Y9203PFKXDT0PEN5,01JV44AAE2RMZXJY4V4CJABG0P,2025-05-13T02:21:44.071685-04:00,01JV44AAECQKT1382C1X6BMZHH,2025-05-13T02:21:44.071685-04:00,01JV44H5TQYZXWEP6GCGYCV8QW,2025-05-13T02:21:44.071685-04:00,01JV44HTHXAQ6MQDR1YMFYXMVV,2025-05-13T02:21:44.071685-04:00
01JV450FF6ZD1S8KYG46365WNN,01JV44AAE2RMZXJY4V4CJABG0P,2025-05-13T02:23:44.102823-04:00,01JV44AAECQKT1382C1X6BMZHH,2025-05-13T02:23:44.102823-04:00,01JV44H5TQYZXWEP6GCGYCV8QW,2025-05-13T02:23:44.102823-04:00,01JV44HTHXAQ6MQDR1Y9Z7DE5Y,2025-05-13T02:23:44.102823-04:00
