id,batchID,batchIDLastChangedAt,gameID,gameIDLastChangedAt,playerID,playerIDLastChangedAt,roundID,roundIDLastChangedAt
01JTKJT9KD4SB7W9ABZJFDJZS6,01JTKJ4HMG220W95VR57TTFDBJ,2025-05-06T15:57:56.205707-04:00,01JTKJ4HN0JA8F2VZK73HZSFJZ,2025-05-06T15:57:56.205707-04:00,01JTKJKHZXS1W1DTB2N9CR7623,2025-05-06T15:57:56.205707-04:00,01JTKJPM9E16GPC5V18BVJ8GBY,2025-05-06T15:57:56.205707-04:00
01JTKJXYTSX5R3E1BNT174M15G,01JTKJ4HMG220W95VR57TTFDBJ,2025-05-06T15:59:56.249163-04:00,01JTKJ4HN0JA8F2VZK73HZSFJZ,2025-05-06T15:59:56.249163-04:00,01JTKJKHZXS1W1DTB2N9CR7623,2025-05-06T15:59:56.249163-04:00,01JTKJPM9E16GPC5V1800E55E2,2025-05-06T15:59:56.249163-04:00
01JTKK599SK3CSMV4RGX3MHP6N,01JTKJ4HMG220W95VR57TTFDBJ,2025-05-06T16:03:56.345651-04:00,01JTKJ4HN0JA8F2VZK73HZSFJZ,2025-05-06T16:03:56.345651-04:00,01JTKJK2ZPKVYP7BYAPDBZK5EK,2025-05-06T16:03:56.345651-04:00,01JTKJPM9FV3X81M3VGRFNZWDZ,2025-05-06T16:03:56.345651-04:00
01JTKK599SK3CSMV4RHAF6F1VD,01JTKJ4HMG220W95VR57TTFDBJ,2025-05-06T16:03:56.345771-04:00,01JTKJ4HN0JA8F2VZK73HZSFJZ,2025-05-06T16:03:56.345771-04:00,01JTKJKHZXS1W1DTB2N9CR7623,2025-05-06T16:03:56.345771-04:00,01JTKJPM9FV3X81M3VGRFNZWDZ,2025-05-06T16:03:56.345771-04:00
01JTKK8YH029H0JSPR9R5HTSVJ,01JTKJ4HMG220W95VR57TTFDBJ,2025-05-06T16:05:56.384896-04:00,01JTKJ4HN0JA8F2VZK73HZSFJZ,2025-05-06T16:05:56.384896-04:00,01JTKJK2ZPKVYP7BYAPDBZK5EK,2025-05-06T16:05:56.384896-04:00,01JTKJPM9FV3X81M3VH8SGA66V,2025-05-06T16:05:56.384896-04:00
01JTKK8YH1036CTDTTN54J6ZSQ,01JTKJ4HMG220W95VR57TTFDBJ,2025-05-06T16:05:56.385015-04:00,01JTKJ4HN0JA8F2VZK73HZSFJZ,2025-05-06T16:05:56.385015-04:00,01JTKJKHZXS1W1DTB2N9CR7623,2025-05-06T16:05:56.385015-04:00,01JTKJPM9FV3X81M3VH8SGA66V,2025-05-06T16:05:56.385015-04:00
01JTKJPMC1QJQJ2V392ZMTFJEK,01JTKJ4HMG220W95VR57TTFDBJ,2025-05-06T15:55:56.161167-04:00,01JTKJ4HN0JA8F2VZK73HZSFJZ,2025-05-06T15:55:56.161167-04:00,01JTKJKHZXS1W1DTB2N9CR7623,2025-05-06T15:55:56.161167-04:00,01JTKJPM9E16GPC5V17HQEYSHY,2025-05-06T15:55:56.161167-04:00
01JTKJT9KD4SB7W9ABZYDTBAYN,01JTKJ4HMG220W95VR57TTFDBJ,2025-05-06T15:57:56.205852-04:00,01JTKJ4HN0JA8F2VZK73HZSFJZ,2025-05-06T15:57:56.205852-04:00,01JTKJK2ZPKVYP7BYAPDBZK5EK,2025-05-06T15:57:56.205852-04:00,01JTKJPM9E16GPC5V18BVJ8GBY,2025-05-06T15:57:56.205852-04:00
01JTKJXYTSX5R3E1BNSR8BEC43,01JTKJ4HMG220W95VR57TTFDBJ,2025-05-06T15:59:56.24904-04:00,01JTKJ4HN0JA8F2VZK73HZSFJZ,2025-05-06T15:59:56.24904-04:00,01JTKJK2ZPKVYP7BYAPDBZK5EK,2025-05-06T15:59:56.24904-04:00,01JTKJPM9E16GPC5V1800E55E2,2025-05-06T15:59:56.24904-04:00
01JTKK1M27S872KPHC119SA7MD,01JTKJ4HMG220W95VR57TTFDBJ,2025-05-06T16:01:56.295562-04:00,01JTKJ4HN0JA8F2VZK73HZSFJZ,2025-05-06T16:01:56.295562-04:00,01JTKJK2ZPKVYP7BYAPDBZK5EK,2025-05-06T16:01:56.295562-04:00,01JTKJPM9E16GPC5V18TVTH2GT,2025-05-06T16:01:56.295562-04:00
01JTKK1M27S872KPHC18Z8HMHC,01JTKJ4HMG220W95VR57TTFDBJ,2025-05-06T16:01:56.295694-04:00,01JTKJ4HN0JA8F2VZK73HZSFJZ,2025-05-06T16:01:56.295694-04:00,01JTKJKHZXS1W1DTB2N9CR7623,2025-05-06T16:01:56.295694-04:00,01JTKJPM9E16GPC5V18TVTH2GT,2025-05-06T16:01:56.295694-04:00
01JTKJPMC1QJQJ2V392NZT6NTC,01JTKJ4HMG220W95VR57TTFDBJ,2025-05-06T15:55:56.161084-04:00,01JTKJ4HN0JA8F2VZK73HZSFJZ,2025-05-06T15:55:56.161084-04:00,01JTKJK2ZPKVYP7BYAPDBZK5EK,2025-05-06T15:55:56.161084-04:00,01JTKJPM9E16GPC5V17HQEYSHY,2025-05-06T15:55:56.161084-04:00
