id,batchID,batchIDLastChangedAt,gameID,gameIDLastChangedAt,playerID,playerIDLastChangedAt,roundID,roundIDLastChangedAt,stageID,stageIDLastChangedAt
01JTKJPMC9GM17RZ4YK8EZ77VM,01JTKJ4HMG220W95VR57TTFDBJ,2025-05-06T15:55:56.169176-04:00,01JTKJ4HN0JA8F2VZK73HZSFJZ,2025-05-06T15:55:56.169176-04:00,01JTKJKHZXS1W1DTB2N9CR7623,2025-05-06T15:55:56.169176-04:00,01JTKJPM9E16GPC5V17HQEYSHY,2025-05-06T15:55:56.169176-04:00,01JTKJPM9NK3M93CJ8NPK4FC01,2025-05-06T15:55:56.169176-04:00
01JTKJPMC9GM17RZ4YKJE50B19,01JTKJ4HMG220W95VR57TTFDBJ,2025-05-06T15:55:56.169293-04:00,01JTKJ4HN0JA8F2VZK73HZSFJZ,2025-05-06T15:55:56.169293-04:00,01JTKJK2ZPKVYP7BYAPDBZK5EK,2025-05-06T15:55:56.169293-04:00,01JTKJPM9E16GPC5V17HQEYSHY,2025-05-06T15:55:56.169293-04:00,01JTKJPM9NK3M93CJ8NPK4FC01,2025-05-06T15:55:56.169293-04:00
01JTKJXYV18QHNWM7N51ZQVZ1X,01JTKJ4HMG220W95VR57TTFDBJ,2025-05-06T15:59:56.257725-04:00,01JTKJ4HN0JA8F2VZK73HZSFJZ,2025-05-06T15:59:56.257725-04:00,01JTKJKHZXS1W1DTB2N9CR7623,2025-05-06T15:59:56.257725-04:00,01JTKJPM9E16GPC5V1800E55E2,2025-05-06T15:59:56.257725-04:00,01JTKJPM9Y3Y934FRRVX6YY969,2025-05-06T15:59:56.257725-04:00
01JTKK1M2HAV1ZASQ5JJSTT76M,01JTKJ4HMG220W95VR57TTFDBJ,2025-05-06T16:01:56.305278-04:00,01JTKJ4HN0JA8F2VZK73HZSFJZ,2025-05-06T16:01:56.305278-04:00,01JTKJKHZXS1W1DTB2N9CR7623,2025-05-06T16:01:56.305278-04:00,01JTKJPM9E16GPC5V18TVTH2GT,2025-05-06T16:01:56.305278-04:00,01JTKJPMA1D30392PHHK392CH6,2025-05-06T16:01:56.305278-04:00
01JTKK59A2NBAQY67KK62WJF0D,01JTKJ4HMG220W95VR57TTFDBJ,2025-05-06T16:03:56.354328-04:00,01JTKJ4HN0JA8F2VZK73HZSFJZ,2025-05-06T16:03:56.354328-04:00,01JTKJKHZXS1W1DTB2N9CR7623,2025-05-06T16:03:56.354328-04:00,01JTKJPM9FV3X81M3VGRFNZWDZ,2025-05-06T16:03:56.354328-04:00,01JTKJPMA52YJC45DZ21TJX5HN,2025-05-06T16:03:56.354328-04:00
01JTKJT9KPKWCNCMG5S5C7CRD1,01JTKJ4HMG220W95VR57TTFDBJ,2025-05-06T15:57:56.214124-04:00,01JTKJ4HN0JA8F2VZK73HZSFJZ,2025-05-06T15:57:56.214124-04:00,01JTKJKHZXS1W1DTB2N9CR7623,2025-05-06T15:57:56.214124-04:00,01JTKJPM9E16GPC5V18BVJ8GBY,2025-05-06T15:57:56.214124-04:00,01JTKJPM9TZ9FW2GGG6P8B66XF,2025-05-06T15:57:56.214124-04:00
01JTKJT9KPKWCNCMG5SKQ6NQQ2,01JTKJ4HMG220W95VR57TTFDBJ,2025-05-06T15:57:56.214234-04:00,01JTKJ4HN0JA8F2VZK73HZSFJZ,2025-05-06T15:57:56.214234-04:00,01JTKJK2ZPKVYP7BYAPDBZK5EK,2025-05-06T15:57:56.214234-04:00,01JTKJPM9E16GPC5V18BVJ8GBY,2025-05-06T15:57:56.214234-04:00,01JTKJPM9TZ9FW2GGG6P8B66XF,2025-05-06T15:57:56.214234-04:00
01JTKJXYV18QHNWM7N4RAB1DWX,01JTKJ4HMG220W95VR57TTFDBJ,2025-05-06T15:59:56.257606-04:00,01JTKJ4HN0JA8F2VZK73HZSFJZ,2025-05-06T15:59:56.257606-04:00,01JTKJK2ZPKVYP7BYAPDBZK5EK,2025-05-06T15:59:56.257606-04:00,01JTKJPM9E16GPC5V1800E55E2,2025-05-06T15:59:56.257606-04:00,01JTKJPM9Y3Y934FRRVX6YY969,2025-05-06T15:59:56.257606-04:00
01JTKK1M2HAV1ZASQ5J7MHEZWZ,01JTKJ4HMG220W95VR57TTFDBJ,2025-05-06T16:01:56.305153-04:00,01JTKJ4HN0JA8F2VZK73HZSFJZ,2025-05-06T16:01:56.305153-04:00,01JTKJK2ZPKVYP7BYAPDBZK5EK,2025-05-06T16:01:56.305153-04:00,01JTKJPM9E16GPC5V18TVTH2GT,2025-05-06T16:01:56.305153-04:00,01JTKJPMA1D30392PHHK392CH6,2025-05-06T16:01:56.305153-04:00
01JTKK59A2NBAQY67KJWTSXKX8,01JTKJ4HMG220W95VR57TTFDBJ,2025-05-06T16:03:56.354224-04:00,01JTKJ4HN0JA8F2VZK73HZSFJZ,2025-05-06T16:03:56.354224-04:00,01JTKJK2ZPKVYP7BYAPDBZK5EK,2025-05-06T16:03:56.354224-04:00,01JTKJPM9FV3X81M3VGRFNZWDZ,2025-05-06T16:03:56.354224-04:00,01JTKJPMA52YJC45DZ21TJX5HN,2025-05-06T16:03:56.354224-04:00
01JTKK8YH92H427T3GBNA5XDDK,01JTKJ4HMG220W95VR57TTFDBJ,2025-05-06T16:05:56.393725-04:00,01JTKJ4HN0JA8F2VZK73HZSFJZ,2025-05-06T16:05:56.393725-04:00,01JTKJK2ZPKVYP7BYAPDBZK5EK,2025-05-06T16:05:56.393725-04:00,01JTKJPM9FV3X81M3VH8SGA66V,2025-05-06T16:05:56.393725-04:00,01JTKJPMA8CVF6JSJ2AYGVPPKT,2025-05-06T16:05:56.393725-04:00
01JTKK8YH92H427T3GC80X98Y3,01JTKJ4HMG220W95VR57TTFDBJ,2025-05-06T16:05:56.393826-04:00,01JTKJ4HN0JA8F2VZK73HZSFJZ,2025-05-06T16:05:56.393826-04:00,01JTKJKHZXS1W1DTB2N9CR7623,2025-05-06T16:05:56.393826-04:00,01JTKJPM9FV3X81M3VH8SGA66V,2025-05-06T16:05:56.393826-04:00,01JTKJPMA8CVF6JSJ2AYGVPPKT,2025-05-06T16:05:56.393826-04:00
