id,batchID,batchIDLastChangedAt,gameID,gameIDLastChangedAt,playerID,playerIDLastChangedAt,roundID,roundIDLastChangedAt,stageID,stageIDLastChangedAt
01JV80MWTYHDTKPZEAB1W5RSKA,01JV7ZPDDGKGFNHNZYAMY22TP1,2025-05-14T14:24:27.998102-04:00,01JV7ZPDDRY8HXQ1XSXG4NRHP5,2025-05-14T14:24:27.998102-04:00,01JV80251GZFT7NW2J9KR636C1,2025-05-14T14:24:27.998102-04:00,01JV80DJB68G1686RB1SM3S1EY,2025-05-14T14:24:27.998102-04:00,01JV80DJBH2NEQ0KX0BCV0W27P,2025-05-14T14:24:27.998102-04:00
01JV80RJ1PG9VFKJ3G39143YHZ,01JV7ZPDDGKGFNHNZYAMY22TP1,2025-05-14T14:26:28.022048-04:00,01JV7ZPDDRY8HXQ1XSXG4NRHP5,2025-05-14T14:26:28.022048-04:00,01JV80251GZFT7NW2J9KR636C1,2025-05-14T14:26:28.022048-04:00,01JV80DJB8K9ZSEV1SJ74B92Z5,2025-05-14T14:26:28.022048-04:00,01JV80DJBKF7BFVJKTDQF0YZMM,2025-05-14T14:26:28.022048-04:00
01JV80W78AYVWAJCT6SMGKR87Z,01JV7ZPDDGKGFNHNZYAMY22TP1,2025-05-14T14:28:28.042088-04:00,01JV7ZPDDRY8HXQ1XSXG4NRHP5,2025-05-14T14:28:28.042088-04:00,01JV801SSWHG80H6CZMVERP160,2025-05-14T14:28:28.042088-04:00,01JV80DJB79D4K8SEV9XHCGHN1,2025-05-14T14:28:28.042088-04:00,01JV80DJBP6DKPWSF0PHPR3MY2,2025-05-14T14:28:28.042088-04:00
01JV80ZWF44T9DWH1AA33SDDHF,01JV7ZPDDGKGFNHNZYAMY22TP1,2025-05-14T14:30:28.068193-04:00,01JV7ZPDDRY8HXQ1XSXG4NRHP5,2025-05-14T14:30:28.068193-04:00,01JV80251GZFT7NW2J9KR636C1,2025-05-14T14:30:28.068193-04:00,01JV80DJB8K9ZSEV1SJW23BW8W,2025-05-14T14:30:28.068193-04:00,01JV80DJBR189NP4RG0209391R,2025-05-14T14:30:28.068193-04:00
01JV80DJDFFXGGZXFX6BN24D07,01JV7ZPDDGKGFNHNZYAMY22TP1,2025-05-14T14:20:27.951767-04:00,01JV7ZPDDRY8HXQ1XSXG4NRHP5,2025-05-14T14:20:27.951767-04:00,01JV801SSWHG80H6CZMVERP160,2025-05-14T14:20:27.951767-04:00,01JV80DJB68G1686RB0WEG220K,2025-05-14T14:20:27.951767-04:00,01JV80DJBBXR0BXDQV6S58410T,2025-05-14T14:20:27.951767-04:00
01JV80H7M7KPK74NY2D1JY6V9A,01JV7ZPDDGKGFNHNZYAMY22TP1,2025-05-14T14:22:27.975728-04:00,01JV7ZPDDRY8HXQ1XSXG4NRHP5,2025-05-14T14:22:27.975728-04:00,01JV80251GZFT7NW2J9KR636C1,2025-05-14T14:22:27.975728-04:00,01JV80DJB68G1686RB1BD9MBWB,2025-05-14T14:22:27.975728-04:00,01JV80DJBE4SFHZ7NC5A0JVPN6,2025-05-14T14:22:27.975728-04:00
01JV80MWTYHDTKPZEAAQY59GFT,01JV7ZPDDGKGFNHNZYAMY22TP1,2025-05-14T14:24:27.998018-04:00,01JV7ZPDDRY8HXQ1XSXG4NRHP5,2025-05-14T14:24:27.998018-04:00,01JV801SSWHG80H6CZMVERP160,2025-05-14T14:24:27.998018-04:00,01JV80DJB68G1686RB1SM3S1EY,2025-05-14T14:24:27.998018-04:00,01JV80DJBH2NEQ0KX0BCV0W27P,2025-05-14T14:24:27.998018-04:00
01JV80W789GSNAQZRG907K8Q1Q,01JV7ZPDDGKGFNHNZYAMY22TP1,2025-05-14T14:28:28.042002-04:00,01JV7ZPDDRY8HXQ1XSXG4NRHP5,2025-05-14T14:28:28.042002-04:00,01JV80251GZFT7NW2J9KR636C1,2025-05-14T14:28:28.042002-04:00,01JV80DJB79D4K8SEV9XHCGHN1,2025-05-14T14:28:28.042002-04:00,01JV80DJBP6DKPWSF0PHPR3MY2,2025-05-14T14:28:28.042002-04:00
01JV80ZWF44T9DWH1A9JNPX5S4,01JV7ZPDDGKGFNHNZYAMY22TP1,2025-05-14T14:30:28.068086-04:00,01JV7ZPDDRY8HXQ1XSXG4NRHP5,2025-05-14T14:30:28.068086-04:00,01JV801SSWHG80H6CZMVERP160,2025-05-14T14:30:28.068086-04:00,01JV80DJB8K9ZSEV1SJW23BW8W,2025-05-14T14:30:28.068086-04:00,01JV80DJBR189NP4RG0209391R,2025-05-14T14:30:28.068086-04:00
01JV80DJDFFXGGZXFX62GAN2PR,01JV7ZPDDGKGFNHNZYAMY22TP1,2025-05-14T14:20:27.951695-04:00,01JV7ZPDDRY8HXQ1XSXG4NRHP5,2025-05-14T14:20:27.951695-04:00,01JV80251GZFT7NW2J9KR636C1,2025-05-14T14:20:27.951695-04:00,01JV80DJB68G1686RB0WEG220K,2025-05-14T14:20:27.951695-04:00,01JV80DJBBXR0BXDQV6S58410T,2025-05-14T14:20:27.951695-04:00
01JV80H7M7KPK74NY2CQ2TCHXH,01JV7ZPDDGKGFNHNZYAMY22TP1,2025-05-14T14:22:27.975638-04:00,01JV7ZPDDRY8HXQ1XSXG4NRHP5,2025-05-14T14:22:27.975638-04:00,01JV801SSWHG80H6CZMVERP160,2025-05-14T14:22:27.975638-04:00,01JV80DJB68G1686RB1BD9MBWB,2025-05-14T14:22:27.975638-04:00,01JV80DJBE4SFHZ7NC5A0JVPN6,2025-05-14T14:22:27.975638-04:00
01JV80RJ1NCDWPE0GSYK4CFTGH,01JV7ZPDDGKGFNHNZYAMY22TP1,2025-05-14T14:26:28.02196-04:00,01JV7ZPDDRY8HXQ1XSXG4NRHP5,2025-05-14T14:26:28.02196-04:00,01JV801SSWHG80H6CZMVERP160,2025-05-14T14:26:28.02196-04:00,01JV80DJB8K9ZSEV1SJ74B92Z5,2025-05-14T14:26:28.02196-04:00,01JV80DJBKF7BFVJKTDQF0YZMM,2025-05-14T14:26:28.02196-04:00
