id,batchID,batchIDLastChangedAt,gameID,gameIDLastChangedAt,playerID,playerIDLastChangedAt,roundID,roundIDLastChangedAt
01JV80RJ1FV4GQBKS9ARPYFFC0,01JV7ZPDDGKGFNHNZYAMY22TP1,2025-05-14T14:26:28.015526-04:00,01JV7ZPDDRY8HXQ1XSXG4NRHP5,2025-05-14T14:26:28.015526-04:00,01JV80251GZFT7NW2J9KR636C1,2025-05-14T14:26:28.015526-04:00,01JV80DJB8K9ZSEV1SJ74B92Z5,2025-05-14T14:26:28.015526-04:00
01JV80RJ1FV4GQBKS9B4JFM50R,01JV7ZPDDGKGFNHNZYAMY22TP1,2025-05-14T14:26:28.015619-04:00,01JV7ZPDDRY8HXQ1XSXG4NRHP5,2025-05-14T14:26:28.015619-04:00,01JV801SSWHG80H6CZMVERP160,2025-05-14T14:26:28.015619-04:00,01JV80DJB8K9ZSEV1SJ74B92Z5,2025-05-14T14:26:28.015619-04:00
01JV80W7832DHSXZG72MEK6QR9,01JV7ZPDDGKGFNHNZYAMY22TP1,2025-05-14T14:28:28.035437-04:00,01JV7ZPDDRY8HXQ1XSXG4NRHP5,2025-05-14T14:28:28.035437-04:00,01JV80251GZFT7NW2J9KR636C1,2025-05-14T14:28:28.035437-04:00,01JV80DJB79D4K8SEV9XHCGHN1,2025-05-14T14:28:28.035437-04:00
01JV80ZWEX9ZAFD062VVERXJQF,01JV7ZPDDGKGFNHNZYAMY22TP1,2025-05-14T14:30:28.061304-04:00,01JV7ZPDDRY8HXQ1XSXG4NRHP5,2025-05-14T14:30:28.061304-04:00,01JV801SSWHG80H6CZMVERP160,2025-05-14T14:30:28.061304-04:00,01JV80DJB8K9ZSEV1SJW23BW8W,2025-05-14T14:30:28.061304-04:00
01JV80DJD8NKP8N0HJRVETXQGC,01JV7ZPDDGKGFNHNZYAMY22TP1,2025-05-14T14:20:27.944304-04:00,01JV7ZPDDRY8HXQ1XSXG4NRHP5,2025-05-14T14:20:27.944304-04:00,01JV80251GZFT7NW2J9KR636C1,2025-05-14T14:20:27.944304-04:00,01JV80DJB68G1686RB0WEG220K,2025-05-14T14:20:27.944304-04:00
01JV80H7M147TBNTYSDYY14VQE,01JV7ZPDDGKGFNHNZYAMY22TP1,2025-05-14T14:22:27.969436-04:00,01JV7ZPDDRY8HXQ1XSXG4NRHP5,2025-05-14T14:22:27.969436-04:00,01JV801SSWHG80H6CZMVERP160,2025-05-14T14:22:27.969436-04:00,01JV80DJB68G1686RB1BD9MBWB,2025-05-14T14:22:27.969436-04:00
01JV80MWTRVBGFBAWGD2KMK7PV,01JV7ZPDDGKGFNHNZYAMY22TP1,2025-05-14T14:24:27.992101-04:00,01JV7ZPDDRY8HXQ1XSXG4NRHP5,2025-05-14T14:24:27.992101-04:00,01JV801SSWHG80H6CZMVERP160,2025-05-14T14:24:27.992101-04:00,01JV80DJB68G1686RB1SM3S1EY,2025-05-14T14:24:27.992101-04:00
01JV80MWTRVBGFBAWGDAX141JY,01JV7ZPDDGKGFNHNZYAMY22TP1,2025-05-14T14:24:27.992188-04:00,01JV7ZPDDRY8HXQ1XSXG4NRHP5,2025-05-14T14:24:27.992188-04:00,01JV80251GZFT7NW2J9KR636C1,2025-05-14T14:24:27.992188-04:00,01JV80DJB68G1686RB1SM3S1EY,2025-05-14T14:24:27.992188-04:00
01JV80W7832DHSXZG72945T1AQ,01JV7ZPDDGKGFNHNZYAMY22TP1,2025-05-14T14:28:28.035348-04:00,01JV7ZPDDRY8HXQ1XSXG4NRHP5,2025-05-14T14:28:28.035348-04:00,01JV801SSWHG80H6CZMVERP160,2025-05-14T14:28:28.035348-04:00,01JV80DJB79D4K8SEV9XHCGHN1,2025-05-14T14:28:28.035348-04:00
01JV80ZWEX9ZAFD062VKC209N2,01JV7ZPDDGKGFNHNZYAMY22TP1,2025-05-14T14:30:28.061147-04:00,01JV7ZPDDRY8HXQ1XSXG4NRHP5,2025-05-14T14:30:28.061147-04:00,01JV80251GZFT7NW2J9KR636C1,2025-05-14T14:30:28.061147-04:00,01JV80DJB8K9ZSEV1SJW23BW8W,2025-05-14T14:30:28.061147-04:00
01JV80DJD8NKP8N0HJRDZEYRV7,01JV7ZPDDGKGFNHNZYAMY22TP1,2025-05-14T14:20:27.944227-04:00,01JV7ZPDDRY8HXQ1XSXG4NRHP5,2025-05-14T14:20:27.944227-04:00,01JV801SSWHG80H6CZMVERP160,2025-05-14T14:20:27.944227-04:00,01JV80DJB68G1686RB0WEG220K,2025-05-14T14:20:27.944227-04:00
01JV80H7M147TBNTYSDKQRKAYB,01JV7ZPDDGKGFNHNZYAMY22TP1,2025-05-14T14:22:27.969342-04:00,01JV7ZPDDRY8HXQ1XSXG4NRHP5,2025-05-14T14:22:27.969342-04:00,01JV80251GZFT7NW2J9KR636C1,2025-05-14T14:22:27.969342-04:00,01JV80DJB68G1686RB1BD9MBWB,2025-05-14T14:22:27.969342-04:00
