id,batchID,batchIDLastChangedAt,gameID,gameIDLastChangedAt,playerID,playerIDLastChangedAt,roundID,roundIDLastChangedAt,stageID,stageIDLastChangedAt
01JV5EYPCVF5HRDN2GTXCVNFND,01JV5EWJ7WGNMWBJDK97R177V5,2025-05-13T14:36:45.851567-04:00,01JV5EWJ85NYY4Z8M3TVM5AE4Y,2025-05-13T14:36:45.851567-04:00,01JV5EWVD9BNK0CDQK565TBBRV,2025-05-13T14:36:45.851567-04:00,01JV5EYPAAEYQY8J64CN1TFYST,2025-05-13T14:36:45.851567-04:00,01JV5EYPAFTMN8XJHSRSTA9V5Z,2025-05-13T14:36:45.851567-04:00
01JV5F5R0XHAYN91TWPP89V0T3,01JV5EWJ7WGNMWBJDK97R177V5,2025-05-13T14:40:36.893295-04:00,01JV5EWJ85NYY4Z8M3TVM5AE4Y,2025-05-13T14:40:36.893295-04:00,01JV5EWVD9BNK0CDQK565TBBRV,2025-05-13T14:40:36.893295-04:00,01JV5EYPAAEYQY8J64D5505S6R,2025-05-13T14:40:36.893295-04:00,01JV5EYPAPXJT5WCCAQ5KJE5VP,2025-05-13T14:40:36.893295-04:00
01JV5F5R0XHAYN91TWQ6RD09P6,01JV5EWJ7WGNMWBJDK97R177V5,2025-05-13T14:40:36.893441-04:00,01JV5EWJ85NYY4Z8M3TVM5AE4Y,2025-05-13T14:40:36.893441-04:00,01JV5EXV9ZR918AMZY3N2MKMRH,2025-05-13T14:40:36.893441-04:00,01JV5EYPAAEYQY8J64D5505S6R,2025-05-13T14:40:36.893441-04:00,01JV5EYPAPXJT5WCCAQ5KJE5VP,2025-05-13T14:40:36.893441-04:00
01JV5FGQN7PH603N73V5JWA3KF,01JV5EWJ7WGNMWBJDK97R177V5,2025-05-13T14:46:36.967147-04:00,01JV5EWJ85NYY4Z8M3TVM5AE4Y,2025-05-13T14:46:36.967147-04:00,01JV5EWVD9BNK0CDQK565TBBRV,2025-05-13T14:46:36.967147-04:00,01JV5EYPACBEXW6EZ9S0RSYCKQ,2025-05-13T14:46:36.967147-04:00,01JV5EYPAY5PWJBNRZFZHHAX7K,2025-05-13T14:46:36.967147-04:00
01JV5F9D7RGZH8BVJM9AK9C0YH,01JV5EWJ7WGNMWBJDK97R177V5,2025-05-13T14:42:36.920932-04:00,01JV5EWJ85NYY4Z8M3TVM5AE4Y,2025-05-13T14:42:36.920932-04:00,01JV5EXV9ZR918AMZY3N2MKMRH,2025-05-13T14:42:36.920932-04:00,01JV5EYPACBEXW6EZ9QRXD8CAQ,2025-05-13T14:42:36.920932-04:00,01JV5EYPASF4XZGQ15SV7PDYJ4,2025-05-13T14:42:36.920932-04:00
01JV5FD2EFKY896XGHTB6A033N,01JV5EWJ7WGNMWBJDK97R177V5,2025-05-13T14:44:36.943945-04:00,01JV5EWJ85NYY4Z8M3TVM5AE4Y,2025-05-13T14:44:36.943945-04:00,01JV5EXV9ZR918AMZY3N2MKMRH,2025-05-13T14:44:36.943945-04:00,01JV5EYPAAEYQY8J64DR6XZ3Y3,2025-05-13T14:44:36.943945-04:00,01JV5EYPAVJBMFRGXK3SMPD3PN,2025-05-13T14:44:36.943945-04:00
01JV5FD2EG34JENRGSKZZ72YJV,01JV5EWJ7WGNMWBJDK97R177V5,2025-05-13T14:44:36.944036-04:00,01JV5EWJ85NYY4Z8M3TVM5AE4Y,2025-05-13T14:44:36.944036-04:00,01JV5EWVD9BNK0CDQK565TBBRV,2025-05-13T14:44:36.944036-04:00,01JV5EYPAAEYQY8J64DR6XZ3Y3,2025-05-13T14:44:36.944036-04:00,01JV5EYPAVJBMFRGXK3SMPD3PN,2025-05-13T14:44:36.944036-04:00
01JV5FGQN7PH603N73TTGBC97D,01JV5EWJ7WGNMWBJDK97R177V5,2025-05-13T14:46:36.967062-04:00,01JV5EWJ85NYY4Z8M3TVM5AE4Y,2025-05-13T14:46:36.967062-04:00,01JV5EXV9ZR918AMZY3N2MKMRH,2025-05-13T14:46:36.967062-04:00,01JV5EYPACBEXW6EZ9S0RSYCKQ,2025-05-13T14:46:36.967062-04:00,01JV5EYPAY5PWJBNRZFZHHAX7K,2025-05-13T14:46:36.967062-04:00
01JV5EYPCVF5HRDN2GTN3264B4,01JV5EWJ7WGNMWBJDK97R177V5,2025-05-13T14:36:45.851466-04:00,01JV5EWJ85NYY4Z8M3TVM5AE4Y,2025-05-13T14:36:45.851466-04:00,01JV5EXV9ZR918AMZY3N2MKMRH,2025-05-13T14:36:45.851466-04:00,01JV5EYPAAEYQY8J64CN1TFYST,2025-05-13T14:36:45.851466-04:00,01JV5EYPAFTMN8XJHSRSTA9V5Z,2025-05-13T14:36:45.851466-04:00
01JV5F22SZDGB9Z2M064AK2SE8,01JV5EWJ7WGNMWBJDK97R177V5,2025-05-13T14:38:36.863978-04:00,01JV5EWJ85NYY4Z8M3TVM5AE4Y,2025-05-13T14:38:36.863978-04:00,01JV5EWVD9BNK0CDQK565TBBRV,2025-05-13T14:38:36.863978-04:00,01JV5EYPAAEYQY8J64EA9XF9NW,2025-05-13T14:38:36.863978-04:00,01JV5EYPAKDWM63Y9GJ6975CHP,2025-05-13T14:38:36.863978-04:00
01JV5F22T0W0MCSR2C7SAPXNTS,01JV5EWJ7WGNMWBJDK97R177V5,2025-05-13T14:38:36.864064-04:00,01JV5EWJ85NYY4Z8M3TVM5AE4Y,2025-05-13T14:38:36.864064-04:00,01JV5EXV9ZR918AMZY3N2MKMRH,2025-05-13T14:38:36.864064-04:00,01JV5EYPAAEYQY8J64EA9XF9NW,2025-05-13T14:38:36.864064-04:00,01JV5EYPAKDWM63Y9GJ6975CHP,2025-05-13T14:38:36.864064-04:00
01JV5F9D7RGZH8BVJM917V35JD,01JV5EWJ7WGNMWBJDK97R177V5,2025-05-13T14:42:36.920828-04:00,01JV5EWJ85NYY4Z8M3TVM5AE4Y,2025-05-13T14:42:36.920828-04:00,01JV5EWVD9BNK0CDQK565TBBRV,2025-05-13T14:42:36.920828-04:00,01JV5EYPACBEXW6EZ9QRXD8CAQ,2025-05-13T14:42:36.920828-04:00,01JV5EYPASF4XZGQ15SV7PDYJ4,2025-05-13T14:42:36.920828-04:00
