id,batchID,batchIDLastChangedAt,gameID,gameIDLastChangedAt,playerID,playerIDLastChangedAt,roundID,roundIDLastChangedAt
01JV5EYPCM7PMXMKZ0G4RFCXAE,01JV5EWJ7WGNMWBJDK97R177V5,2025-05-13T14:36:45.844697-04:00,01JV5EWJ85NYY4Z8M3TVM5AE4Y,2025-05-13T14:36:45.844697-04:00,01JV5EXV9ZR918AMZY3N2MKMRH,2025-05-13T14:36:45.844697-04:00,01JV5EYPAAEYQY8J64CN1TFYST,2025-05-13T14:36:45.844697-04:00
01JV5F22SSZPBDZ8JC5Q9Y9FRE,01JV5EWJ7WGNMWBJDK97R177V5,2025-05-13T14:38:36.857498-04:00,01JV5EWJ85NYY4Z8M3TVM5AE4Y,2025-05-13T14:38:36.857498-04:00,01JV5EXV9ZR918AMZY3N2MKMRH,2025-05-13T14:38:36.857498-04:00,01JV5EYPAAEYQY8J64EA9XF9NW,2025-05-13T14:38:36.857498-04:00
01JV5F9D7JVG3ZEBQC9RTD442T,01JV5EWJ7WGNMWBJDK97R177V5,2025-05-13T14:42:36.914841-04:00,01JV5EWJ85NYY4Z8M3TVM5AE4Y,2025-05-13T14:42:36.914841-04:00,01JV5EXV9ZR918AMZY3N2MKMRH,2025-05-13T14:42:36.914841-04:00,01JV5EYPACBEXW6EZ9QRXD8CAQ,2025-05-13T14:42:36.914841-04:00
01JV5FD2EAFEKQQPBRDF1ZRXCB,01JV5EWJ7WGNMWBJDK97R177V5,2025-05-13T14:44:36.938285-04:00,01JV5EWJ85NYY4Z8M3TVM5AE4Y,2025-05-13T14:44:36.938285-04:00,01JV5EXV9ZR918AMZY3N2MKMRH,2025-05-13T14:44:36.938285-04:00,01JV5EYPAAEYQY8J64DR6XZ3Y3,2025-05-13T14:44:36.938285-04:00
01JV5EYPCM7PMXMKZ0GHH6F8ME,01JV5EWJ7WGNMWBJDK97R177V5,2025-05-13T14:36:45.844761-04:00,01JV5EWJ85NYY4Z8M3TVM5AE4Y,2025-05-13T14:36:45.844761-04:00,01JV5EWVD9BNK0CDQK565TBBRV,2025-05-13T14:36:45.844761-04:00,01JV5EYPAAEYQY8J64CN1TFYST,2025-05-13T14:36:45.844761-04:00
01JV5F22SSZPBDZ8JC5WWDZKHT,01JV5EWJ7WGNMWBJDK97R177V5,2025-05-13T14:38:36.857572-04:00,01JV5EWJ85NYY4Z8M3TVM5AE4Y,2025-05-13T14:38:36.857572-04:00,01JV5EWVD9BNK0CDQK565TBBRV,2025-05-13T14:38:36.857572-04:00,01JV5EYPAAEYQY8J64EA9XF9NW,2025-05-13T14:38:36.857572-04:00
01JV5F5R0KGRZC7WVBGSPA2HQ9,01JV5EWJ7WGNMWBJDK97R177V5,2025-05-13T14:40:36.883251-04:00,01JV5EWJ85NYY4Z8M3TVM5AE4Y,2025-05-13T14:40:36.883251-04:00,01JV5EXV9ZR918AMZY3N2MKMRH,2025-05-13T14:40:36.883251-04:00,01JV5EYPAAEYQY8J64D5505S6R,2025-05-13T14:40:36.883251-04:00
01JV5F5R0KGRZC7WVBH9Y6DJ20,01JV5EWJ7WGNMWBJDK97R177V5,2025-05-13T14:40:36.883326-04:00,01JV5EWJ85NYY4Z8M3TVM5AE4Y,2025-05-13T14:40:36.883326-04:00,01JV5EWVD9BNK0CDQK565TBBRV,2025-05-13T14:40:36.883326-04:00,01JV5EYPAAEYQY8J64D5505S6R,2025-05-13T14:40:36.883326-04:00
01JV5F9D7JVG3ZEBQCA16J9KSY,01JV5EWJ7WGNMWBJDK97R177V5,2025-05-13T14:42:36.914927-04:00,01JV5EWJ85NYY4Z8M3TVM5AE4Y,2025-05-13T14:42:36.914927-04:00,01JV5EWVD9BNK0CDQK565TBBRV,2025-05-13T14:42:36.914927-04:00,01JV5EYPACBEXW6EZ9QRXD8CAQ,2025-05-13T14:42:36.914927-04:00
01JV5FD2EAFEKQQPBRDSBJY6FF,01JV5EWJ7WGNMWBJDK97R177V5,2025-05-13T14:44:36.938396-04:00,01JV5EWJ85NYY4Z8M3TVM5AE4Y,2025-05-13T14:44:36.938396-04:00,01JV5EWVD9BNK0CDQK565TBBRV,2025-05-13T14:44:36.938396-04:00,01JV5EYPAAEYQY8J64DR6XZ3Y3,2025-05-13T14:44:36.938396-04:00
01JV5FGQN1AEHCQG212V3ZJ440,01JV5EWJ7WGNMWBJDK97R177V5,2025-05-13T14:46:36.961506-04:00,01JV5EWJ85NYY4Z8M3TVM5AE4Y,2025-05-13T14:46:36.961506-04:00,01JV5EWVD9BNK0CDQK565TBBRV,2025-05-13T14:46:36.961506-04:00,01JV5EYPACBEXW6EZ9S0RSYCKQ,2025-05-13T14:46:36.961506-04:00
01JV5FGQN1AEHCQG2131ETAB6T,01JV5EWJ7WGNMWBJDK97R177V5,2025-05-13T14:46:36.961594-04:00,01JV5EWJ85NYY4Z8M3TVM5AE4Y,2025-05-13T14:46:36.961594-04:00,01JV5EXV9ZR918AMZY3N2MKMRH,2025-05-13T14:46:36.961594-04:00,01JV5EYPACBEXW6EZ9S0RSYCKQ,2025-05-13T14:46:36.961594-04:00
