id,batchID,batchIDLastChangedAt,duration,durationLastChangedAt,ended,endedLastChangedAt,endedReason,endedReasonLastChangedAt,gameID,gameIDLastChangedAt,index,indexLastChangedAt,initialized,initializedLastChangedAt,name,nameLastChangedAt,offers,offersLastChangedAt,roundID,roundIDLastChangedAt,start,startLastChangedAt,started,startedLastChangedAt,status,statusLastChangedAt,submit,submitLastChangedAt,timerID,timerIDLastChangedAt
01JV5EYPASF4XZGQ15SV7PDYJ4,01JV5EWJ7WGNMWBJDK97R177V5,2025-05-13T14:36:45.7851-04:00,120,2025-05-13T14:36:45.7851-04:00,true,2025-05-13T14:44:36.928262-04:00,,,01JV5EWJ85NYY4Z8M3TVM5AE4Y,2025-05-13T14:36:45.7851-04:00,0,2025-05-13T14:36:45.7851-04:00,true,2025-05-13T14:42:36.921935-04:00,Negotiation,2025-05-13T14:36:45.7851-04:00,,,01JV5EYPACBEXW6EZ9QRXD8CAQ,2025-05-13T14:36:45.7851-04:00,true,2025-05-13T14:42:36.918426-04:00,true,2025-05-13T14:42:36.925125-04:00,,,true,2025-05-13T14:38:36.847124-04:00,01JV5EYPARVPYG6ZPKSKZVRFVW,2025-05-13T14:36:45.7851-04:00
01JV5EYPAVJBMFRGXK3SMPD3PN,01JV5EWJ7WGNMWBJDK97R177V5,2025-05-13T14:36:45.787528-04:00,120,2025-05-13T14:36:45.787528-04:00,true,2025-05-13T14:46:36.951965-04:00,,,01JV5EWJ85NYY4Z8M3TVM5AE4Y,2025-05-13T14:36:45.787528-04:00,0,2025-05-13T14:36:45.787528-04:00,true,2025-05-13T14:44:36.945031-04:00,Negotiation,2025-05-13T14:36:45.787528-04:00,,,01JV5EYPAAEYQY8J64DR6XZ3Y3,2025-05-13T14:36:45.787528-04:00,true,2025-05-13T14:44:36.941571-04:00,true,2025-05-13T14:44:36.948702-04:00,,,true,2025-05-13T14:38:36.847124-04:00,01JV5EYPATQ90CYX9P9B4P15H7,2025-05-13T14:36:45.787528-04:00
01JV5EYPAY5PWJBNRZFZHHAX7K,01JV5EWJ7WGNMWBJDK97R177V5,2025-05-13T14:36:45.790256-04:00,120,2025-05-13T14:36:45.790256-04:00,false,2025-05-13T14:36:45.790256-04:00,,,01JV5EWJ85NYY4Z8M3TVM5AE4Y,2025-05-13T14:36:45.790256-04:00,0,2025-05-13T14:36:45.790256-04:00,true,2025-05-13T14:46:36.968094-04:00,Negotiation,2025-05-13T14:36:45.790256-04:00,,,01JV5EYPACBEXW6EZ9S0RSYCKQ,2025-05-13T14:36:45.790256-04:00,true,2025-05-13T14:46:36.964936-04:00,true,2025-05-13T14:46:36.971346-04:00,,,true,2025-05-13T14:38:36.847124-04:00,01JV5EYPAXXWVMRDZCH77QSB0G,2025-05-13T14:36:45.790256-04:00
01JV5EYPAFTMN8XJHSRSTA9V5Z,01JV5EWJ7WGNMWBJDK97R177V5,2025-05-13T14:36:45.77587-04:00,120,2025-05-13T14:36:45.77587-04:00,true,2025-05-13T14:38:36.844345-04:00,null,2025-05-13T14:38:36.844345-04:00,01JV5EWJ85NYY4Z8M3TVM5AE4Y,2025-05-13T14:36:45.77587-04:00,0,2025-05-13T14:36:45.77587-04:00,true,2025-05-13T14:36:45.852652-04:00,Negotiation,2025-05-13T14:36:45.77587-04:00,"{""Hr"":{""salary"":90000,""bonuses"":15000,""stockOptions"":70000,""vacationDays"":12},""Employee"":{""salary"":90000,""bonuses"":15000,""stockOptions"":70000,""vacationDays"":12}}",2025-05-13T14:38:36.664528-04:00,01JV5EYPAAEYQY8J64CN1TFYST,2025-05-13T14:36:45.77587-04:00,true,2025-05-13T14:36:45.848282-04:00,true,2025-05-13T14:36:45.854857-04:00,null,2025-05-13T14:38:36.844345-04:00,true,2025-05-13T14:38:36.847124-04:00,01JV5EYPAE8W59NQW9CXT4W9KH,2025-05-13T14:36:45.77587-04:00
01JV5EYPAKDWM63Y9GJ6975CHP,01JV5EWJ7WGNMWBJDK97R177V5,2025-05-13T14:36:45.779609-04:00,120,2025-05-13T14:36:45.779609-04:00,true,2025-05-13T14:40:36.872901-04:00,,,01JV5EWJ85NYY4Z8M3TVM5AE4Y,2025-05-13T14:36:45.779609-04:00,0,2025-05-13T14:36:45.779609-04:00,true,2025-05-13T14:38:36.865154-04:00,Negotiation,2025-05-13T14:36:45.779609-04:00,,,01JV5EYPAAEYQY8J64EA9XF9NW,2025-05-13T14:36:45.779609-04:00,true,2025-05-13T14:38:36.86125-04:00,true,2025-05-13T14:38:36.869787-04:00,,,,,01JV5EYPAJY9QA21W9J482AEC5,2025-05-13T14:36:45.779609-04:00
01JV5EYPAPXJT5WCCAQ5KJE5VP,01JV5EWJ7WGNMWBJDK97R177V5,2025-05-13T14:36:45.782464-04:00,120,2025-05-13T14:36:45.782464-04:00,true,2025-05-13T14:42:36.903114-04:00,,,01JV5EWJ85NYY4Z8M3TVM5AE4Y,2025-05-13T14:36:45.782464-04:00,0,2025-05-13T14:36:45.782464-04:00,true,2025-05-13T14:40:36.895251-04:00,Negotiation,2025-05-13T14:36:45.782464-04:00,,,01JV5EYPAAEYQY8J64D5505S6R,2025-05-13T14:36:45.782464-04:00,true,2025-05-13T14:40:36.88884-04:00,true,2025-05-13T14:40:36.899142-04:00,,,true,2025-05-13T14:38:36.847124-04:00,01JV5EYPANFT9F1BJES27MAKXJ,2025-05-13T14:36:45.782464-04:00
