id,batchID,batchIDLastChangedAt,gameID,gameIDLastChangedAt,playerID,playerIDLastChangedAt,roundID,roundIDLastChangedAt,stageID,stageIDLastChangedAt
01JTPTPY1WVRS16JQMXX74G297,01JTPS46A5KC373Y9WX7AYNQ0V,2025-05-07T22:13:37.980185-04:00,01JTPS46AH3QGTXEZJMBD7K1M2,2025-05-07T22:13:37.980185-04:00,01JTPTAYE8VVH8G3C0QNEYK9BB,2025-05-07T22:13:37.980185-04:00,01JTPTFKGE33TPA8WDVZNWQRW7,2025-05-07T22:13:37.980185-04:00,01JTPTFKGYZ96X7F335KA561MC,2025-05-07T22:13:37.980185-04:00
01JTPTTK94X9R8ZPZ2EX5EZNMD,01JTPS46A5KC373Y9WX7AYNQ0V,2025-05-07T22:15:38.02023-04:00,01JTPS46AH3QGTXEZJMBD7K1M2,2025-05-07T22:15:38.02023-04:00,01JTPTAME21ZV62SMB4ZKH2FAJ,2025-05-07T22:15:38.02023-04:00,01JTPTFKGE33TPA8WDWKWA8T97,2025-05-07T22:15:38.02023-04:00,01JTPTFKH2Q9KGH76HD4Q38W1T,2025-05-07T22:15:38.02023-04:00
01JTPTY8GC03P97EC4E8RAJRZ9,01JTPS46A5KC373Y9WX7AYNQ0V,2025-05-07T22:17:38.060131-04:00,01JTPS46AH3QGTXEZJMBD7K1M2,2025-05-07T22:17:38.060131-04:00,01JTPTAYE8VVH8G3C0QNEYK9BB,2025-05-07T22:17:38.060131-04:00,01JTPTFKGHMD3VY1J2HEGN0Z2R,2025-05-07T22:17:38.060131-04:00,01JTPTFKH5E05VTWQ59Y6KS9VX,2025-05-07T22:17:38.060131-04:00
01JTPTFKJXT1A6W8WGTC3YRD2H,01JTPS46A5KC373Y9WX7AYNQ0V,2025-05-07T22:09:37.885965-04:00,01JTPS46AH3QGTXEZJMBD7K1M2,2025-05-07T22:09:37.885965-04:00,01JTPTAYE8VVH8G3C0QNEYK9BB,2025-05-07T22:09:37.885965-04:00,01JTPTFKGD7B5HD1JWERNEJT1T,2025-05-07T22:09:37.885965-04:00,01JTPTFKGPRYB10GJZX5YKRHJ1,2025-05-07T22:09:37.885965-04:00
01JTPTFKJYHCJNYXZPJWHA2E9A,01JTPS46A5KC373Y9WX7AYNQ0V,2025-05-07T22:09:37.886056-04:00,01JTPS46AH3QGTXEZJMBD7K1M2,2025-05-07T22:09:37.886056-04:00,01JTPTAME21ZV62SMB4ZKH2FAJ,2025-05-07T22:09:37.886056-04:00,01JTPTFKGD7B5HD1JWERNEJT1T,2025-05-07T22:09:37.886056-04:00,01JTPTFKGPRYB10GJZX5YKRHJ1,2025-05-07T22:09:37.886056-04:00
01JTPTK8TE8D8GH0GE2YCMY7MK,01JTPS46A5KC373Y9WX7AYNQ0V,2025-05-07T22:11:37.934043-04:00,01JTPS46AH3QGTXEZJMBD7K1M2,2025-05-07T22:11:37.934043-04:00,01JTPTAME21ZV62SMB4ZKH2FAJ,2025-05-07T22:11:37.934043-04:00,01JTPTFKGE33TPA8WDVFEZXG8Q,2025-05-07T22:11:37.934043-04:00,01JTPTFKGV95E9Y86T4W4V75A2,2025-05-07T22:11:37.934043-04:00
01JTPTK8TE8D8GH0GE3C11M6PP,01JTPS46A5KC373Y9WX7AYNQ0V,2025-05-07T22:11:37.934156-04:00,01JTPS46AH3QGTXEZJMBD7K1M2,2025-05-07T22:11:37.934156-04:00,01JTPTAYE8VVH8G3C0QNEYK9BB,2025-05-07T22:11:37.934156-04:00,01JTPTFKGE33TPA8WDVFEZXG8Q,2025-05-07T22:11:37.934156-04:00,01JTPTFKGV95E9Y86T4W4V75A2,2025-05-07T22:11:37.934156-04:00
01JTPTPY1WVRS16JQMY8R4RZK7,01JTPS46A5KC373Y9WX7AYNQ0V,2025-05-07T22:13:37.980315-04:00,01JTPS46AH3QGTXEZJMBD7K1M2,2025-05-07T22:13:37.980315-04:00,01JTPTAME21ZV62SMB4ZKH2FAJ,2025-05-07T22:13:37.980315-04:00,01JTPTFKGE33TPA8WDVZNWQRW7,2025-05-07T22:13:37.980315-04:00,01JTPTFKGYZ96X7F335KA561MC,2025-05-07T22:13:37.980315-04:00
01JTPTTK94X9R8ZPZ2F9BE0ZVG,01JTPS46A5KC373Y9WX7AYNQ0V,2025-05-07T22:15:38.020332-04:00,01JTPS46AH3QGTXEZJMBD7K1M2,2025-05-07T22:15:38.020332-04:00,01JTPTAYE8VVH8G3C0QNEYK9BB,2025-05-07T22:15:38.020332-04:00,01JTPTFKGE33TPA8WDWKWA8T97,2025-05-07T22:15:38.020332-04:00,01JTPTFKH2Q9KGH76HD4Q38W1T,2025-05-07T22:15:38.020332-04:00
01JTPTY8GC03P97EC4DX9MB6E5,01JTPS46A5KC373Y9WX7AYNQ0V,2025-05-07T22:17:38.06003-04:00,01JTPS46AH3QGTXEZJMBD7K1M2,2025-05-07T22:17:38.06003-04:00,01JTPTAME21ZV62SMB4ZKH2FAJ,2025-05-07T22:17:38.06003-04:00,01JTPTFKGHMD3VY1J2HEGN0Z2R,2025-05-07T22:17:38.06003-04:00,01JTPTFKH5E05VTWQ59Y6KS9VX,2025-05-07T22:17:38.06003-04:00
01JTPV1XR0RRTK6ABEC7DE83ME,01JTPS46A5KC373Y9WX7AYNQ0V,2025-05-07T22:19:38.112929-04:00,01JTPS46AH3QGTXEZJMBD7K1M2,2025-05-07T22:19:38.112929-04:00,01JTPTAYE8VVH8G3C0QNEYK9BB,2025-05-07T22:19:38.112929-04:00,01JTPTFKGHMD3VY1J2GBTSDEQ9,2025-05-07T22:19:38.112929-04:00,01JTPTFKH8DBBA6YZNZ5MKP580,2025-05-07T22:19:38.112929-04:00
01JTPV1XR1PK6YDAYMC6VCS8DT,01JTPS46A5KC373Y9WX7AYNQ0V,2025-05-07T22:19:38.113025-04:00,01JTPS46AH3QGTXEZJMBD7K1M2,2025-05-07T22:19:38.113025-04:00,01JTPTAME21ZV62SMB4ZKH2FAJ,2025-05-07T22:19:38.113025-04:00,01JTPTFKGHMD3VY1J2GBTSDEQ9,2025-05-07T22:19:38.113025-04:00,01JTPTFKH8DBBA6YZNZ5MKP580,2025-05-07T22:19:38.113025-04:00
