id,batchID,batchIDLastChangedAt,gameID,gameIDLastChangedAt,playerID,playerIDLastChangedAt,roundID,roundIDLastChangedAt
01JTPTFKJQF09XG9ZFX5C275K5,01JTPS46A5KC373Y9WX7AYNQ0V,2025-05-07T22:09:37.879118-04:00,01JTPS46AH3QGTXEZJMBD7K1M2,2025-05-07T22:09:37.879118-04:00,01JTPTAME21ZV62SMB4ZKH2FAJ,2025-05-07T22:09:37.879118-04:00,01JTPTFKGD7B5HD1JWERNEJT1T,2025-05-07T22:09:37.879118-04:00
01JTPTK8T48C4D4BRRTR54HF1Y,01JTPS46A5KC373Y9WX7AYNQ0V,2025-05-07T22:11:37.924513-04:00,01JTPS46AH3QGTXEZJMBD7K1M2,2025-05-07T22:11:37.924513-04:00,01JTPTAYE8VVH8G3C0QNEYK9BB,2025-05-07T22:11:37.924513-04:00,01JTPTFKGE33TPA8WDVFEZXG8Q,2025-05-07T22:11:37.924513-04:00
01JTPTPY1J7BT7JCYX69DAM8X6,01JTPS46A5KC373Y9WX7AYNQ0V,2025-05-07T22:13:37.970736-04:00,01JTPS46AH3QGTXEZJMBD7K1M2,2025-05-07T22:13:37.970736-04:00,01JTPTAYE8VVH8G3C0QNEYK9BB,2025-05-07T22:13:37.970736-04:00,01JTPTFKGE33TPA8WDVZNWQRW7,2025-05-07T22:13:37.970736-04:00
01JTPTPY1J7BT7JCYX6FVY8AF2,01JTPS46A5KC373Y9WX7AYNQ0V,2025-05-07T22:13:37.970874-04:00,01JTPS46AH3QGTXEZJMBD7K1M2,2025-05-07T22:13:37.970874-04:00,01JTPTAME21ZV62SMB4ZKH2FAJ,2025-05-07T22:13:37.970874-04:00,01JTPTFKGE33TPA8WDVZNWQRW7,2025-05-07T22:13:37.970874-04:00
01JTPTTK8XG8VKJAKHENEWEPQK,01JTPS46A5KC373Y9WX7AYNQ0V,2025-05-07T22:15:38.013128-04:00,01JTPS46AH3QGTXEZJMBD7K1M2,2025-05-07T22:15:38.013128-04:00,01JTPTAME21ZV62SMB4ZKH2FAJ,2025-05-07T22:15:38.013128-04:00,01JTPTFKGE33TPA8WDWKWA8T97,2025-05-07T22:15:38.013128-04:00
01JTPV1XQR08S1CRTJB08T4R22,01JTPS46A5KC373Y9WX7AYNQ0V,2025-05-07T22:19:38.104663-04:00,01JTPS46AH3QGTXEZJMBD7K1M2,2025-05-07T22:19:38.104663-04:00,01JTPTAME21ZV62SMB4ZKH2FAJ,2025-05-07T22:19:38.104663-04:00,01JTPTFKGHMD3VY1J2GBTSDEQ9,2025-05-07T22:19:38.104663-04:00
01JTPTFKJQF09XG9ZFWVSJ28S6,01JTPS46A5KC373Y9WX7AYNQ0V,2025-05-07T22:09:37.879033-04:00,01JTPS46AH3QGTXEZJMBD7K1M2,2025-05-07T22:09:37.879033-04:00,01JTPTAYE8VVH8G3C0QNEYK9BB,2025-05-07T22:09:37.879033-04:00,01JTPTFKGD7B5HD1JWERNEJT1T,2025-05-07T22:09:37.879033-04:00
01JTPTK8T48C4D4BRRTDTGYRGN,01JTPS46A5KC373Y9WX7AYNQ0V,2025-05-07T22:11:37.924402-04:00,01JTPS46AH3QGTXEZJMBD7K1M2,2025-05-07T22:11:37.924402-04:00,01JTPTAME21ZV62SMB4ZKH2FAJ,2025-05-07T22:11:37.924402-04:00,01JTPTFKGE33TPA8WDVFEZXG8Q,2025-05-07T22:11:37.924402-04:00
01JTPTTK8WZJBE4RHQB9E34AXY,01JTPS46A5KC373Y9WX7AYNQ0V,2025-05-07T22:15:38.013009-04:00,01JTPS46AH3QGTXEZJMBD7K1M2,2025-05-07T22:15:38.013009-04:00,01JTPTAYE8VVH8G3C0QNEYK9BB,2025-05-07T22:15:38.013009-04:00,01JTPTFKGE33TPA8WDWKWA8T97,2025-05-07T22:15:38.013009-04:00
01JTPTY8G27DVSBJVXRBPRFR4N,01JTPS46A5KC373Y9WX7AYNQ0V,2025-05-07T22:17:38.050518-04:00,01JTPS46AH3QGTXEZJMBD7K1M2,2025-05-07T22:17:38.050518-04:00,01JTPTAME21ZV62SMB4ZKH2FAJ,2025-05-07T22:17:38.050518-04:00,01JTPTFKGHMD3VY1J2HEGN0Z2R,2025-05-07T22:17:38.050518-04:00
01JTPTY8G27DVSBJVXRMQZY311,01JTPS46A5KC373Y9WX7AYNQ0V,2025-05-07T22:17:38.050703-04:00,01JTPS46AH3QGTXEZJMBD7K1M2,2025-05-07T22:17:38.050703-04:00,01JTPTAYE8VVH8G3C0QNEYK9BB,2025-05-07T22:17:38.050703-04:00,01JTPTFKGHMD3VY1J2HEGN0Z2R,2025-05-07T22:17:38.050703-04:00
01JTPV1XQR08S1CRTJAKY7RYXZ,01JTPS46A5KC373Y9WX7AYNQ0V,2025-05-07T22:19:38.104504-04:00,01JTPS46AH3QGTXEZJMBD7K1M2,2025-05-07T22:19:38.104504-04:00,01JTPTAYE8VVH8G3C0QNEYK9BB,2025-05-07T22:19:38.104504-04:00,01JTPTFKGHMD3VY1J2GBTSDEQ9,2025-05-07T22:19:38.104504-04:00
