id,batchID,batchIDLastChangedAt,gameID,gameIDLastChangedAt,playerID,playerIDLastChangedAt,roundID,roundIDLastChangedAt,stageID,stageIDLastChangedAt
01JVNZ8X85HP02K0G4SNRZQFA6,01JVNZ3CGSATJ9XWNQ9NAGHBVM,2025-05-20T00:29:48.677062-04:00,01JVNZ3CHAPGQ82B92JVMGK4AX,2025-05-20T00:29:48.677062-04:00,01JVNZ51XVEPEBFP1M55VZW7GK,2025-05-20T00:29:48.677062-04:00,01JVNZ57Y42KAQPN377JZN49AF,2025-05-20T00:29:48.677062-04:00,01JVNZ57YGJCZRFFAAWMHXJHHK,2025-05-20T00:29:48.677062-04:00
01JVNZE5X3V35NNGYT7DBSRX4K,01JVNZ3HYVZ51SK1T4JY3ETW60,2025-05-20T00:32:41.379045-04:00,01JVNZ3HZB4AW5ZCPERFP3TTCS,2025-05-20T00:32:41.379045-04:00,01JVNZ6CX771337XCWW1B9TKD9,2025-05-20T00:32:41.379045-04:00,01JVNZ6VCF5RFVSJSATZ4WMPDS,2025-05-20T00:32:41.379045-04:00,01JVNZ6VCVPD62RCNPSJKSQ6YV,2025-05-20T00:32:41.379045-04:00
01JVNZE5X3V35NNGYT7TCW73W5,01JVNZ3HYVZ51SK1T4JY3ETW60,2025-05-20T00:32:41.379171-04:00,01JVNZ3HZB4AW5ZCPERFP3TTCS,2025-05-20T00:32:41.379171-04:00,01JVNZ6P2KNEH4V18GVYS56S5E,2025-05-20T00:32:41.379171-04:00,01JVNZ6VCF5RFVSJSATZ4WMPDS,2025-05-20T00:32:41.379171-04:00,01JVNZ6VCVPD62RCNPSJKSQ6YV,2025-05-20T00:32:41.379171-04:00
01JVNZHV4E1D3Z0A3G3A7R7HC7,01JVNZ3HYVZ51SK1T4JY3ETW60,2025-05-20T00:34:41.422256-04:00,01JVNZ3HZB4AW5ZCPERFP3TTCS,2025-05-20T00:34:41.422256-04:00,01JVNZ6CX771337XCWW1B9TKD9,2025-05-20T00:34:41.422256-04:00,01JVNZ6VCF5RFVSJSAWZ3NYK8R,2025-05-20T00:34:41.422256-04:00,01JVNZ6VCZFK5G4851KCQG2XEV,2025-05-20T00:34:41.422256-04:00
01JVNZNGBSC2KC7CEJ2V48QAFX,01JVNZ3HYVZ51SK1T4JY3ETW60,2025-05-20T00:36:41.465701-04:00,01JVNZ3HZB4AW5ZCPERFP3TTCS,2025-05-20T00:36:41.465701-04:00,01JVNZ6P2KNEH4V18GVYS56S5E,2025-05-20T00:36:41.465701-04:00,01JVNZ6VCF5RFVSJSAW01FRA3C,2025-05-20T00:36:41.465701-04:00,01JVNZ6VD1ZE4XYJQTNYDGWRMG,2025-05-20T00:36:41.465701-04:00
01JVNZQJ5TX7EBDW4KX5CRDSS7,01JVNZ3CGSATJ9XWNQ9NAGHBVM,2025-05-20T00:37:48.858258-04:00,01JVNZ3CHAPGQ82B92JVMGK4AX,2025-05-20T00:37:48.858258-04:00,01JVNZ3XG17A07CTY7X673KPZ7,2025-05-20T00:37:48.858258-04:00,01JVNZ57Y7Y6DSCA97GVY8T5M2,2025-05-20T00:37:48.858258-04:00,01JVNZ57YYK4X7YJX9Y5E2K3XC,2025-05-20T00:37:48.858258-04:00
01JVNZ580Q0J6HHFMVTR4ZZWF0,01JVNZ3CGSATJ9XWNQ9NAGHBVM,2025-05-20T00:27:48.631204-04:00,01JVNZ3CHAPGQ82B92JVMGK4AX,2025-05-20T00:27:48.631204-04:00,01JVNZ51XVEPEBFP1M55VZW7GK,2025-05-20T00:27:48.631204-04:00,01JVNZ57Y351ZHDS5XH088H2JT,2025-05-20T00:27:48.631204-04:00,01JVNZ57YCSCBE9BWS5YAPWRB5,2025-05-20T00:27:48.631204-04:00
01JVNZ8X85HP02K0G4T2RDBT9Q,01JVNZ3CGSATJ9XWNQ9NAGHBVM,2025-05-20T00:29:48.677174-04:00,01JVNZ3CHAPGQ82B92JVMGK4AX,2025-05-20T00:29:48.677174-04:00,01JVNZ3XG17A07CTY7X673KPZ7,2025-05-20T00:29:48.677174-04:00,01JVNZ57Y42KAQPN377JZN49AF,2025-05-20T00:29:48.677174-04:00,01JVNZ57YGJCZRFFAAWMHXJHHK,2025-05-20T00:29:48.677174-04:00
01JVNZCJFH20BDF6R7EC9XM3DQ,01JVNZ3CGSATJ9XWNQ9NAGHBVM,2025-05-20T00:31:48.721037-04:00,01JVNZ3CHAPGQ82B92JVMGK4AX,2025-05-20T00:31:48.721037-04:00,01JVNZ51XVEPEBFP1M55VZW7GK,2025-05-20T00:31:48.721037-04:00,01JVNZ57Y42KAQPN3788FFFEV8,2025-05-20T00:31:48.721037-04:00,01JVNZ57YKYZJA87FA6BV4N3MN,2025-05-20T00:31:48.721037-04:00
01JVNZHV4E1D3Z0A3G3JTSRE0C,01JVNZ3HYVZ51SK1T4JY3ETW60,2025-05-20T00:34:41.422369-04:00,01JVNZ3HZB4AW5ZCPERFP3TTCS,2025-05-20T00:34:41.422369-04:00,01JVNZ6P2KNEH4V18GVYS56S5E,2025-05-20T00:34:41.422369-04:00,01JVNZ6VCF5RFVSJSAWZ3NYK8R,2025-05-20T00:34:41.422369-04:00,01JVNZ6VCZFK5G4851KCQG2XEV,2025-05-20T00:34:41.422369-04:00
01JVNZKWYDH8HNJHKZ5Y98AD60,01JVNZ3CGSATJ9XWNQ9NAGHBVM,2025-05-20T00:35:48.813124-04:00,01JVNZ3CHAPGQ82B92JVMGK4AX,2025-05-20T00:35:48.813124-04:00,01JVNZ51XVEPEBFP1M55VZW7GK,2025-05-20T00:35:48.813124-04:00,01JVNZ57Y6Q1QN6BS5QR2SQAH7,2025-05-20T00:35:48.813124-04:00,01JVNZ57YVFGB16EB2CAC62J6T,2025-05-20T00:35:48.813124-04:00
01JVNZS5K3PWSM81J8ZFT8B9C3,01JVNZ3HYVZ51SK1T4JY3ETW60,2025-05-20T00:38:41.507508-04:00,01JVNZ3HZB4AW5ZCPERFP3TTCS,2025-05-20T00:38:41.507508-04:00,01JVNZ6P2KNEH4V18GVYS56S5E,2025-05-20T00:38:41.507508-04:00,01JVNZ6VCF5RFVSJSAWFPSGAV9,2025-05-20T00:38:41.507508-04:00,01JVNZ6VD4GVB8NCJZBQ0ACBJ7,2025-05-20T00:38:41.507508-04:00
01JVNZ580Q0J6HHFMVTYTMW5F1,01JVNZ3CGSATJ9XWNQ9NAGHBVM,2025-05-20T00:27:48.631288-04:00,01JVNZ3CHAPGQ82B92JVMGK4AX,2025-05-20T00:27:48.631288-04:00,01JVNZ3XG17A07CTY7X673KPZ7,2025-05-20T00:27:48.631288-04:00,01JVNZ57Y351ZHDS5XH088H2JT,2025-05-20T00:27:48.631288-04:00,01JVNZ57YCSCBE9BWS5YAPWRB5,2025-05-20T00:27:48.631288-04:00
01JVNZ6VET8018ZJE20JAVZPCE,01JVNZ3HYVZ51SK1T4JY3ETW60,2025-05-20T00:28:41.306074-04:00,01JVNZ3HZB4AW5ZCPERFP3TTCS,2025-05-20T00:28:41.306074-04:00,01JVNZ6P2KNEH4V18GVYS56S5E,2025-05-20T00:28:41.306074-04:00,01JVNZ6VCDJSWMA1WSNRN9M3FR,2025-05-20T00:28:41.306074-04:00,01JVNZ6VCMZ4Y0QE28G584904Y,2025-05-20T00:28:41.306074-04:00
01JVNZAGP1V8V7R799154Q6DPW,01JVNZ3HYVZ51SK1T4JY3ETW60,2025-05-20T00:30:41.345292-04:00,01JVNZ3HZB4AW5ZCPERFP3TTCS,2025-05-20T00:30:41.345292-04:00,01JVNZ6P2KNEH4V18GVYS56S5E,2025-05-20T00:30:41.345292-04:00,01JVNZ6VCF5RFVSJSAVG58SAVG,2025-05-20T00:30:41.345292-04:00,01JVNZ6VCR4QDVVEZE98KCTKRF,2025-05-20T00:30:41.345292-04:00
01JVNZAGP1V8V7R7991NK8KSZ7,01JVNZ3HYVZ51SK1T4JY3ETW60,2025-05-20T00:30:41.345456-04:00,01JVNZ3HZB4AW5ZCPERFP3TTCS,2025-05-20T00:30:41.345456-04:00,01JVNZ6CX771337XCWW1B9TKD9,2025-05-20T00:30:41.345456-04:00,01JVNZ6VCF5RFVSJSAVG58SAVG,2025-05-20T00:30:41.345456-04:00,01JVNZ6VCR4QDVVEZE98KCTKRF,2025-05-20T00:30:41.345456-04:00
01JVNZG7PY65AXQK1P24MMD5MN,01JVNZ3CGSATJ9XWNQ9NAGHBVM,2025-05-20T00:33:48.766983-04:00,01JVNZ3CHAPGQ82B92JVMGK4AX,2025-05-20T00:33:48.766983-04:00,01JVNZ3XG17A07CTY7X673KPZ7,2025-05-20T00:33:48.766983-04:00,01JVNZ57Y500AABPX3XYWEGJ83,2025-05-20T00:33:48.766983-04:00,01JVNZ57YR2RZ95Z6F7JBZT64J,2025-05-20T00:33:48.766983-04:00
01JVNZQJ5TX7EBDW4KWW54AQJD,01JVNZ3CGSATJ9XWNQ9NAGHBVM,2025-05-20T00:37:48.85814-04:00,01JVNZ3CHAPGQ82B92JVMGK4AX,2025-05-20T00:37:48.85814-04:00,01JVNZ51XVEPEBFP1M55VZW7GK,2025-05-20T00:37:48.85814-04:00,01JVNZ57Y7Y6DSCA97GVY8T5M2,2025-05-20T00:37:48.85814-04:00,01JVNZ57YYK4X7YJX9Y5E2K3XC,2025-05-20T00:37:48.85814-04:00
01JVNZS5K3PWSM81J8ZYJSDPGS,01JVNZ3HYVZ51SK1T4JY3ETW60,2025-05-20T00:38:41.507677-04:00,01JVNZ3HZB4AW5ZCPERFP3TTCS,2025-05-20T00:38:41.507677-04:00,01JVNZ6CX771337XCWW1B9TKD9,2025-05-20T00:38:41.507677-04:00,01JVNZ6VCF5RFVSJSAWFPSGAV9,2025-05-20T00:38:41.507677-04:00,01JVNZ6VD4GVB8NCJZBQ0ACBJ7,2025-05-20T00:38:41.507677-04:00
01JVNZ6VESFWSYYRMMYMHWYEQM,01JVNZ3HYVZ51SK1T4JY3ETW60,2025-05-20T00:28:41.305952-04:00,01JVNZ3HZB4AW5ZCPERFP3TTCS,2025-05-20T00:28:41.305952-04:00,01JVNZ6CX771337XCWW1B9TKD9,2025-05-20T00:28:41.305952-04:00,01JVNZ6VCDJSWMA1WSNRN9M3FR,2025-05-20T00:28:41.305952-04:00,01JVNZ6VCMZ4Y0QE28G584904Y,2025-05-20T00:28:41.305952-04:00
01JVNZCJFGMBPMX0T114YG29SQ,01JVNZ3CGSATJ9XWNQ9NAGHBVM,2025-05-20T00:31:48.720903-04:00,01JVNZ3CHAPGQ82B92JVMGK4AX,2025-05-20T00:31:48.720903-04:00,01JVNZ3XG17A07CTY7X673KPZ7,2025-05-20T00:31:48.720903-04:00,01JVNZ57Y42KAQPN3788FFFEV8,2025-05-20T00:31:48.720903-04:00,01JVNZ57YKYZJA87FA6BV4N3MN,2025-05-20T00:31:48.720903-04:00
01JVNZG7PZVSFWEK0N7T75P9CW,01JVNZ3CGSATJ9XWNQ9NAGHBVM,2025-05-20T00:33:48.767109-04:00,01JVNZ3CHAPGQ82B92JVMGK4AX,2025-05-20T00:33:48.767109-04:00,01JVNZ51XVEPEBFP1M55VZW7GK,2025-05-20T00:33:48.767109-04:00,01JVNZ57Y500AABPX3XYWEGJ83,2025-05-20T00:33:48.767109-04:00,01JVNZ57YR2RZ95Z6F7JBZT64J,2025-05-20T00:33:48.767109-04:00
01JVNZKWYCQA6V6QC2TCV4P54F,01JVNZ3CGSATJ9XWNQ9NAGHBVM,2025-05-20T00:35:48.812998-04:00,01JVNZ3CHAPGQ82B92JVMGK4AX,2025-05-20T00:35:48.812998-04:00,01JVNZ3XG17A07CTY7X673KPZ7,2025-05-20T00:35:48.812998-04:00,01JVNZ57Y6Q1QN6BS5QR2SQAH7,2025-05-20T00:35:48.812998-04:00,01JVNZ57YVFGB16EB2CAC62J6T,2025-05-20T00:35:48.812998-04:00
01JVNZNGBSC2KC7CEJ34W8K1JD,01JVNZ3HYVZ51SK1T4JY3ETW60,2025-05-20T00:36:41.465795-04:00,01JVNZ3HZB4AW5ZCPERFP3TTCS,2025-05-20T00:36:41.465795-04:00,01JVNZ6CX771337XCWW1B9TKD9,2025-05-20T00:36:41.465795-04:00,01JVNZ6VCF5RFVSJSAW01FRA3C,2025-05-20T00:36:41.465795-04:00,01JVNZ6VD1ZE4XYJQTNYDGWRMG,2025-05-20T00:36:41.465795-04:00
