id,batchID,batchIDLastChangedAt,gameID,gameIDLastChangedAt,playerID,playerIDLastChangedAt
01JVNZ57XPNFFQQBFQ6WQWNH6Z,01JVNZ3CGSATJ9XWNQ9NAGHBVM,2025-05-20T00:27:48.534195-04:00,01JVNZ3CHAPGQ82B92JVMGK4AX,2025-05-20T00:27:48.534195-04:00,01JVNZ3XG17A07CTY7X673KPZ7,2025-05-20T00:27:48.534195-04:00
01JVNZ57XPNFFQQBFQ728K9XD0,01JVNZ3CGSATJ9XWNQ9NAGHBVM,2025-05-20T00:27:48.53432-04:00,01JVNZ3CHAPGQ82B92JVMGK4AX,2025-05-20T00:27:48.53432-04:00,01JVNZ51XVEPEBFP1M55VZW7GK,2025-05-20T00:27:48.53432-04:00
01JVNZ6VC2J4TSQWGNBK768QFA,01JVNZ3HYVZ51SK1T4JY3ETW60,2025-05-20T00:28:41.21885-04:00,01JVNZ3HZB4AW5ZCPERFP3TTCS,2025-05-20T00:28:41.21885-04:00,01JVNZ6CX771337XCWW1B9TKD9,2025-05-20T00:28:41.21885-04:00
01JVNZ6VC2J4TSQWGNBV4ECFHC,01JVNZ3HYVZ51SK1T4JY3ETW60,2025-05-20T00:28:41.218963-04:00,01JVNZ3HZB4AW5ZCPERFP3TTCS,2025-05-20T00:28:41.218963-04:00,01JVNZ6P2KNEH4V18GVYS56S5E,2025-05-20T00:28:41.218963-04:00
