id,batchID,batchIDLastChangedAt,gameID,gameIDLastChangedAt,playerID,playerIDLastChangedAt,roundID,roundIDLastChangedAt,stageID,stageIDLastChangedAt
01JV3WCVHNHZ9T33NH0QDTASV9,01JV3VZT2XGCNDZBGQ2JZAERFZ,2025-05-12T23:53:12.501542-04:00,01JV3VZT36P3KH57BEF9Y29YVD,2025-05-12T23:53:12.501542-04:00,01JV3W03DKCV10AG3ZJJ86VSWE,2025-05-12T23:53:12.501542-04:00,01JV3W1VTDV1KVWFDZH91HQMR6,2025-05-12T23:53:12.501542-04:00,01JV3W1VTT25192T8YA2E4Q6NW,2025-05-12T23:53:12.501542-04:00
01JV3WGGRC70FAHV0KGYQ1KGAD,01JV3VZT2XGCNDZBGQ2JZAERFZ,2025-05-12T23:55:12.524735-04:00,01JV3VZT36P3KH57BEF9Y29YVD,2025-05-12T23:55:12.524735-04:00,01JV3W08PVZK4SJG6Q1H6FAMVR,2025-05-12T23:55:12.524735-04:00,01JV3W1VTDV1KVWFDZJ6CVDAD7,2025-05-12T23:55:12.524735-04:00,01JV3W1VTWG5DZBVFN0Q0B192M,2025-05-12T23:55:12.524735-04:00
01JV3WM5Z6TJZ37FNKJADPTXYS,01JV3VZT2XGCNDZBGQ2JZAERFZ,2025-05-12T23:57:12.550292-04:00,01JV3VZT36P3KH57BEF9Y29YVD,2025-05-12T23:57:12.550292-04:00,01JV3W08PVZK4SJG6Q1H6FAMVR,2025-05-12T23:57:12.550292-04:00,01JV3W1VTDV1KVWFDZHREB5A53,2025-05-12T23:57:12.550292-04:00,01JV3W1VTZ922J03NCASNJJ090,2025-05-12T23:57:12.550292-04:00
01JV3WM5Z6TJZ37FNKJKV1TDTR,01JV3VZT2XGCNDZBGQ2JZAERFZ,2025-05-12T23:57:12.550383-04:00,01JV3VZT36P3KH57BEF9Y29YVD,2025-05-12T23:57:12.550383-04:00,01JV3W03DKCV10AG3ZJJ86VSWE,2025-05-12T23:57:12.550383-04:00,01JV3W1VTDV1KVWFDZHREB5A53,2025-05-12T23:57:12.550383-04:00,01JV3W1VTZ922J03NCASNJJ090,2025-05-12T23:57:12.550383-04:00
01JV3W1VWVCA1Y36ASDKQ5XCP9,01JV3VZT2XGCNDZBGQ2JZAERFZ,2025-05-12T23:47:12.411059-04:00,01JV3VZT36P3KH57BEF9Y29YVD,2025-05-12T23:47:12.411059-04:00,01JV3W08PVZK4SJG6Q1H6FAMVR,2025-05-12T23:47:12.411059-04:00,01JV3W1VTCTSR83G4YH4J6GP08,2025-05-12T23:47:12.411059-04:00,01JV3W1VTHSDV2R3HSWK1TZX0C,2025-05-12T23:47:12.411059-04:00
01JV3W5H3K9MRYF76V6D4PQY4C,01JV3VZT2XGCNDZBGQ2JZAERFZ,2025-05-12T23:49:12.43558-04:00,01JV3VZT36P3KH57BEF9Y29YVD,2025-05-12T23:49:12.43558-04:00,01JV3W03DKCV10AG3ZJJ86VSWE,2025-05-12T23:49:12.43558-04:00,01JV3W1VTCTSR83G4YHK7SHD7K,2025-05-12T23:49:12.43558-04:00,01JV3W1VTMDZ3HS7C13F3BRGTG,2025-05-12T23:49:12.43558-04:00
01JV3W96ANYNFEZ3KX07JFTAYS,01JV3VZT2XGCNDZBGQ2JZAERFZ,2025-05-12T23:51:12.4694-04:00,01JV3VZT36P3KH57BEF9Y29YVD,2025-05-12T23:51:12.4694-04:00,01JV3W03DKCV10AG3ZJJ86VSWE,2025-05-12T23:51:12.4694-04:00,01JV3W1VTCTSR83G4YJ389BK7M,2025-05-12T23:51:12.4694-04:00,01JV3W1VTQSK94RBKFVYYGRC1D,2025-05-12T23:51:12.4694-04:00
01JV3WCVHNHZ9T33NH0EK6AX2B,01JV3VZT2XGCNDZBGQ2JZAERFZ,2025-05-12T23:53:12.501448-04:00,01JV3VZT36P3KH57BEF9Y29YVD,2025-05-12T23:53:12.501448-04:00,01JV3W08PVZK4SJG6Q1H6FAMVR,2025-05-12T23:53:12.501448-04:00,01JV3W1VTDV1KVWFDZH91HQMR6,2025-05-12T23:53:12.501448-04:00,01JV3W1VTT25192T8YA2E4Q6NW,2025-05-12T23:53:12.501448-04:00
01JV3W1VWVCA1Y36ASDVTMY512,01JV3VZT2XGCNDZBGQ2JZAERFZ,2025-05-12T23:47:12.411158-04:00,01JV3VZT36P3KH57BEF9Y29YVD,2025-05-12T23:47:12.411158-04:00,01JV3W03DKCV10AG3ZJJ86VSWE,2025-05-12T23:47:12.411158-04:00,01JV3W1VTCTSR83G4YH4J6GP08,2025-05-12T23:47:12.411158-04:00,01JV3W1VTHSDV2R3HSWK1TZX0C,2025-05-12T23:47:12.411158-04:00
01JV3W5H3K9MRYF76V6YTQ6SAQ,01JV3VZT2XGCNDZBGQ2JZAERFZ,2025-05-12T23:49:12.435686-04:00,01JV3VZT36P3KH57BEF9Y29YVD,2025-05-12T23:49:12.435686-04:00,01JV3W08PVZK4SJG6Q1H6FAMVR,2025-05-12T23:49:12.435686-04:00,01JV3W1VTCTSR83G4YHK7SHD7K,2025-05-12T23:49:12.435686-04:00,01JV3W1VTMDZ3HS7C13F3BRGTG,2025-05-12T23:49:12.435686-04:00
01JV3W96ANYNFEZ3KWZWGBMKF3,01JV3VZT2XGCNDZBGQ2JZAERFZ,2025-05-12T23:51:12.469303-04:00,01JV3VZT36P3KH57BEF9Y29YVD,2025-05-12T23:51:12.469303-04:00,01JV3W08PVZK4SJG6Q1H6FAMVR,2025-05-12T23:51:12.469303-04:00,01JV3W1VTCTSR83G4YJ389BK7M,2025-05-12T23:51:12.469303-04:00,01JV3W1VTQSK94RBKFVYYGRC1D,2025-05-12T23:51:12.469303-04:00
01JV3WGGRC70FAHV0KGKCZHPRK,01JV3VZT2XGCNDZBGQ2JZAERFZ,2025-05-12T23:55:12.524631-04:00,01JV3VZT36P3KH57BEF9Y29YVD,2025-05-12T23:55:12.524631-04:00,01JV3W03DKCV10AG3ZJJ86VSWE,2025-05-12T23:55:12.524631-04:00,01JV3W1VTDV1KVWFDZJ6CVDAD7,2025-05-12T23:55:12.524631-04:00,01JV3W1VTWG5DZBVFN0Q0B192M,2025-05-12T23:55:12.524631-04:00
