id,batchID,batchIDLastChangedAt,gameID,gameIDLastChangedAt,playerID,playerIDLastChangedAt,roundID,roundIDLastChangedAt
01JV3W1VWJX278EP8SX17V6V76,01JV3VZT2XGCNDZBGQ2JZAERFZ,2025-05-12T23:47:12.402484-04:00,01JV3VZT36P3KH57BEF9Y29YVD,2025-05-12T23:47:12.402484-04:00,01JV3W08PVZK4SJG6Q1H6FAMVR,2025-05-12T23:47:12.402484-04:00,01JV3W1VTCTSR83G4YH4J6GP08,2025-05-12T23:47:12.402484-04:00
01JV3W96AETAY1Q6CGCPQRCC9Q,01JV3VZT2XGCNDZBGQ2JZAERFZ,2025-05-12T23:51:12.462385-04:00,01JV3VZT36P3KH57BEF9Y29YVD,2025-05-12T23:51:12.462385-04:00,01JV3W03DKCV10AG3ZJJ86VSWE,2025-05-12T23:51:12.462385-04:00,01JV3W1VTCTSR83G4YJ389BK7M,2025-05-12T23:51:12.462385-04:00
01JV3WGGR661RH1RVF436HA27P,01JV3VZT2XGCNDZBGQ2JZAERFZ,2025-05-12T23:55:12.518113-04:00,01JV3VZT36P3KH57BEF9Y29YVD,2025-05-12T23:55:12.518113-04:00,01JV3W03DKCV10AG3ZJJ86VSWE,2025-05-12T23:55:12.518113-04:00,01JV3W1VTDV1KVWFDZJ6CVDAD7,2025-05-12T23:55:12.518113-04:00
01JV3WM5YZ90V6AQWJ3SGCQ0TQ,01JV3VZT2XGCNDZBGQ2JZAERFZ,2025-05-12T23:57:12.543747-04:00,01JV3VZT36P3KH57BEF9Y29YVD,2025-05-12T23:57:12.543747-04:00,01JV3W03DKCV10AG3ZJJ86VSWE,2025-05-12T23:57:12.543747-04:00,01JV3W1VTDV1KVWFDZHREB5A53,2025-05-12T23:57:12.543747-04:00
01JV3W1VWJX278EP8SWRXX5VGN,01JV3VZT2XGCNDZBGQ2JZAERFZ,2025-05-12T23:47:12.402415-04:00,01JV3VZT36P3KH57BEF9Y29YVD,2025-05-12T23:47:12.402415-04:00,01JV3W03DKCV10AG3ZJJ86VSWE,2025-05-12T23:47:12.402415-04:00,01JV3W1VTCTSR83G4YH4J6GP08,2025-05-12T23:47:12.402415-04:00
01JV3W5H3DQ58PZPE4ET1MC7DG,01JV3VZT2XGCNDZBGQ2JZAERFZ,2025-05-12T23:49:12.429339-04:00,01JV3VZT36P3KH57BEF9Y29YVD,2025-05-12T23:49:12.429339-04:00,01JV3W08PVZK4SJG6Q1H6FAMVR,2025-05-12T23:49:12.429339-04:00,01JV3W1VTCTSR83G4YHK7SHD7K,2025-05-12T23:49:12.429339-04:00
01JV3W96AETAY1Q6CGD4Z8AQFH,01JV3VZT2XGCNDZBGQ2JZAERFZ,2025-05-12T23:51:12.46247-04:00,01JV3VZT36P3KH57BEF9Y29YVD,2025-05-12T23:51:12.46247-04:00,01JV3W08PVZK4SJG6Q1H6FAMVR,2025-05-12T23:51:12.46247-04:00,01JV3W1VTCTSR83G4YJ389BK7M,2025-05-12T23:51:12.46247-04:00
01JV3WCVHEAB680GSRFP21KVNW,01JV3VZT2XGCNDZBGQ2JZAERFZ,2025-05-12T23:53:12.494895-04:00,01JV3VZT36P3KH57BEF9Y29YVD,2025-05-12T23:53:12.494895-04:00,01JV3W03DKCV10AG3ZJJ86VSWE,2025-05-12T23:53:12.494895-04:00,01JV3W1VTDV1KVWFDZH91HQMR6,2025-05-12T23:53:12.494895-04:00
01JV3WCVHEAB680GSRFZXP6SVA,01JV3VZT2XGCNDZBGQ2JZAERFZ,2025-05-12T23:53:12.495005-04:00,01JV3VZT36P3KH57BEF9Y29YVD,2025-05-12T23:53:12.495005-04:00,01JV3W08PVZK4SJG6Q1H6FAMVR,2025-05-12T23:53:12.495005-04:00,01JV3W1VTDV1KVWFDZH91HQMR6,2025-05-12T23:53:12.495005-04:00
01JV3WGGR661RH1RVF3KBDYFJZ,01JV3VZT2XGCNDZBGQ2JZAERFZ,2025-05-12T23:55:12.51802-04:00,01JV3VZT36P3KH57BEF9Y29YVD,2025-05-12T23:55:12.51802-04:00,01JV3W08PVZK4SJG6Q1H6FAMVR,2025-05-12T23:55:12.51802-04:00,01JV3W1VTDV1KVWFDZJ6CVDAD7,2025-05-12T23:55:12.51802-04:00
01JV3WM5YZ90V6AQWJ3F4892ES,01JV3VZT2XGCNDZBGQ2JZAERFZ,2025-05-12T23:57:12.543674-04:00,01JV3VZT36P3KH57BEF9Y29YVD,2025-05-12T23:57:12.543674-04:00,01JV3W08PVZK4SJG6Q1H6FAMVR,2025-05-12T23:57:12.543674-04:00,01JV3W1VTDV1KVWFDZHREB5A53,2025-05-12T23:57:12.543674-04:00
01JV3W5H3DQ58PZPE4EN7C4B8P,01JV3VZT2XGCNDZBGQ2JZAERFZ,2025-05-12T23:49:12.429241-04:00,01JV3VZT36P3KH57BEF9Y29YVD,2025-05-12T23:49:12.429241-04:00,01JV3W03DKCV10AG3ZJJ86VSWE,2025-05-12T23:49:12.429241-04:00,01JV3W1VTCTSR83G4YHK7SHD7K,2025-05-12T23:49:12.429241-04:00
