id,batchID,batchIDLastChangedAt,duration,durationLastChangedAt,ended,endedLastChangedAt,gameID,gameIDLastChangedAt,index,indexLastChangedAt,initialized,initializedLastChangedAt,name,nameLastChangedAt,offers,offersLastChangedAt,roundID,roundIDLastChangedAt,start,startLastChangedAt,started,startedLastChangedAt,timerID,timerIDLastChangedAt
01JV3W1VTT25192T8YA2E4Q6NW,01JV3VZT2XGCNDZBGQ2JZAERFZ,2025-05-12T23:47:12.346547-04:00,120,2025-05-12T23:47:12.346547-04:00,true,2025-05-12T23:55:12.509632-04:00,01JV3VZT36P3KH57BEF9Y29YVD,2025-05-12T23:47:12.346547-04:00,0,2025-05-12T23:47:12.346547-04:00,true,2025-05-12T23:53:12.50268-04:00,Negotiation,2025-05-12T23:47:12.346547-04:00,,,01JV3W1VTDV1KVWFDZH91HQMR6,2025-05-12T23:47:12.346547-04:00,true,2025-05-12T23:53:12.49857-04:00,true,2025-05-12T23:53:12.505708-04:00,01JV3W1VTSNPKWCEW7TAZF5MA8,2025-05-12T23:47:12.346547-04:00
01JV3W1VTWG5DZBVFN0Q0B192M,01JV3VZT2XGCNDZBGQ2JZAERFZ,2025-05-12T23:47:12.348895-04:00,120,2025-05-12T23:47:12.348895-04:00,true,2025-05-12T23:57:12.533029-04:00,01JV3VZT36P3KH57BEF9Y29YVD,2025-05-12T23:47:12.348895-04:00,0,2025-05-12T23:47:12.348895-04:00,true,2025-05-12T23:55:12.525698-04:00,Negotiation,2025-05-12T23:47:12.348895-04:00,"{""Hr"":{""salary"":91000,""bonuses"":10000,""stockOptions"":70000,""vacationDays"":12},""Employee"":{""salary"":105000,""bonuses"":15000,""stockOptions"":90000,""vacationDays"":16}}",2025-05-12T23:56:57.5731-04:00,01JV3W1VTDV1KVWFDZJ6CVDAD7,2025-05-12T23:47:12.348895-04:00,true,2025-05-12T23:55:12.521785-04:00,true,2025-05-12T23:55:12.52915-04:00,01JV3W1VTWG5DZBVFN0P4HBKH7,2025-05-12T23:47:12.348895-04:00
01JV3W1VTZ922J03NCASNJJ090,01JV3VZT2XGCNDZBGQ2JZAERFZ,2025-05-12T23:47:12.351272-04:00,120,2025-05-12T23:47:12.351272-04:00,false,2025-05-12T23:47:12.351272-04:00,01JV3VZT36P3KH57BEF9Y29YVD,2025-05-12T23:47:12.351272-04:00,0,2025-05-12T23:47:12.351272-04:00,true,2025-05-12T23:57:12.551507-04:00,Negotiation,2025-05-12T23:47:12.351272-04:00,,,01JV3W1VTDV1KVWFDZHREB5A53,2025-05-12T23:47:12.351272-04:00,true,2025-05-12T23:57:12.547743-04:00,true,2025-05-12T23:57:12.554932-04:00,01JV3W1VTYPS8MVB2435RAM4HV,2025-05-12T23:47:12.351272-04:00
01JV3W1VTHSDV2R3HSWK1TZX0C,01JV3VZT2XGCNDZBGQ2JZAERFZ,2025-05-12T23:47:12.337841-04:00,120,2025-05-12T23:47:12.337841-04:00,true,2025-05-12T23:49:12.418241-04:00,01JV3VZT36P3KH57BEF9Y29YVD,2025-05-12T23:47:12.337841-04:00,0,2025-05-12T23:47:12.337841-04:00,true,2025-05-12T23:47:12.412195-04:00,Negotiation,2025-05-12T23:47:12.337841-04:00,,,01JV3W1VTCTSR83G4YH4J6GP08,2025-05-12T23:47:12.337841-04:00,true,2025-05-12T23:47:12.405986-04:00,true,2025-05-12T23:47:12.414117-04:00,01JV3W1VTG56J077EE0TJZGY22,2025-05-12T23:47:12.337841-04:00
01JV3W1VTMDZ3HS7C13F3BRGTG,01JV3VZT2XGCNDZBGQ2JZAERFZ,2025-05-12T23:47:12.341001-04:00,120,2025-05-12T23:47:12.341001-04:00,true,2025-05-12T23:51:12.453383-04:00,01JV3VZT36P3KH57BEF9Y29YVD,2025-05-12T23:47:12.341001-04:00,0,2025-05-12T23:47:12.341001-04:00,true,2025-05-12T23:49:12.436876-04:00,Negotiation,2025-05-12T23:47:12.341001-04:00,,,01JV3W1VTCTSR83G4YHK7SHD7K,2025-05-12T23:47:12.341001-04:00,true,2025-05-12T23:49:12.43299-04:00,true,2025-05-12T23:49:12.439864-04:00,01JV3W1VTKNDK3H3C5B3XJEH0Y,2025-05-12T23:47:12.341001-04:00
01JV3W1VTQSK94RBKFVYYGRC1D,01JV3VZT2XGCNDZBGQ2JZAERFZ,2025-05-12T23:47:12.343676-04:00,120,2025-05-12T23:47:12.343676-04:00,true,2025-05-12T23:53:12.485327-04:00,01JV3VZT36P3KH57BEF9Y29YVD,2025-05-12T23:47:12.343676-04:00,0,2025-05-12T23:47:12.343676-04:00,true,2025-05-12T23:51:12.470564-04:00,Negotiation,2025-05-12T23:47:12.343676-04:00,,,01JV3W1VTCTSR83G4YJ389BK7M,2025-05-12T23:47:12.343676-04:00,true,2025-05-12T23:51:12.466106-04:00,true,2025-05-12T23:51:12.473865-04:00,01JV3W1VTPRBFE04EQNXSMVDNM,2025-05-12T23:47:12.343676-04:00
